libelle;cip;prix
 AQUATABS CPR B/60 (PURIFIC.EAU;8142194;17800
3HP KIT GEL/2+CP/4 KIT/14;1416801;20665
9-VIT SOL INJ 10ML B/1;8017017;1790
A 313 200000% PDE T/50G;3000147;19245
A 313 50000UI CAPS B/30;3000064;3170
A CIN 500MG CPR PELL B/3;8074624;3475
A PAR AEROSOL 125G FL/200ML;6614074;18210
A-CERUMEN 2ML B/10DOSES GILB.;8637783;2680
AARCOLD 325MG/5MG/5MG/2MG CPR B/100;8476570;6890
AARLEFLOX 500MG CPR B/10;8476618;4135
AARLOFLOX OZ 200MG/500MG CPR B/10;9998;2755
AARTMIN G 80MG/500MG CPR B/30;8476593;6200
ABAISSE LANGUE BOIS AD B/100;2261207;1420
ABAISSE LANGUE BOIS B/100 CPF;6056645;1880
ABAISSE LANGUE STERILE B/100;9065449;3900
ABANTEL 520MG 1X10 BOL HUVEPHARMA;1116529;2620
ABATOUT A-PUCES&FOURMIS SPR 300ML;7054772;9000
ABILIFY 10MG CPR OROD B/28;3692145;32695
ABILIFY 15MG CPR B/28;3640786;33420
ABILIFY 15MG CPR OROD B/28;3692174;27480
ABILIFY 5MG CPR B/28;3640697;34440
ABILIFY MAINT.LP 400MG INJ.PDR+SOL;3001897;225820
ABM ROLLATOR DB0015 2ROUES SIEG;5634083;82470
ABM SURMATELAS AIR A PRESS ALTER;456043;56000
ABM VERTICAL VERTITATIQ AD;6526264;552000
ABUFENE 400MG COMP B/30;3352892;18920
ABUFENE 400MG CPR B/60;6744588;9515
ABZ 200MG/5ML SUSP BUV F/10ML;8050457;705
ABZ 400MG CPR B/1;8059783;855
ABZ 400MG CPR B/3;8438629;2095
AC ALGO'BOOST JNESS 10ML AROMA-ZONE;2016643;2965
AC NET LOT MEDICALE F/125ML;8353442;4365
AC NET SAV MEDIC PAIN/250G;8521460;1310
AC-NET HUILE MEDICALE 100ML;8521477;2365
AC-NET LOT FLORALE F/125ML;8521508;2835
ACAD CONCENT MINC T/200ML;8552130;35410
ACAD CR DERM HYD PX INTOL F/50ML;1255192;15951
ACAD CR NORMALIS.VIS PG P/50ML;8552064;24765
ACAD DERM  ACT LAIT DERMO-NET FL/250ML ;3145078;15710
ACAD DERM ACT CR ANTI-AGE GLOB.50ML;8552199;39790
ACAD DERM ACT CR DERMO-HYD T/50ML;8552331;22755
ACAD DERM ACT CR PEEL RENO NT.50ML;8552213;45635
ACAD DERM ACT EAU DEM.MICEL.250ML;8552236;19365
ACAD DERM ACT FLD DERMO-HYDR T/50ML;8552325;19030
ACAD DERM ACT FLD HYDR HTE PRO 40ML;8552294;23645
ACAD DERM ACT FLUID PURIF T/50ML;8552265;35935
ACAD DERM ACT SERUM HYDR F/30ML;8552182;47375
ACAD LAIT DERMQ HYPO-SENS VIS 250ML;8552087;15220
ACAD LOT TONIQ HYPO-SENS VIS.250ML;8552118;15220
ACAD PHYTO GOMMAGE MARIN VIS T/50ML;8552058;15290
ACAD WHIT DERM ACT LT TONI ECL 250M;8552354;21830
ACAD WHITE DERM ACT FLD HYD ECL50ML;8552360;33370
ACAD WHITE DERM ACT GEL NET ECL150M;8552348;20140
ACAR HOUSSE OREILLER 50X70;7580650;17130
ACARDUST 200 AEROSOL (ACARICIDE);7147901;22620
ACARDUST ACARICID AEROS 400ML;6367233;45970
ACARILBIAL SOL EXT F/200ML;8017371;2865
ACARIZAX 12SQ-HDM LYOPH OR PLQ/30;45343;67070
ACCU CHEK ACTIV B/25 BANDELET;8236363;8195
ACCU CHEK ACTIV B/50 BANDELET;8236400;12895
ACCU CHEK ACTIV LECT.GLYC.KIT;7706039;17770
ACCU CHEK AUTOPIQUEUR SOFTCLIX KIT;8540150;8410
ACCU CHEK FASTCLIX LANCETS B/200;3005707;22100
ACCU CHEK GUIDE BANDEL.B/2X50;3006612;33255
ACCU CHEK INSTANT BDLET B/50;8679741;14330
ACCU CHEK INSTANT LECT GLYC MG/DL KIT;8679735;23895
ACCU CHEK MULTICLIX B/200 LANCET;4442918;18500
ACCU CHEK PERFOMA KIT GLUCOMETRE;9011927;38350
ACCU CHEK PERFORMA B/2X50 BDELET;4702354;32670
ACCU CHEK SAFE-T-PRO B/200 LANCET;8253249;17620
ACCU CHEK SOFTCLIX B/200 LANCET.;7685225;8450
ACCU CHEK SOFTCLIX LANCET/25;8189965;3050
ACCU CHEK SOFTCLIX UNITE B/200 LANC;9056485;55
ACCU-CHEK MOBILE CASS B2X50;64779;30165
ACCULOL 0,5 COLL F/5ML;8003794;3750
ACCUZON 1G INJ B/1(CEFTRIAXONE);8028179;1720
ACEBUTOLOL 200MG CPR B/30 BGR;3530744;4100
ACECAD PLUS 100/500MG CPR B/10;6038262;1260
ACECLAV 1000MG/125MG SUSP ORAL S B/16;8499482;6750
ACECO 100MG CPR PELL B/100(ACECLOF);8452345;11020
ACEFYL SP F/120ML;8026890;1185
ACELODON 100MG CPR PELL B/10;8456484;2245
ACELODON-P 100MG/500MG CPR PELL SEC B/10;8456478;2785
ACENLAND 100MG CPR B/10;8008567;1600
ACENLAND-P 100/500MG CPR B/10;8008573;1915
ACEPAR 100/500MG CPR B/10;8011032;2030
ACEROLA VIT C 500 CP B/14;1650821;5450
ACESON-D 100MG/80MG CPR B/10;8445262;2070
ACESON-P 100MG/500MG CPR B/10;8445279;1790
ACEWEL 100MG CPR B/10 (ACECLOFENAC);8417610;2870
ACFOL 5MG CPR B/25;2031795;2010
ACFRAN CPR B/30;8053214;2755
ACFRAN SP F/200ML;8005480;2740
ACIBAN SUSP BUV 200ML;8471360;1800
ACICLOVIR 250MG PDR INJ B/5 MYL;3466710;9465
ACICLOVIR 800MG CPR B/35 MYLAN;3463887;63990
ACICROF-P 100/500MG CPR PEL B/10;8456277;2345
ACIDAXIL SUSP BUV F/200ML;8451771;1885
ACIDE ACETIQUE 1L CPF;6015971;35650
ACIDE ACETYLSAL UBI 0,5G 100BLIST10;8054001;9640
ACIDE BENZOIQUE B/1KG;7419328;25270
ACIDE BORIQUE PULV B/1KG;7419340;40310
ACIDE FOLIQ 0,4MG CPR B/30 CCD;3584585;3250
ACIDE FOLIQ 5MG CPR/30 (CREAFOL);8086975;1790
ACIDE FOLIQUE  5MG CPR B/100 AFRICURE;8489779;2095
ACIDE FOLIQUE 5MG CPR BT/20 CCD;3576605;1580
ACIDE FOLIQUE TM 5MG CPR B/40;8014183;950
ACIDE FOLIQUE+FER CPR B/30 WINTHROP;8069847;2150
ACIDE FUSIDIQ UBI 2% CR 15G B/12;8429151;17990
ACIDE LACTIQUE 1 L;7267031;50380
ACIDE LACTIQUE FL/250ML;9002354;17830
ACIDE OXALIQUE 1 KG;7419512;14305
ACIDE RETINOIQUE 0,50G;6662357;24860
ACIDE SALICYLIQ PULV 1KG CPF;7419564;40120
ACIDE SALICYLIQUE CRIST COOPER 250G;6662363;11230
ACIDE TARTRIQUE 1KG DUTSCHER;7419630;221730
ACIDE TRANEXAMIQUE AGT 100MG/10;1607091;16530
ACIDE TRICHLORACETIQUE CRIST 250G;90023910;140000
ACIFER 100MG/1,5MG CPR B/30;8484517;1995
ACILIN 40MG IV LYOPHILISAT SOL INJ F/1;8077338;3380
ACILOC 25MG/ML INJ 2ML B/5 IM/IV;8429381;3580
ACLASTA 5MG SOL PERF F/100ML;3658711;168980
ACLAV 100/12,5MG PDR SP F/60ML;8066582;3265
ACLAV 100/12,5MG SP 30ML;1334701;2480
ACLAV 1G/125MG SACH B/12;8066553;5580
ACLAV 1G/125MG SACH B/16;8422781;7815
ACLAV 1G/200MG PDRE SOL INJ F/1;8445670;3170
ACLAV 500/62,5MG SACH B/12;8066547;5540
ACLAV 500/62,5MG SACH B/16;8422798;7195
ACLAV 500MG/50MG PDRE SOL INJ F/1;8445664;1930
ACLIN GEL T/15G (CLINDAM PHOSHA;8091769;3225
ACLODOL-P 100MG/325MG CPR B/10;8751527;1790
ACLOGEL 1,5% GEL T/30G (ACECLOFENAC;8000560;1820
ACLOP 100/500MG CPR B/10;8004552;2235
ACLOP SUSP F/100ML;1244431;1750
ACLOPOL 100/500MG CPR B/20(ACEC/PAR;8085065;1240
ACM AIDA CR REGULATRICE T/40G;6384958;5015
ACM AZEANE 15% CR T/30G;8732932;18895
ACM CICASTIM S GEL SIL F/15ML;6095743;12250
ACM NOVOPHANE CHRONIC LOT F/100ML;8722201;13820
ACM SEBIONEX GEL MATIF SPF50 F/40ML;5443363;13570
ACM SEBIONEX GEL MOUSS PURIF F/200ML;8365586;9590
ACM SEBIONEX HYDRA CR T/40ML;1235651;10810
ACM SEBIONEX K CR KERATO REGUL.T/40ML;8365563;10010
ACM SEBIONEX LOT MICEL.500ML ACM;8175495;10030
ACM SEBIONEX LOTION MICEL T/250ML;1443191;7170
ACM SEBIONEX PAIN DER PUR 100G;6115042;5340
ACM SEBIONEX SPF50+ GEL MAT T/40ML;8365557;14240
ACM SEBIONEX TRIO CR CORRECT.T/40ML;8365540;10020
ACM SENSITELIAL GEL NETT SURG.500ML;1215761;12715
ACM SENSITELIAL PAIN DERMATO SURG 100G;6115041;4195
ACM SENSITELIAL SOIN EMOLL.200ML (FA);9000361;6445
ACM SENSITELIAL SOIN EMOLL.500ML;8518601;13785
ACNET LOTION MEDICALE F/125ML;8142047;4530
ACNETRAIT GE 20MG CAPS B/30;3611483;21170
ACNETRAIT GE 5MG CAPS B/30;3905227;7740
ACOFAN 100MG CPR B/30;8097654;3885
ACONITUM NAPELLUS 30 CH GR;11133;1305
ACONITUM NAPELLUS 7 CH GR;11096;1135
ACRETIN 0,05% CR T/30G;8454284;4200
ACTAEA RACEMOSA 15CH GR;455691;3795
ACTAEA RACEMOSA GR 5CH;13072;5085
ACTAEA RACEMOSA T GR 9CH;138163;5085
ACTAPULGITE 1G PED SACH B/20;3282499;1845
ACTAPULGITE 3G PDR SACH B/30;3000549;4120
ACTI 5 AMP BUV 5ML B/30 (FA);3343597;4305
ACTI 5 ENF SP FL/125ML;3000696;2320
ACTICARBINE CPR ENR B/42;3431278;1890
ACTIF COMSMETIQUE MELANO REGUL;9037714;5520
ACTIF COSMETIQUE VITAMINE C;9037720;7785
ACTIF COSMTIQUE AHA;9026596;7785
ACTIFED ALLERGIE 10MG CP B/7;3802131;7490
ACTIFED DUO LP RHIN ALLERG CP/10;3762070;5785
ACTIFED JR/NUIT CPR B/16;3575327;8470
ACTILOSA GEL B/30;8814831;7935
ACTIMAG SIROP FL/100ML;2031482;4450
ACTINAC 100MG CPR B/10;8094880;2575
ACTINAC 100MG CPR B/30;8018092;5195
ACTINAC LP 200MG CPR B/10;8478037;3855
ACTINAC PLUS 100/500MG CP B/10;8004368;2025
ACTINAC PLUS 100/500MG CP B/20;8018382;4025
ACTINAC PLUS SP 100MG/500MG CPR B/10;8483311;3445
ACTINICA LOT F/80GR;4031345;16140
ACTIPOCH CERVICAL 24X40CM B/1;8352951;12775
ACTIPOCH CHAUD/FROID 10X15CM;4558236;3100
ACTIPOCH CHAUD/FROID 11X27 MM;4558242;3035
ACTIPOCH COUSS TH.DOUL.20X30CM;4558259;10900
ACTIPOCH GENOU 16X25CM B/1;8352974;6565
ACTIPOCH GENOU 20X30CM;2052521;6270
ACTIPOCH PATCH CHAUF.B/2 (9,5X13CM;2052515;4505
ACTIPOTENS CAPS B/10;7465162;25750
ACTISANE TIS CONSTIP SACH BT 20;3327492;3780
ACTISANE TIS DIGESTION SACH BT 20;3328899;3780
ACTISANE TIS MINCEUR  SACH  BT 20;3325211;3780
ACTISANE TIS NERVOSITE SACH BT 20;3332234;3780
ACTISANE TIS SOMMEIL SACH BT 20;3328959;3780
ACTISOUFRE AMP BUV 10ML B/30;3281643;10760
ACTISOUFRE PULV BUC/NAS 100ML;3516715;4960
ACTISPERM GEL LUBR.VAG UNID B/6;8360778;8545
ACTISSON GALETTES SUCREES B/20/15G;6146420;3590
ACTIVILONG ACT BEURRE PILL/100ML;8615913;7750
ACTIVILONG ACTIGLOSS NUTR.KIT SUPER;3327523;6495
ACTIVILONG ACTIREPAIRE CR COIFF 125ML;8616172;8950
ACTIVIR CR 5% FL DOSEUR 2G;3405128;9525
ACTIVIR CREME 5PC T/2G;3457349;5675
ACTIVOX MIEL CITRON PAST B/24;3381675;4795
ACTONEL 35MG CPR B/12;3666685;70460
ACTONEL 35MG CPR B/4;3615771;16000
ACTONEL 5MG CPR B/28;3543623;20820
ACTONEL 75MG CP B/2;3845689;17530
ACTOVZN KIT CP B/4(AZITH+FLUCO+SEC);8053208;3800
ACTOZOL 400MG CPR B/10;8471242;4135
ACTRON COMP EFF B/20;3118340;9150
ACTRON CPR EFF B/30;3221380;14730
ACTYL B9 200MCG CPR B/30;8808109;6965
ACTYL D 5MCG/200UI CPR B/30;8808090;4935
ACUILIX 20/12,5MG CPR SEC B/28;3364079;4170
ACUITEL 20MG COMP B/28;3317223;9550
ACULAR 5% COLLYRE 5ML;3342959;5350
ACUMOL 100/500MG CPR B/20;8097660;4165
ACUPAN 20MG INJ 2ML B/5;8076215;3635
ACURE 20/120MG NN PDR BUV/30ML;8084686;1545
ACURE 20MG/120MG CPR DISP B/6;8456018;1380
ACURE 40/240MG CPR DISP B/6;8456024;1820
ACURE 40/240MG ENF PDR SUSP F/30ML;8084841;2025
ACURE 60/360MG ADO PDR BUV 30ML;8416591;2095
ACURE 60MG/360MG CPR DISP B/6;8456030;2275
ACURE 80MG/480MG CPR B/6;8084663;2095
ACVTIVILONG SH LISSANT F/250ML;8616835;4150
ACYCLOVIR 500MG INJ B/1;1934531;5790
ACYCLOVIR DENK 200MG CPR B/25;8040714;9700
ACYCLOVIR DENK 5% CR T/7GR;8075701;4715
ADALAT LA 30MG CPR B/30;8079679;12395
ADALATE 10MG CAPS B/30;2038886;4110
ADALATE 20MG LP COMP B/30;2038923;8155
ADAPT PATE SYNTH 57G R9300;7776531;13250
ADAPTATEUR TENSIOMETRE (SPENGLER...;96714710;6500
ADEBA BAUM DEMEL CHVX NATUR.177ML;8555186;5135
ADEBA BAUM DEMEL.CHVX DEFRIS.177ML;8555192;5135
ADEBA BAUME HYDR CORP T/150ML;8555200;5135
ADEBA CHEVEUX DEFRISES PACK/1;8572782;13475
ADEBA CHEVEUX NATURELS PACK/1;8572776;13475
ADEBA HUIL ADJOBA VIS/CORP 50ML;8555223;7060
ADEBA HUILE KOSSIA CHVX F/50ML;8555217;7060
ADEBA HUILE SOIN CHVX DEFRISE 118ML;8555269;5135
ADEBA HUILE SOIN CHVX NATUREL 118ML;8555252;5135
ADEBA PACK CARAPA PARF SAV PAIN 200G/3;8782226;7680
ADEBA PACK KARITE PARF SAV PAIN 200G/3;8782261;5845
ADEBA PACK KARITE SANS PARF SAV P/200G/3;8782278;7680
ADEBA PACK PALME PARF SAV PAIN 200G/3;8782249;7680
ADEBA SAV DX EXF HLE CARAPA 150G;9036850;1925
ADEBA SAV DX EXF HLE CARAPA 200G;8597351;2925
ADEBA SAV DX PUR COR HLE PALM 150G;8555157;2925
ADEBA SAV DX PUR HLE PALM SS PARF 200G;8597291;2925
ADEBA SAV EXFOL/PURIF/KARITE;8599054;4545
ADEBA SAV HYDR CORP KARIT.200G;8555140;2925
ADEBA SAV HYDR KARITE SS PARF 150G;8597233;1925
ADEBA SH DEMELANT SAV NOIR 250ML;8555246;8345
ADENURIC 120MG CP PEL B/28;3857250;23940
ADENURIC 80MG CP PEL B/28;3857244;19200
ADENYL COMP 60MG B/30;3347626;7565
ADEPAL CPR DRG PLAQ 1X21;3184064;3850
ADEPAL CPR DRG PLAQ 3X21;3184087;6090
ADERMA CYTELIUM LOT ASSECH.100ML;7309634;9820
ADERMA CYTELIUM SPRAY 100ML;7978542;9590
ADERMA DERMALIBOUR+ BARRIERE T/100M;6022505;8440
ADERMA EPITH.AH CR HYD ULTRA REP 100ML ;4522764;22950
ADERMA EPITH.AH ULT CR REP SPF 50+ 40ML;7700723;21110
ADERMA EPITH.AH ULTR SPF50+ T/100ML;8278769;27985
ADERMA EXOM.CR EMOL.200ML (VIS/CORP;7080479;9490
ADERMA EXOM.CR EMOLIENT 400ML;4724516;12210
ADERMA EXOM.HLE EMOLIENT 500ML;8319089;9585
ADERMA EXOM.LAIT CORP 400ML;7673423;11410
ADERMA GEL MSS.AVOINE 200ML;8504421;3875
ADERMA GEL MSS.AVOINE 250ML;8332753;4955
ADERMA GEL MSS.AVOINE 500ML;8332776;8705
ADERMA PAIN DERMA.AVOINE 100G;8389463;3345
ADERMA PAIN SURGRAS 100GR;2152352;2500
ADERMA PHYS-AC EAU MICEL PURI 200ML;6175806;6435
ADERMA PHYS-AC GEL MOUS PURI 200ML;6180730;5740
ADERMA PHYS-AC GLOB CR SOIN IMP SEV;5123440;7910
ADERMA PHYS-AC HYD CR COMPENS.40ML;5123457;6665
ADERMA SOIN ORIG GEL MOUS T/250ML;5141202;5840
ADERMER EPTHEL AH ULT CR T/100ML;1259;27595
ADIARIL SACH 9,9G UNITE;9002940;310
ADIAZINE 500MG CPR B/20;3001230;3630
ADILPARA SP 50MG/325MG/15MG CP B/10;8497135;1985
ADIONE 10/10 B/10;8451216;2605
ADIONE LP 10MG/10MG CPR B/30;8451222;6270
ADNA BDB ACTIF MENTHE 250ML;8618538;2300
ADNA BDB ACTIF ORANG+MENT.250ML;8618521;2540
ADNA BDB ORANGE+MENTHE 250ML;8618544;2285
ADNA BDB PLAQUE MENTH F/250ML;8618550;2335
ADNA CALCIUM CPR EFF B/10;2475541;4165
ADNA DIABETE GEL B/30;2478016;6660
ADNA DIABETE GEL B/30;8637122;6290
ADNA GROSSESSE FER+AC FOLIC+VIT CP EFFV B/10;8611648;3930
ADRENALINE 0,50MG/ML AMP B/10 RENAU;3643365;11460
ADRENALINE 1MG/1ML B/10 RENAUDIN;5654545;10330
ADRENALINE AGUET 1MG /1ML B/10;3195317;16980
ADRIBLASTINE INJ LYO 10MG 1 FL;3461227;19250
ADRIDE 2MG CPR SEC B/30;8066783;2510
ADRIDE 4MG CPR SEC B/30;8066814;4165
ADRIDE M 2MG/500MG CPR B/30;8066820;6105
ADRIEN G CAL.MAGNES B/200;8169460;19490
ADRIEN G GINKGO BILOBA CAPS B/100;8653954;12580
ADRIEN G LEVURE DE BIERE 500MG GEL B/130;8663160;10365
ADRIEN G.AIL SS ODEUR GELU/100;4021341;6435
ADRIEN G.ARTHRIFLEX CR ANALG.100G;8504361;7545
ADRIEN G.CALC.MAGNES CP B/100;4024380;10900
ADRIEN G.FEMIN.MENO CP/60;4026232;9400
ADRIEN G.FEMINEX CAL 500MG B/ 75+25;8141527;12580
ADRIEN G.GERM BLE GEL B/100;4024345;10170
ADRIEN G.GINK BILOBA GEL B/100;4026580;12490
ADRIEN G.GLUCO.750MG CP B/60;4024523;10580
ADRIEN G.GLUCO/CHOND.900MG CP/120;7344814;25170
ADRIEN G.GLUCOS.500MG CPR B/60;4032729;7180
ADRIEN G.HUIL ONAGRE 1G GEL B/120;4218575;13560
ADRIEN G.MAGNESIUM CPR B/100;4024405;6850
ADRIEN G.MAXI AIL GEL B/200;4024782;15100
ADRIEN G.MAXI AIL GEL B/300;8344012;24730
ADRIEN G.OMEGA3.6.9 CAPS B/80;4033433;22320
ADRIEN G.PROSTAMED CAPS/75;4046884;13625
ADRIEN G.RELAXEN CAPS B/100;8383414;6190
ADRIEN G.SAUGE 220MG GEL B/100;8326072;5780
ADVIL 200MG COMP B/20(IBUPROFENE);3295935;1780
ADVIL 200MG CPR ENR B/30;3323152;11050
ADVIL 400MG CPR B/14;3817115;4915
ADVILCAPS 200MG CAPS B/16;3816297;4800
ADVILCAPS 400MG CAPS B/14;3828662;7490
ADVILMED 20MG/ML SUSP PED.200ML;3364062;3200
ADVILMED 400MG CPR B/20;3295941;2730
AERIUS 5MG CPR B/15;3565576;6185
AERIUS 5MG CPR B/30;5656070;12000
AERIUS 5MG CPR B/7;3565530;3130
AERIUS SP F/60ML+CUIL 5ML;8038048;4160
AERO-OM 105MG/ML EMULS BUV F/25ML;1249320;2110
AERO-OM 42MG CPR A CROQ B/60;1926741;2990
AEROL 100MCG SUSP INH 200 DOSES;8012250;2925
AEROXOL 60/5MG CPR B/20(AMBROX/CETI;8436091;3090
AESCULUS COMPOSE 9CH GR;3145963;1135
AETOXISCLEROL TAMPON 25% 5MG/2ML BT/5;3477553;24050
AFENAC 100MG CPR B/30;8462705;2600
AFENAC PLUS 100MG/375MG CPR B/20;8462711;3510
AFINE 500MG CPR B/20X4;8423349;5635
AFINE C 500/25/200MG AD PDRE SACH B/10;8790266;2440
AFINE SIROP FL/100ML;8452977;1020
AFLACIN COLLYR F/5ML;8003825;1930
AFRICOLI 2MUI F/1L;8036368;9160
AFRICOLI 2MUI FL/100ML;260710;2190
AFRIGENTA 4% S INJ F/100ML;9548998;6760
AFRILUME 80MG/480MG CAPS MOLLE B/6;8495283;2250
AFRILUME 80MG/480MG CPR B/6;8495308;1780
AFRIRELIEF 2/10/5MG/5ML BUV 100ML;8482346;1790
AFRITRIM 40/200MG/5ML SUSP BUV F/100ML;8482352;1440
AFRIZOLE 200MG/5ML BUV F/10ML;8482398;895
AFSC 1G/1G/150MG CP B/4 KIT;8097683;4990
AFTAGEL GEL BUC T/15ML;3637755;2920
AFTER PICK XTRA PIQ INS/MED 20ML;8340238;3600
AGARICUS MUSCARIUS 5CH GRANULES;21077;1260
AGEVIT AIDE-MINC. GEL B/50;7072899;16920
AGIDERM 2% CR T/15G (ACID FUSIDIQ);8001890;2135
AGIDERM 2% PDE T/15G (FUSIDATE NA);8001878;1900
AGIFENE 2% SUSP BUV F/150ML;8443435;2065
AGIFENE 5% GEL T/50GR (IBUPROFENE);8424308;2220
AGIFLO 200MG CPR B/100;8198409;15350
AGILIS 100/500MG CPR B/20;1304498;3100
AGIOLAX GRANULES 100G;3365564;9500
AGRAFES EXTENS PANSEMENT P/20;7028763;7175
AGYRAX 25MG CPR B/15;3348838;4620
AIG HUBER 19G  25MM BT/20;6389087;218125
AIG HUBER 19G 12MM BT/20;6412109;218125
AIG HUBER 19G 15MM BT/20;6389000;218125
AIG HUBER 19G 20MM BT/20;6389085;218125
AIG HUBER 20G 12MM BT/20;6419460;218125
AIG HUBER 22G  12MM BT/20;6419464;218125
AIG HUBER 22G 15MM BT/20;6389113;218125
AIG HUBSIT;9024433;7550
AIG INSU 5MM 31G B/100 SMART;1529891;12800
AIG INSU 6MM 31G B/100 SMART;1529901;12800
AIG INSU 8MM 31G B/100 SMART;1529911;12800
AIG KRUUSE LL 1,0X10MM P/12 UNIT;126037;210
AIG KRUUSE LL 1,6X13MM P/12 UNIT;120744;210
AIG MESO 4MM 4/10 27G P/100 RR LUER;6431184;28520
AIG MESO 4MM 4/10 27G UNITE RR LUER;6431190;290
AIG UU 18G 40 12/10 UNIT B/100 ROSE;8200431;85
AIG UU 19G 40X11/10 UNIT CREM;8260143;30
AIG UU 21G UU B/100 UNIT VERT;9003603;80
AIG UU 23G 25 6/10 UNIT B/100 BLEU;8200388;80
AIG UU 25G 16 5/10 UNIT B/100 ORANG;8200365;80
AIG UU 26G MICROLANCE;6610633;110
AIG.HYPOD.ACIER 40X7/10  UNITE;9003750;310
AIG.HYPOD.ACIER 40X8/10  UNITE;9003626;310
AIG.HYPOD.G20 4MM B/100 UNITE;9024657;70
AIG.PL UU 27G POINTE CRAYON;7587936;4550
AIG.PL-RACHIANEST.18G - 88MM;9031723;2915
AIG.PL-RACHIANEST.19G - 88MM;9031456;2300
AIG.PL-RACHIANEST.20G - 88MM;9031717;2300
AIG.PL-RACHIANEST.22G - 88MM;9031143;2300
AIG.PL-RACHIANEST.27G-88MM;9028253;2915
AIGUIL PRECIX PR STYL INSU G30 8MM B/100;8724401;18175
AIGUILLE 15-10(16GX3/8);9029519;650
AIGUILLE 16G;9042833;2515
AIGUILLE 18G;5151034;2515
"AIGUILLES 16-30 (17GX1""1/4)";90370010;285
AIGUILLES 35/15 TS502 16G;9003649;355
AIRLIX 10MG CPR B/15 (CETIRIZINE);8422195;2235
AIRLIX 5MG/5ML SOL BUV 60ML;8422189;1615
AIRTAL 100MG CPR B/10;2023867;3625
AIRTAL 100MG CPR B/40;2023873;12675
AITHNIK KIDS 1ER DEO FILLE F/50ML;1257929;6000
AITHNIK KIDS DEO VAPORISATION SPR F/100ML;1257950;5000
AITHNIK KIDS MON 1ER DEO GARCON F/50ML;1257936;6000
AITHNIK KIDS MON SAV DEO FILLE/GARCON 90G;1257943;3500
AKARYD 10MG CPR B/20;8069511;3805
AKEROL 2,5MG/5ML SP F/60ML;8424018;3475
AKEROL 5MG CPR B/20 (DESLORATADINE);8424001;4505
AKILEINE BAUME HYD DEF 125ML;3323030;6375
AKILEINE CICALEINE PIED-MAIN T/50ML;8731619;9325
AKILEINE CR ANT-TRANSP IONISE 50ML;90077210;7635
AKINETON LP 4MG CPR B/30;3149889;6405
ALBACT 200MG CPR B/10 (OFLOXACINE);8011960;2800
ALBELA 400MG CPR CROQ B/50;8452606;20665
ALBELA 400MG SUSP BUV F/10ML;8471673;895
ALBEN 4% SUSP 10ML FL/1;2024424;1615
ALBEN 400MG CPR B/1 SD;8015099;1475
ALBENDAZOLE 400 B/1 AFRICURE;8483713;285
ALBENDAZOLE SP 400MG CPR B/1;8060579;1035
ALBENDAZOLE TM 400MG CPR B/1;8014237;450
ALBENDOL 400MG COMP B/1;2265257;845
ALBENTOX 400MG BUV F/15ML;8017721;825
ALBENTOX 400MG CPR B/3;8025330;1475
ALBENVET 300MG;9025444;5680
ALBENVET 600MG;1003426;7100
ALBENZ 400MG CPR B/1;8426135;895
ALBETAP 400MG CPR B/1 (ALBENDAZOLE);8415982;980
ALBETAP 400MG SUSP BUV F/10ML;8415976;980
ALBIZOL 0,4G SUSP BUV F/10ML;8419046;1065
ALBIZOL 400MG CPR B/1;8419023;1065
ALBUNORM 20% PERF.50ML(ALBUMINE HUM;62604;99000
ALBUNORM 20% SOL PERF.100ML;5750875;90745
ALBUSTIX BDELETTE B/50;6157062;23420
ALCASTERIL 125 FL/125ML;2473663;3675
ALCASTERIL 250 FL/250ML;2473664;4650
ALCER 40MG CPR B/30 (PANTOPRAZOL);8083787;6310
ALCER D 40/30MG GEL B/10;8434459;3445
ALCOF-C SP F/100ML;8018324;2590
ALCOOL 60 CPF 125ML BLEU;7365667;1305
ALCOOL 60° COPACI BIDON  20L;8627796;37700
ALCOOL 60° FL/ 125CC;1175;915
ALCOOL 60° FL/1L;1206;5055
ALCOOL 60° FL/250 ML;9000065;1630
ALCOOL 60° SPRAY 125ML COPACI;5847770;820
ALCOOL 60° SPRAY 250ML COPACI;3271278;1475
ALCOOL 70 F/250 ML;6235170;1675
ALCOOL 70° 1 L;9001685;5240
ALCOOL 70° 125CC;9001716;930
ALCOOL 70° CPF 125ML BLEU;4637378;1230
ALCOOL 70° SPRAY 120ML COPACI;8690754;820
ALCOOL 70° SPRAY 250ML COPACI;8690760;1475
ALCOOL 70°ETHYL  F/125ML;9036330;1090
ALCOOL 90° FL/125CC;1100;980
ALCOOL 90° FL/1L;11310;5585
ALCOOL 90° FL/1L COPACI;8565322;4500
ALCOOL 90° FL/250CC;1117;1760
ALCOOL 90° FL/500 CC;1123;3125
ALCOOL 90° MODIF F/1L DERMOP;4468668;5265
ALCOOL 90° SPRAY 125ML COPACI;1300111;900
ALCOOL 90° SPRAY 250ML COPACI;1300131;1635
ALCOOL BORIQU. CPT. GTT.F/ 30CC;1287;1290
ALCOOL ETHYLIQ 2L;2275965;4270
ALCOOL ETHYLIQ 96° F/25L;8201293;65625
ALCOOL ETHYLIQUE 90 CPF 125ML;7365644;1380
ALCOOL GLYCERINE FL/ 125CC;1465;1550
ALCOOL IODE 125CC VALD;8201241;1660
ALCOOL IODE FL/ 1 L;14210;6885
ALCOOL IODE FL/ 125CC;1399;1135
ALCOOL IODE FL/ 250CC;1407;2085
ALCOOL IODE FL/60CC;1376;855
ALCOOL IODE SALIC. 1% F/125CC;5380;1235
ALCOOL MODIFIE 90° PHARMA FL/1L;8288408;4450
ALCOOL+ 90° BID/20L COPACI;8627804;51650
ALCOOLAT DE LAVANDE 1 LITRE;10410610;10600
ALDACTAZINE 25MG/15MG CPR B/30;3512551;3475
ALDACTAZINE 25MG/15MG CPR SEC B/90;2334840;12895
ALDACTAZINE CPR B/20;3002152;4600
ALDACTAZINE CPR SEC.B/30;3512551;4560
ALDACTONE 25MG CPR B/30;3446630;5640
ALDACTONE 25MG CPR B/90;3729598;14700
ALDACTONE 50MG CPR B/20;3272503;5320
ALDACTONE 50MG CPR B/30;3512539;12615
ALDACTONE 50MG CPR B/90;3723354;11880
ALDACTONE 75MG CPR B/20;3260799;7980
ALDACTONE 75MG CPR B/30;3512545;16270
ALDACTONE 75MG CPR B/90;37296069;12010
ALDARA CREME 5% SACHET B/12;3492044;67410
ALDE-12  75MG CPR B/30;4105;6200
ALDEPRAZ 40MG CPR B/30;5953072;3800
ALDEZOLE 200MG/5ML SUSP 10ML;5980404;1045
ALDEZOLE 400MG CPR B/1;8476512;385
ALDOMET 250MG COMP B/30;3002198;2590
ALDOMET 500MG COMP B/30;3173801;4605
ALEMONT 5/10MG CPR B/10(MONTEL/LEVO;8416326;1045
ALEPSAL 100MG COMP B/30;3289610;2630
ALEPSAL 50MG COMP B/30;3002229;1575
ALER-Z 10MG CPR PEL B/14 ;8423160;3145
ALER-Z 10MG CPR PEL B/28;8423177;5965
ALERBIX 10MG CPR ORODISP B/20;1241782;4615
ALERBIX 2,5MG/ML SOL BUV F/120ML;8746472;6650
ALERBIX 20MG CPR B/10;8825409;4300
ALERBIX 20MG CPR B/20;1241997;7300
ALERCHEK 0,1% COLL F/5ML;8050486;4300
ALERDAN 0,5MG/ML SIROP F/100ML;8473459;2385
ALERDAN 5MG CPR PELL B/30;8473442;7095
ALERGOSONE SOL BUV FL/30ML;2265292;3060
ALERID 10MG CPR B/10 (CETIRIZINE CH;8426856;2095
ALERID 1MG/ML SP F/30ML WA;8426879;2235
ALESE AUCHAN 60X90CM X20;9027897;17620
ALESES NATUREPAD 60X90CM B/20;6813684;10740
ALEVO 500MG CPR B/5 (LEVOFLOXACINE);8018904;3610
ALEZE CAOUTCHOUC 100X180CM;9009770;58525
ALFA GH SR 10MG CPR B/30;8471928;15155
ALFACURE 20MG/120MG CRP DISP B/6;8419069;745
ALFACURE 40/240MG CPR B/6;8419075;1545
ALFACURE 80/480MG CPR B/6;8419081;2510
ALFAMOX 1G PDR BUV SACH B/14;8025471;3750
ALFAMOX 250MG/5ML PDR SUSP/100ML;8025494;1960
ALFAMOX 500MG PDR BUV SACH/14;8025488;2645
ALFATIL 125MG PDRE SP FL/60ML;3233242;2580
ALFATIL 250MG PDRE SP FL/60ML;3245624;4080
ALFATIL LP 500MG COMP B/8;3357599;7935
ALFER 100MG CPR B/30;8093030;2755
ALFER SUSP 200ML(FER+AC.FOL+B12+ZN);8419098;2755
ALFOSA  70MG CPR B/4;1434431;5180
ALFOSA 35MG CPR B/4;1434421;4460
ALFUZOSINE CPR LP 10MG B/30 ZENTIVA;3511103;12730
ALFUZOSINE LP 10MG CP B/30 MYLAN/ VIATRIS;3704523;12185
ALFUZOSINE LP 10MG CPR B/30 BIOG;3732100;13030
ALFUZOSINE LP 10MG CPR B/30 EG;3704546;13455
ALFUZOSINE VIA LP 10MG CPR B/30;452305;6190
ALGESAL BAUME TB/40G(CREME);2034687;2935
ALGESAL SURACTIVE BAUME T/40G;3415977;2960
ALGESIC 1000MG CPR SEC B/8;8060131;825
ALGESIC 500MG CPR SEC B/20;8060065;455
ALGESIC EXTRA 500/65MG CP/16;8060154;1100
ALGIBEL PATCH SPARAD 11CMX17CM B/10;8435619;3635
ALGISEDAL 500MG COMP B/16;3331909;1890
ALGIXENE 500MG SUPP B/12;14510;2620
ALGIZOLE 500MG CPR B/20;1926991;1930
ALGOFENE 20MG/ML F/150ML;1334791;1930
ALGOSTERIL COMPRESS STER 10X10 B/16;7799957;54970
ALGOTROPYL ENF SUPPO B/10;3458366;1970
ALIBI PAST SUCER B/18 (ASSAIN.HALEI;3401113;2310
ALIBI POCKET PAST SUCER B/12;1228481;2450
ALIBI SPRAY HALEINE 15ML;9540778;3625
ALIPURO CAPS B/50;7136843;10360
ALIROSA GEL B/30 (AIL+PALMAROSE);8218098;3670
ALISERYL B/1KG;10949;15340
ALKASELTZER COMP EFF B/20;3292687;9160
ALKERAN 2MG CPR BT/50;3607599;167505
ALLCOLD 500/5/2/16MG CPR B/20;8438888;2755
ALLCOLD SP F/100ML;8178140;1240
ALLERCET 10MG COMP B/10;2264080;1710
ALLERCET 5MG/5ML SP F/100ML;2291042;3075
ALLERCROM 2% COLLYR F/5ML;8065252;2590
ALLERGIFLASH 0,05% CY UNID.B/10;3469163;6365
ALLERGINE 10MG CPR B/15;2265300;4340
ALLERGODIL CY F/6ML;3476720;3750
ALLERGODIL SPRAY NAS / 17ML;3383059;8260
ALLERGODIL SPRAY NASAL/ 10ML;3360673;5400
ALLERGOSTOP 5MG CPR B/10;8082084;2510
ALLERGOVET 10% 50ML UEMOA HUVEPHARMA;1116530;1680
ALLERGUS 0.5MG/ML SP F/150ML;8060125;4850
ALLERGUS 5MG CPR PEL B/15(DESLORAT;8023957;3185
ALLERGYL 25MG CPR B/100;8021763;3445
ALLERGYL SIROP FL/60ML;2291059;665
ALLERTIN 10MG CPR B/10 (CETIRIZINE);8018152;1695
ALLESTENE 0,05%GTTE S B F/30ML;8475441;2615
ALLESTENE 2MG CPR DISP B/20;8475458;2615
ALLESTENE 4 MG SOL INJ/B3;8475381;3100
ALLIANCE C24/7 NATURA-C.CAPS/30;95888010;20850
ALLIANCE CHOLEDUZ OMEGA SUPREME/30;3220860;16680
ALLIANCE COMPLETE PHYTO-EN.CAPS/30;3200389;21000
ALLIANCE LIVEN COFF CAPPUCCI/20;7575212;10430
ALLIANCE LIVEN COFF LATTE B/20;3322164;10430
ALLIANCE LIVEN COFFEE ORIGI. /20;7215927;10430
ALLIANCE LIVEN COFFEE SUGAR FREE/20;3381126;13900
ALLIANCE LIVEN COFFEE SUR.FRE UNITE;555494;700
ALLIANCE MY CHOCO SACHET/20;7216039;10980
ALLIANCE MY CHOCO UNITE;555525;550
ALLIANCE RESTOR LYF CAPS B/30;6326926;28000
ALLIUM CEPA 4 CH GR;32052;1260
ALLNAT 60MG IV PDRE S INJ F/1+SOLV;8440069;1655
ALLONATURE COF RASAGE HOM;8513182;33305
ALLONATURE EPIL OUBLI LAIT VIS/CORPS F/125ML;8513213;24755
ALLOPURINOL 100MG CPR B/28 BIOGARAN;3623977;1110
ALLOPURINOL 200MG CPR B/28 MYLAN;3454397;1680
ALLOPURINOL 300MG CPR B/28 MYLAN;3454405;2060
ALLOPURINOL GH 100MG CPR B/30;9013984;1380
ALLOPURINOL GH 300MG CPR B/30;9013197;2615
ALM 20MG/120MG PDRE SUSP BUV F;8436895;2520
ALM DS 80/480MG CPR B/6;8431797;2165
ALMA 1ER AGE B/500G;6373392;2225
ALMAGAZ SUSP BUV SACH B/20;1245599;4960
ALMAX 1G/7,5ML SUSP BUV F225ML;8007697;3070
ALMAX FORTE 1,5G BUV SACH B/30;8007680;4410
ALMIDE 0,1% CY B/20 UNIDOSES;3400183;3100
ALODONT SOL BAIN BCHE F/200ML;3163903;6080
ALODONT SOL BDB F/500ML+GOBELET;3458538;12010
ALOFACT 100/500MG CPR B/20;8005592;4165
ALOSTIL JOHNSON 5% SOL F/3X60ML;3398730;71070
ALOSTIL SOL 2% APP LOC 60ML B/3;3308744;34180
ALOX CPR B/40;8084143;2065
ALOX SUSP BUV F/200ML;8405268;1720
ALOZOL 400MG CPR B/100 (ALBENDAZOL);8465394;29990
ALP;1343871;16560
ALPHA KM CR ANTI AGE PG T/40ML;7648744;12115
ALPHA KM CR CORPS A.AGE 200ML;7382447;22260
ALPHA KM CR VISAGE 30ML;7356355;16260
ALPHA TIK NET PLUS 100ML;90131010;3550
ALPHACID CR CONTOUR YX 15ML;7090041;13580
ALPHACYPERMETHRIN 1L;8552147;9970
ALPHAGAN 0,2% CY F/5ML;3454730;7760
ALPHANE LOT PX GRASSES FL/125ML;6453642;8925
ALPHANE SAVON DERMAT PX GR 125ML;6631776;4885
ALPHANE SAVON PX GR T/50ML;6453665;3325
ALPHAREGUL HOMME CAPS ANTI-CHUTE/6;3401550;25970
ALPHAVIT SIROP FL/120ML;2274747;3030
ALPHOZIN LP 10MG CPR B/30;8732211;11490
ALPRAZ 0.5MG CP B/28;8027234;2480
ALPRAZ 1MG CPR B/14;8027240;2510
ALPRAZOLAM 0,25MG CPR B/30 MYLAN;3483766;2645
ALPRAZOLAM 0,25MG CPR SEC B/30 ARROW;271278;2835
ALPRAZOLAM 0,50MG CPR B/30 MYL;4832529;3180
ALPRAZOLAM 0,50MG CPR SEC B/30 BGR;3642905;1655
ALPRESS LP 5MG CPR B/30;3311723;19890
ALPS E-TAB BOOST CPR EFFV B/20;20252;7300
ALPS E-TAB ENERGY CPR EFFV B/20;20276;5165
ALPS E-TAB IMMUNITY CPR EFFV B/20;20245;5165
ALPS E-TAB STRENGTH CPR EFFV B/20;20269;4685
ALRAT 0,5MG/ML SP 60ML (DESLORAT);8437937;2580
ALRAT 5MG CPR PELL B/15;8437943;2870
ALTEIS 20MG CPR BT 30;3720700;21180
ALTEIS 40MG CPR BT 30;3720746;18870
ALTIM 3,75MG INJ SER 1,5ML (NSFPL);3135798;5865
ALTRAFLAM 100MG CPR B/10 (ACECLOFEN;8086449;2300
ALTRIM 480MG SUSP BUV 100ML;8022455;1915
ALTRIM FORTE 960MG CPR B/9;8013686;1835
ALUKON 4MG GRANULE SACH/14;8485706;3720
ALUPENT AEROSOL FL/15ML;3003281;3415
ALUPHO 10,4G GEL S/16G B/20;3020872;4065
ALVEDIT GOLD 750/100/1,5/2/7,5MG GEL/30;8748666;5510
ALVIR 200MG CPR DISP B/30;2278426;8570
ALVIR 5% CR T/5G;2278403;4385
ALVITYL APPETIT SOL BUV F/100ML;8391477;4545
ALVITYL CHONDROFLEX B/60;6941972;15150
ALVITYL DEFENSE SP F/240ML;4208157;15670
ALVITYL DEFENSES CPR B/30;9662748;19350
ALVITYL DEFENSES SP F/150ML;8636105;7025
ALVITYL MAG VIT B6 CPR B/45;5953516;2650
ALVITYL MAGN VIT B6 CAPS B/45;8650281;3280
ALVITYL PALUVIT FIOLE 10ML B/6;8339838;5510
ALVITYL SP FL/150ML;4493471;5575
ALVITYL VITAL.CPR B/40;4555344;5560
ALVITYL VITAL.CPR EFF B/30;8333132;6675
ALVITYL VITAL.CPR EFF T/10;8561382;3640
ALVITYL VITAL.TONUS CP EF B/20;8309553;5825
ALVIYL  MELA SOMMEIL G B/30;540;13240
ALWAYS COT SOFT MAXI SACH/7;1739991;1260
ALWAYS MAXI DUO S/16;1413971;1940
ALWAYS MAXI NORMAL P/8;8311337;1140
ALWAYS MAXI SER HYG LONG COT SOFT/8;8609574;820
ALWAYS MAXI SERV HYG LONG DUO P/14;8609580;1770
ALWAYS MAXI SUPER EXTRA LONG P/7;8504243;1110
ALWAYS MAXI SUPER P/7;8311343;580
ALWAYS PLATNUM EXTR LONG S/12;1614301;2110
ALWAYS ULTRA EXTRA  LONG SACH/7;8155647;1310
ALWAYS ULTRA LONG SACH/14;1720982;2055
ALWAYS ULTRA LONG SACH/16;9045346;2000
ALWAYS ULTRA NORMAL P/8;8283782;1000
ALWAYS ULTRA SUPER P/7;8283799;1000
ALZEN 400MG/1ML SUSP BUV F/10ML;1242499;900
ALZOLE 20MG GEL B/14 (OMEPRAZOLE);8424751;2995
AMADAY 10MG CPR B/30;2291088;7815
AMADAY 10MG CPR B/60;8467358;8610
AMADAY 5MG CPR B/30;2291094;4990
AMADAY 5MG CPR B/60;8467341;6890
AMADAY IP 10MG/1,5MG CPR B/30;8498293;7575
AMADAY IP 5MG/1,5MG CPR B/30;8498287;6570
AMADAY PL 10/4MG CPR B/30;8429062;9675
AMADAY PL 10/8MG CPR B/30;8429056;10015
AMADAY PL 5/4MG CPR B/30;8429085;8640
AMADAY PL 5/8MG CPR B/30;8429079;9330
AMADAY TRIO 10MG/2,5MG/8MG CPR B/30;8480181;13775
AMADAY TRIO 5MG/1,25MG/4MG CPR B/30;8480175;10330
AMAPINE 10MG CPR B/30 (AMLODIPINE B;8084858;6355
AMAPINE 5MG CPR B/30;8084640;4715
AMAPINE-L 5MG/5MG CPR B/30;8452552;6295
AMAREL 1MG CPR B/30;3421021;4245
AMAREL 2MG CPR B/30;3421038;5720
AMAREL 3MG CPR B/30;3421044;7470
AMAREL 4MG CPR B/30;3421050;13390
AMARYL M 2MG/500MG CPR B/30;8097482;6585
AMARYL M SR 2/500MG CPR B/30;8011724;6835
AMARYS ANTI-CHUTE PDE CAPIL T/100ML;8340149;2765
AMARYS CR PURIF HYDR VIS 40ML;8201560;2570
AMARYS CROIS CHEV PDE CAPIL 100ML;8340132;2880
AMARYS LAIT BB CALENDULA 250ML;8201608;4985
AMARYS LAIT COPR SOJA 250ML;7260448;4780
AMARYS LAIT CORP HAD CL.400ML;7798099;5225
AMARYS LAIT CORP HAMANDE DCE F/250ML;7121422;3950
AMARYS LAIT CORP JOJ.AV. F/400ML;7798113;5510
AMARYS LAIT CORP P.SOJA 400ML;7798107;5920
AMARYS LOT VIS PUR HYD 100ML;9814916;2580
AMARYS PDE A-CHUT CHVX 100ML;9889564;2700
AMATRIX 850MG CPR B/30;8450010;2480
AMATRIX LP 1000MG CPR B/30;8450004;2905
AMATRIX PLUS 500/5MG CPR B/30;8449998;4490
AMBLOSIN 500MG COMP B/12;2017387;2880
AMBROLITE 30MG/2MG/5ML SP F/100ML;8098317;1820
AMBROX DENK 60MG CP B/20;8004486;4270
AMBU ADULT;3260026;65000
AMCAN 10MG CPR PELL B/30;8474275;5000
AMCAN 5MG CPR PELL B/30;8472750;2960
AMCARD 10MG COMP B/28;2291119;8325
AMCARD 5MG COMP B/28;8050084;4120
AMCLASE 1000MG/125MG CPR B/10;8476937;5235
AMDOCYL 697MG/G 1KG;8552408;55540
AMECIDE 500MG CPR B/20(METRONIDAZOL;8098369;1530
AMEP 10MG CPR B/14;8081587;4260
AMEP 10MG CPR B/28;8096838;7700
AMEP 5MG CPR B/14;8081593;2715
AMEP 5MG CPR B/28;8096809;4685
AMETHER DENK 40MG SUPPOCAPS B/6;2299871;2630
AMFOCIN 1G/125MG PDR BUV S/12;8427471;6325
AMFOCIN 1G/200MG PDRE SOL INJ F/1;8469653;2065
AMFOCIN 500/ 62,5 MG SUP ORA F/30ML;8474849;2410
AMFOCIN 500/62,5 MG PDRE SUSP F/60ML;8474855;3445
AMFOCIN 500/62,5MG CPR B/16;8422597;4645
AMFOCIN 500/62,5MG P SUSP SCH/12;1565851;4410
AMFOCIN 875/125MG CPR B/14;8422580;6325
AMI EPONGE GANT EXF 5 DOIGTS;2486365;3635
AMI LAIT HYDRAT ALOE VERA 200ML;8513236;2130
AMI ULTRA WHITE FL/125ML;8833030;5000
AMIBAZOL 125MG SP F/100ML;8043368;1820
AMIBAZOL 500MG CPR B/100;8092970;10495
AMICAL 10MG CPR B/30;8428588;6700
AMICOZ 2% CR T/15GR(MICONAZOL NITR.;9001610;1410
AMIDOL CPR BL 25X4;8483452;4820
AMIDOL SP F/100ML;8483469;1790
AMIDON DE BLE 1 KG;6662481;4160
AMIFER SP F/200ML;8089519;2895
AMIKACIN 500MG INJ B/1;1934551;3900
AMIKACINE;3260032;4600
AMIKACINE 500MG AMP B/20 MYLAN;5681039;77065
AMIKACINE 50MG B/20 MYLAN;96641810;14140
AMIKACNE 1G AMP B/20 MYLAN;3550451;62880
AMILORIDE HCTZ TEV 5/50MG CRP B/30;3519205;2760
AMINO PEP FORTE SP F/200ML;8018672;4685
AMINO-VITASOL 1KG;8552377;15490
AMINOPLASMAL 12 PERF.B/10 500ML;3698426;212600
AMINOVIT PET 60 TABS;9001573;8380
AMINTOTAL 1KG;9030244;18915
AMINTOTAL SACH 150GR;9030250;3195
AMINTOTAL SACH 5KG;9006381;84350
AMIODARONE 200MG CPR B/30 MERCK;3454440;7420
AMITRON 250MG SUSP BUV F/60ML;8017170;1130
AMITRON 500MG GEL 50BL/10;8042216;28625
AMITRON 500MG GEL B/12 (AMOXICILLIN;2263413;1410
AMLIBON 10MG CPR B/30;2299049;6230
AMLIBON 5MG CPR B/30;2299055;3750
AMLO DENK 10MG CPR B/50;8087940;8155
AMLO DENK 5MG CPR B/50;8087911;4850
AMLO VH 10/12,5/160MG CPR B/30;8059694;16560
AMLO VH 10/25/160MG CPR B/30;8059725;16530
AMLO VH 5/12,5/160MG CPR B/30;8059671;16560
AMLO VH 5/25/160MG CPR B/30;8059688;16560
AMLO-DENK 5 CP B/50 UNITE;8049974;1830
AMLOAS-AT 5MG/50MG CPR B/30;8002234;5815
AMLOCIAN 10MG CPR B/30;8457147;5705
AMLOCLASS 10MG CP B/30 (AMLODIPINE);8099736;2235
AMLOCLASS 5MG CP B/30 (AMLODIPINE);8099742;1685
AMLOCLASS AT 5/50MG CPR B/30;8432035;10525
AMLODAC VL 10MG/160MG CPR B/30;8487266;15210
AMLODAC VL 5MG/160MG CPR B/30;8487272;13635
AMLODAC VL 5MG/80MG CPR B/30;8487289;11445
AMLODIPINE 10MG CPR GEL B/30 BGR;3797737;5145
AMLODIPINE 10MG GEL B/30 ARROW;3783126;5270
AMLODIPINE 5MG GEL B/30 BGR;3797766;4530
AMLODIPINE 5MG GEL B/30 SDZ;3784404;6825
AMLODIPINE 5MG GEL B/30 ZENT;3769468;6915
AMLODIPINE 5MG GEL B/90 BGR;3797772;14915
AMLODIPINE 5MG GELUL B/30 MYLAN;7439602;5340
AMLODIPINE BGR 10MG GEL B/90;3797743;12400
AMLODIPINE EG 5MG B/30;3794489;4645
AMLODIPINE GH 10MG CPR B/100;8487332;11020
AMLODIPINE GH 10MG CPR B/28;8434672;4950
AMLODIPINE GH 5MG CPR B/100;8487326;6890
AMLODIPINE GH 5MG CPR B/28;8434666;3090
AMLODIPINE GP 10MG CPR SEC B/60;8002240;6640
AMLODIPINE GP 5MG CPR SEC B/60;8067334;3335
AMLODIPINE VALSARTAN 10MG/160MG B/30 BIOG;3013430;8680
AMLODIPINE VALSARTAN BGR 5/160MG CPR B/30;3013422;8680
AMLODIPINE VALSARTAN BGR 5/80MG CPR B/30;3013415;7590
AMLODIPINE-AGIO 5MG CPR B/30;9026998;1320
AMLODIPINE/VALSARTAN 5/160MG CPR B/90 BGR;3013425;24725
AMLODIS 10MG CPR B/30;9003052;4440
AMLODIS 5MG CPR B/30;8026335;3530
AMLOMAX 10MG/10MG CPR B/30;8734316;9900
AMLOMAX 5MG/5MG CPR B/30;8730152;7500
AMLONEX 10MG CPR B/100;8474861;8265
AMLONG 10MG CPR B/30;8076988;9880
AMLONG 5MG CPR B/30;8076959;5800
AMLONG A 5MG CPR B/30;8087638;11365
AMLOPAMIDE 10MG/1,5MG CPR B/30;8471934;6200
AMLOPAMIDE 5MG/1,5MG CPR B/30;8471940;5510
AMLOPERIN 10/10MG CPR B/30(AM/PERIN;8000583;12430
AMLOPERIN 10/5MG CPR B/30;8000608;12430
AMLOPERIN 10MG/10MG CPR B/100;8472170;30305
AMLOPERIN 5/10MG CPR B/30;8000637;8710
AMLOPERIN 5/5MG CPR B/100;8472164;19700
AMLOPERIN 5/5MG CPR B/30;8000620;8090
AMLOPRES 10MG CPR B/100 CIPLA;8002168;15155
AMLOPRES 10MG CPR B/100 TLG;8485907;13635
AMLOPRES 10MG CPR B/100 WA;8082925;15185
AMLOPRES 5MG CPR B/100 CIPLA;2294365;8295
AMLOPRES 5MG CPR B/100 TLG;8485899;8265
AMLOR 10MG GEL B/30(AMLODIPINE);3331335;5965
AMLOR 5MG CPR B/56;8004807;9810
AMLOR 5MG GEL B/30(AMLODIPINE);3331358;7135
AMLOR 5MG GEL B/90;3724371;20780
AMLORAV-AT 5MG/50MG CPR B/30;8456544;6985
AMLOSARTAN 5/50MG CPR PEL B/30;8077491;6435
AMLOSIN 10MG CPR B/30;8472885;7565
AMLOSIN 5MG CPR B/30;8472879;4725
AMLOSTAR 10MG CPR B/30;8004061;6920
AMLOSTAR 5MG CPR B/30;8004055;4025
AMLOSTAR PLUS 5MG/50MG CPR B/30;8070276;6920
AMLOSTAT 10MG/10MG CPR B/30;8424662;9300
AMLOSTAT 5MG/10MG CPR B/30;8067972;6750
AMLOTEL 10/40MG CPR B/30;8455958;8570
AMLOTEL 10MG/80MG CPR PELL B/30;8455964;11240
AMLOTEL 5/40MG CPR B/30 (AMLO/TELMI;8455935;7080
AMLOTEL 5/80MG CPR B/30;8455941;9545
AMLOTENSINE 10MG CPR B/30;8077516;4575
AMLOTENSINE 5MG CP B/30;8091261;4575
AMLOTROY 10MG CPR B/30;8425472;6890
AMLOTROY 5MG B/30;8425495;4960
AMLOVAS 10MG CPR B/30;8069244;6120
AMLOVAS 5MG CPR B/30;2277272;4650
AMLOWEL 10MG CPR SEC B/30(AMLODIP.);8417604;8530
AMLOZAAR 5/50MG CPR B/30;8025465;15015
AMLOZAAR-H 5/50/12,5MG CPR B/30;8084433;13295
AMMONIAQUE PURE OFF.FL/1L;6193589;35930
AMMONIUM MURIATICUM 5CH GR;8781362;1250
AMOCLAN 100/12,5MG PDR BUV 60ML;8417337;3060
AMOCLAN 1000/125MG PDR BUV S/12;8417343;5195
AMOCLAN 1000/200MG PDR INJ F/1;8086716;2550
AMOCLAN 500/100MG INJ F/1;8086828;1875
AMOCLAN 500/62.5MG PDRE SUSP BUV SACH/12;8417366;4385
AMOCLAN BID 1G CP B/14(AMOX/AC.CLAV;8070371;7055
AMOCLAN BID 200/28,5MG SUSP 70ML;8086805;3610
AMOCLAN BID 400/57MG SUSP 70ML;8086739;5265
AMOCLAN FORTE 625MG CPR B/15;8055615;5950
AMODEX 125MG PDR SP F/30ML;3392259;1000
AMODEX 125MG PDRE SP FL/60ML;8037238;1030
AMODEX 250MG PDRE SP FL/60ML;2298357;1280
AMODEX 500MG GELULE B/12;2298363;1230
AMOIN AVOCAT ROMARIN 150G;23062026;3140
AMOIN BANANE AVOIRE 150G;30062026;3140
AMOIN BAOBAB-SOIE SAV 150G;40220264;3140
AMOIN BISSAP LAIT DE RIZ SAV 150G;40220265;3140
AMOIN CALENDULA SAV 150G;30220267;3140
AMOIN CAROTTE-CHEVRE SAV 150G;40220263;3140
AMOIN CHAMPAGNE 150G;2702026;3140
AMOIN CHEVREFEUILLE SAV 150G;40220261;3140
AMOIN COFFRET D'AMOUR PACK/2;20220261;6500
AMOIN COFFRET D'AMOUR PACK/3;20220262;10000
AMOIN COMCOMBRE ALOE 150G;2406261;3140
AMOIN CURCUMA-CAROTTE SAV 150G;30220262;3140
AMOIN CURCUMA-MIEL SAV 150G;30220266;3140
AMOIN FLEUR DE LOTUS SAV 150G;30220264;3140
AMOIN HYSOPE SATT BAR 150G;3062026;3140
AMOIN KOROLIVE 150G;2662026;3140
AMOIN LAIT DE CHEVRE SAV 150G;30220269;3140
AMOIN LAVANDE SAV 150G;30220261;3140
AMOIN MORINGA ALOE 150G;2606267;3140
AMOIN PAPAYE ROSE-MIEL SAV 150G;40220262;3140
AMOIN PASSION SAV 150G;30220265;3140
AMOIN POSH SAV 150G;30220263;3140
AMOIN ROSE CLAY PEPPERNI 150G;2506264;3140
AMOIN ROSE CLAY YLANG SAV 150G;40220266;3140
AMOIN TEA TREE EUCALYPTUS 150G;2962026;3140
AMOIN VETIVER BASILIC;2906265;3000
AMOIN VETIVER-BASILIC SAV 150G;30220268;3140
AMOKOD 125MG PDRE SP FL/60ML;8000703;1015
AMOSEC 1GR CPR B/2 (SECNIDAZOLE);8018146;2660
AMOXI DENK 1000MG CPR B/10;8071198;2785
AMOXI DENK 500MG CPR B/20;8042452;2120
AMOXICAP 500MG GEL B/100 (HOVID);8424449;7595
AMOXICILLIN 500MG CPR B/100 SDZ;8004635;8090
AMOXICILLIN CREAC 500MG B/120 GEL;2025665;8435
AMOXICILLIN CREAT 125MG PDR/SP;8000850;1405
AMOXICILLIN CREAT 250MG PDR SP;8000867;1710
AMOXICILLIN CREAT 500MG GEL B/12;8000933;1435
AMOXICILLIN PPH 1G INJ FL/1;2025139;1240
AMOXICILLINE 1G CPR DISP B/14 SANDO;9999330;4700
AMOXICILLINE 1G INJ B/1;1934681;3440
AMOXICILLINE 500MG GEL B/240(CIPHAR;8066091;12000
AMOXICILLINE 500MG GEL B/30 ARROW;5869688;2755
AMOXICILLINE 500MG INJ B/1;1934691;2760
AMOXICILLINE CREAT 500MG 100BL*12;8000809;89570
AMOXICILLINE HIKMA 500MG CP/500;8457176;24865
AMOXICILLINE IG 250MG CPR DISP/20;8458141;2065
AMOXICILLINE TM 500MG CPR B/12;8043109;980
AMOXICILLINE UBI 125MG BUV 60ML;8054194;925
AMOXICILLINE UBI 250MG BUV 60ML;8054231;1035
AMOXICILLINE UBI 500MG 10BLIST12;8054024;8265
AMOXICLAV DENK 1000/125MG SACH/12;8021639;6780
AMOXICLAV DENK 1000/125MG SACH/8;8071264;4850
AMOXICLAV DENK 500/62,5MG CP B/16;8071324;4850
AMOXICO 500MG GEL B/20;2289973;1805
AMOXIL 1G INJ AMP B/1;2000671;1615
AMOXIMED 50% SACHET 100G AFRIMED;3754685;4175
AMOXIVET 150MG INJ 100ML;90428410;4260
AMOXY-C 1KG;6811171;31025
AMOXYVET WSP SACH 100G UEMOU HUVEPHARMA;1116531;4715
AMPHOSCA ORCHITYN H CPR B/60;3003995;11595
AMPHOSCA OVARYN F CPR B/60;3202098;11595
AMPICILLI 0,5G INJ B/100 1AMP UNITE;9010247;515
AMPICILLINE PPH 1G INJ FL/1;2025116;1030
AMPICILLINE UBI 1G PDRE INJ UNITE;8015923;375
AMPIDEXALONE 100ML ETUI;6843219;6390
AMPIPHAR 500MG GEL B/12;2035244;1130
AMPIPHAR 500MG GEL B/240;8001358;11035
AMPIPHAR AMPIC.250MG SP F/60ML;8001269;1330
AMPISOL 100G;8697;1825
AMPLEX 1000MG/125MG CP B/14;1405551;6200
AMPLEX 100MG/12,5MG PDRE SUSP BUV F/60ML;8467950;3060
AMPLEX 1G/200MG PDRE INJ F/1+SOL 20ML;8467967;2845
AMPLEX DS 250/31,25MG PDR SUSP BUV F/60ML;8467944;4105
AMPROCOX 1KG;8552271;31240
AMPROL 12% 5L;4400010;49835
AMPROL 12% SOL BIDON 1L;9014937;11950
AMPROLINE 400MG/ML 1L;11153510;30335
AMPROLIUM 20% 100G;9030267;3395
AMPROLIUM 20% 1KG;9002696;21985
AMPROSTAT PDRE 120G;8060119;4130
AMPROSTAT PDRE 500G;8232796;15630
AMRIZOLE-N 500MG/100000UI OVULE B/10;8469848;1995
AMSTAN 10/160MG CPR B/30;8436317;15525
AMSTAN 5/160MG CPR B/30;8436300;13530
AMSTAN 5MG/80MG CPR B/30;8436292;11530
AMTIBA 500MG CPR B/4;2264111;745
AMTOR 10MG/5MG CPR B/30;8023006;8985
AMTOR PLUS 20MG/10MG CPR B/30;8494042;7575
AMUCHINA 5 FL/250ML;80017510;1885
AMUSTIL CREME T/30G;9023273;2935
AMVA DENK 10MG/160MG CPR B/28;8436694;15840
AMVA DENK 5/80MG BL/ 4X7;1673066;14460
AMVA DENK 5MG/160MG CPR B/28;8436702;14465
AMYCOR 1% PDRE LOC FL/15G;3349418;4270
AMYCOR CREME 1% T/15G;3274850;4360
AMYCOR ONYCHOSET PDE T/10G;3380888;23220
AMZVAL 10/160/12,5MG CPR B/30;8476185;11020
AMZVAL 10/160/25MG CPR B/30;8476179;11020
AMZVAL 5/160/12,5MG B/30;2475478;11020
AMZVAL 5/160/25MG CPR B/30;8476191;11020
ANACA 3 + SHOT PERTE DE POIDSX14J;1390891;27350
ANACA 3 BONBON MINC.CPR B/30;7398201;10060
ANACA 3 BRULEUR DE GRAISSE B/60;73303810;21315
ANACA 3 CAPTEUR GRAISS.SUCR.GEL/60;8536591;22425
ANACA 3 DRAINEUR 4 ACTIF 250ML;8536616;18030
ANACA 3 GEL MINCEUR T/150ML;8568970;28985
ANACA 3 GELULES B/90;3300116;40820
ANACA 3 PERTE POIDS GEL B/120;6128474;41090
ANACA 3 PERTE POIDS GEL B/90;8536639;23770
ANACA 3 PX D'ORANGE B/90;8577207;22640
ANACA 3 REDUCTEUR D'APPETIT;8536645;22180
ANACA 3 RETENTION D'EAU B/60;7330404;22640
ANACA 3 VENTR.PLAT GEL/60;8536651;23440
ANACA 3+ BRUL GRAISS GEL B/120;1390881;36500
ANACA3+ BRUL GRAISSE GEL B/120;6128470;36500
ANACA3+ BRULEUR GRAISSE GEL B/120;8619259;36925
ANAFLEX MAX LP 20MG/500MG CPR B/30;8487450;6300
ANAFRANIL 10MG CPR B/60;3037015;4515
ANAFRANIL 25MG CPR B/50;3004352;5680
ANAFRANIL 25MG INJ 2ML B/5;3004346;2190
ANAFRANIL 75MG COMP B/20;3244843;4465
ANALGAN COD.300/25MG CPR B/16;8024342;1130
ANALGAN COD.600/50MG CPR B/12;8024365;1545
ANALGAN EXTRA 500/65MG CPR B/16;8024313;995
ANALGIN 500MG CPR B/10;8153789;1035
ANALGIN SOL INJ F/100ML UEMOA HUVEPHARMA;1116641;2380
ANAPAIN EXTRA CPR B/200;9028974;8265
ANASPASM ORO 80MG CPR B/10;8024282;1680
ANASTROZOLE 1MG CPR B/30 BGR;3590114;33060
ANASTROZOLE BIOGARAN 1MG CPR PELL B/30;2278283;33090
ANASTROZOLE DENK 1MG CPR B/30;8026418;39260
ANCOOL SUSP BUV F/170ML;8490848;4135
ANCOPIR AMP INJ B/5;2010876;3995
ANCOPIR DRAG B/20;2013691;3715
ANCOTIL 500MG CPR B/100;3179643;48360
ANDOL 1000MG CPR EFF B/8 (PARACETAM;8017402;1045
ANDOL 500MG CPR EFF B/16;8152838;1005
ANDOL C 500/300MG CPR EF B/10;8025927;1145
ANDRACTIM GEL LOC T/80G;3242873;29390
ANDROCUR 50MG COMP B/20;8060272;21960
ANDROGEL 16,2MG/G GEL PPE 60DOSES;30053710;73680
ANDROGEL 50MG GEL SACH B/30;3575385;60030
ANDROTARDYL 250MG/ML INJ B/1;3004613;7715
ANEM GTTE BUV F/30ML;8631013;1365
ANESDERM GE 5% CR T/5GR;3686363;4500
ANGELS SECRET EXTR LONG ROSE P/6;8502936;4910
ANGELS SECRET JOUR BLEU B/10;8560721;4940
ANGELS SECRET NUIT MAUVES P/8;8502913;4910
ANGELS SECRET PROT.SLIP VERT P/30;8502942;5090
ANGINET 160MG CPR PELL B/30;8473465;7700
ANGINET 80MG CPR PELL B/30;8473471;7245
ANGINIB 100MG CPR PELL B/30 (LOSARTAN 100MG);8423622;9740
ANGINIB 50MG CPR B/28 (LOSARTAN);8422114;7470
ANGINOVAG AERO F/10ML;2264134;2825
ANGISPRAY COLLUT SOL PULV F/40ML;3042565;17270
ANGIZAAR 25MG COMP B/30;2290893;7370
ANGIZAAR 50MG COMP B/30;2290924;10610
ANGIZAAR-H 50/12,5MG CPR B/30;2290901;10030
ANGLOR 10MG CPR B/28;8437110;3445
ANGLOR 5MG CPR B/28;8437127;2560
ANIOSGEL 85NPC GEL MAIN 1L;6102368;17465
ANIOSGEL 85NPC GEL MAIN 500ML;1023629;3700
ANN MICHEL GAINE BRETEL.XXL-42;7226233;81200
ANN MICHEL GAINE CLASS.M-36;7277302;78130
ANN MICHEL GAINE CLASS.S-34;9043330;78130
ANN MICHEL GAINE CLASS.XL-40;4448140;78130
ANN MICHEL GAINE CLASS.XS-32;9060995;78130
ANN MICHEL GAINE CLASS.XXXL-44;9014593;81200
ANN MICHEL GAINE POWERN.XXXL-44;9043229;81200
ANOCURE 40MG/320MG CPR B/12;1256007;3470
ANOCURE 40MG/320MG CPR B/9;1255697;3210
ANOFEL 80MG/480MG CPR B/6;8472649;1720
ANOMEX PDE PROCTOLOGIE T/30G;8422321;3445
ANOMEX SUPPO B/10;8097743;6200
ANOX 200MG CPR B/10;8095388;4190
ANSIODEP JNIOR GTT BUV F/20ML;8544780;5455
ANTADYS 100MG COMP B/15;3267672;3075
ANTAFENE 200MG CPR PELL B/20;8091574;1030
ANTAFENE 400MG CPR PELL B/20;8085935;1530
ANTAGRA 100MG/ML SOL BUV F/300ML;8493491;28790
ANTAGRA 500MG CPR B/30;1760971;16270
ANTALGESIC GEL T/15G;8815546;1860
ANTALGEX T 37,5/325MG GEL B/20;8090445;1970
ANTARENE CODEINE 400/60MG CP/10;3975587;3475
ANTHELBEN S SUSP BUV F/1L;3240009;21580
ANTI SEASICKNESS B/60;1000349;5900
ANTI STRESS WSP 100G;9999258;4260
ANTI STRESS WSP 1KG;1153421;23420
ANTI-KALIUM NA SACH B/20 (FA);8096399;16080
ANTI-SEASICKNESS TABLET 60PCS;1000349;9265
ANTI-SPA 200MG CPR PEL B/30;8058915;2880
ANTIBIO ABEREL 0,025% GEL T40G;3229134;8690
ANTIBIO ABEREL 0,05% TAMP/30;3229677;16620
ANTIBIO SYNALAR GTTE AUR /10ML;3005328;2000
ANTICID+ 250/350/50MG SP 200ML;8089318;1790
ANTICOC SUPER 100G;10032210;4225
ANTICOC SUPER 1KG;1003153;34825
ANTICOC SUPER 5KG FR GB HUVEPHARMA;1003746;107610
ANTICOCC 100G;4034941;4260
ANTICOCC 1KG;90107810;29820
ANTICOX 100G NEW;9023451;3550
ANTICOX 1KG;9033219;46910
ANTICOX 1KG NEW;90234010;35500
ANTICOX SACH 100G;9002294;5530
ANTIDOL 500MG CPR B/20;2273009;785
ANTIGRIPPINE VIT C COMP B/12;3005423;1780
ANTIHEMORROIDAL PDE T/30G;8034926;2840
ANTIMONIUM TARTAR 5CH GR;60077;2130
ANTINOREX 4MG COMP B/30;2032004;2065
ANTINOREX SP F/125ML;2031996;2065
ANTIPLATT 75MG CP B/30(CLOPIDOG.;8091410;8985
ANTISEPTIQUE CALM POM OPHT/5G;3013078;725
ANTITOX BTE 100G;1003041;1830
ANTITOX BTE 1KG;1003035;14555
ANTOXIA 120MG CPR PELL B/7;8479114;4505
ANTOXIA 60MG CPR PELL B/14;8479083;4505
ANTOXIA 90MG PELL B/14;8479108;5990
ANXIVET CPR B/60 BL/10;90056910;2000
ANXIVET VIT B1B3B6 CPR B/60;3420091;12000
ANY 2 CR T/25ML;6083406;6710
ANY SAVON PAIN 100GR;6400261;5700
ANYCARE IRRIGATEUR NASAL LAPIN;8800384;3515
ANYCARE PILULIER MINI BOOK MARRON;3810076;14195
APAISYL 0,75% GEL LOC 30GR;3171788;7120
APAZIDE 200MG GEL B/16;8000086;1725
APAZIDE 4% SUSP F/100ML;8000117;1875
APDROPS CY F/3ML;8072909;3130
APDROPS DX COLL F/3ML;8417320;3820
APDYL-H SIROP 100ML;2264140;2705
APETIL PLUS SP F/100ML;2296134;2995
APEXIME 200MG/5ML BUV F/15ML;8418880;4165
APEXIME 250MG CPR PEL B/6;8418897;4440
APEXIME 500MG CPR PELL B/3(AZITHROM;8418905;4440
APFLU 500/2/5/30MG CPR B/80;8498318;4960
APFLU 500/2/5/30MG POCH/4 CPR B/20;1123477;4960
APFLU JUNIOR SP F/100ML;1123743;1380
APFLU PDRE EFF SACH B/10;8472661;2480
APHTEX GEL T/25G;8474884;2050
APIFEN 400MG CPR B/30;2263436;2040
APIOLINE CHAPOTEAUT CAPS B/20;3005860;3570
APLENE 75MG GEL B/30;8497282;6890
APLENE M 75MG/0,75MG GEL B/30;8497307;8265
APLENE M 75MG/1,5MG GEL B/30;8497299;9645
APMALT 100MG/2ML INJ AMP B/5;8471549;13775
APMALT EFT 100MG CPR EFFV B/12;8482688;4135
APMALT FOL 100MG/0,350MG CPR EFFV B/12;8482694;4135
APMALT SP F/100ML;8463892;5855
APOGEL CR 50ML;6649546;7670
APOTEL 1G/6,7ML PERF IV AMP B/3;8011612;5700
APOTEL MAX 10MG/ML SOL INJ F/100ML;8423065;1790
APOTEL PLUS 600/20MG INJ 4ML B/3;8011581;4820
APPETINE 2MG SP F/100ML;2294388;1655
APPETINE VIT SP F/100ML;8000525;2615
APPETITO BB SOL BUV F/200ML;8272092;9435
APPITOR SP F/100ML;8429010;2200
APPYLAND SP F/200ML;8495544;3570
APRAMOL 1G CPR EFF B/8;8417515;1240
APRAMOL 500MG COMP B/20;2032234;895
APRAMOL 500MG CPR EFF B/16;8006120;1265
APRANAX 550MG CPR B/16;3266135;2850
APRANAX 750MG CPR B/15;3353644;5540
APREXEVO 300MG/5MG CPR B/30;30207697;6445
APROFORT 150MG/5MG CPR PELL B/30;9003075;11710
APROFORT 300/10MG CPR PEL B/30;8444877;15430
APROFORT 300MG/5MG CPR PELL B/30;9003098;15015
APROVASC 150/10MG CPR B/28;9996551;20030
APROVASC 150/5MG CPR B/28;8062928;19300
APROVASC 300/10MG CPR B/28;8062880;22070
APROVASC 300/5MG CPR B/28;8062911;20695
APROVEL 150MG COMP B/30;3801479;6330
APROVEL 150MG CPR BTE/28;3447948;13875
APROVEL 300MG CPR B/28;3640533;19865
APROVEL 300MG CPR B/30;3801491;7450
APROVEL 75MG CPR B/30;3801456;12475
APROZAR 150MG CPR PELL B/30;8072306;9885
APROZAR 300MG CPR PEL B/30;9003112;5380
APTAMIL 1 PRONUTRA B/400G;8357233;4000
APTAMIL 2 PRONUTRA B/400G;8349593;4000
AQUAFRESH ANTI TART DOS 100ML;6545491;2970
AQUAFRESH DENT ANTI TART T/75ML;6545516;1505
AQUAFRESH DENT FORM BLANCH.75ML;8202358;2360
AQUAFRESH DENT HALEINE FR 75ML;8158924;2150
AQUAFRESH DENT JNIOR FLUOR 75ML;2272429;1780
AQUAFRESH DENT TR PROT 75ML;2270382;1435
AQUAFRESH DENT TR PROT BLANC.75ML;8263294;1570
AQUAFRESH DENT TR PROT DOS 100ML;9006323;2840
AQUAFRESH KIT DENT LAIT(3-5ANS);8294047;2710
AQUAGENA SAV PN NOUV PARF 100G;8527184;1500
AQUAGENA SAV PN PARFU 100G;8526138;1500
AQUAGENA SAV PS NON PARF 100G;8034027;1505
AQUAGENA SAV PS PARF 100G;8526322;1500
AQUAGENA SAV PX ACNEIQ.(FA);8202246;3405
AQUAGENA SAVON PX N NON PARF 100G;8523683;1500
AQUALARM CY F/10ML;677445;6540
AQUALARM TRIPLE ACT S OPHT F/10ML;1185;16190
AQUALARM UD INT UNID/0.5ML B/30;8627247;5705
AQUALARM UP 2% SOL OPHT LUB HUMID F/10ML;8627253;7170
AQUANATE 120MG PDR S INJ F/1+SOLV AMP/2;8752320;2615
AQUANATE 60MG PDR INJ+SOLV 5ML;8418006;1545
AQUASOURCE CR PNM T/50ML BIOTHERM;9863470;35910
AQUATABS DESFINF EAU 1CPR=1L B/60;7902616;14080
AQUAVIC 3% 5L;1116234;57975
AQUAVIC 3%1L;1116231;13805
ARACYTINE NEC 100MG INJ 5ML B/1;3026721;7065
ARANESP 100MCG SOL INJ 0,5ML;9592985;99550
ARANESP 40MCG INJ B/1;8509542;47950
ARAVA 10MG CPR PEL B/30;5416476;34000
ARAVA 20MG CPR PEL B/30;3541699;45300
ARBITEL 40MG CPR B/30;8098949;10530
ARBITEL 80MG CPR B/30;8098932;11795
ARBITEL AM 40/5MG CPR ENR B/30;8434212;8845
ARBITEL AV CPR B/30;8079219;12150
ARBITEL H 40/12,5MG CPR B/30;8098961;11365
ARBITEL H 80/12,5MG CPR B/30;8468375;12920
ARCALION 200 DRAG B/20;3140871;16570
ARCALION 200MG CPR B/30;3140888;15850
ARCALION 200MG CPR B/60;3140894;25880
ARCET 10MG/1ML IV SOL INJ PERF F/100ML;8417395;1890
ARCET 120MG/5ML SUSP BUV 60ML;8043374;945
ARCET 500MG CPR B/20 (PARACETAMOL);2288531;420
ARCOXIA 120MG CPR B/7;3879642;6780
ARCOXIA 30MG CP B/28 (ETORICOXIB);3879808;13730
ARCOXIA 60MG CPR B/7;3879234;5345
ARCOXIA 60MG CPR PELL B/14;8433081;10500
ARCOXIA 90MG CPR B/7;3879530;6710
ARCOXIA 90MG CPR PELL B/14;8433098;12980
ARGENT COLLOIDAL BIO 500ML 15PPM ONETERA;38270016;32580
ARGENTUM NITRICUM 30 CH D;72241;965
ARGENTUM NITRICUM T GRLS 5CH;72812;3615
ARGILE VERTE DIETETIQ DBLE USAGE;9020381;1410
ARGILE VERTE PDR BUV B/120G NONDOLY;8546460;1365
ARGILE VERTE PDR BUV S/90G NONDOLYS;8546454;1270
ARGILETZ ARGIL BLCHE PDRE B/200GR;4580833;4770
ARGILETZ ARGIL VERTE PATE T/400GR;6477832;8540
ARGILETZ DENT.BIO CITRON 75ML;4451509;5480
ARGININE TRIB.MUSCU/SEXUAL GEL B/60;8523341;12530
ARGININE VEYRON AMP BUV B/20;3006285;3005
ARGININE VEYRON SP FL/250ML;3006316;5305
ARGINOTRI B DRAG B/24;3006345;3680
ARICEPT 10MG CPR B/28;3444950;32845
ARICEPT 5MG CPR ORO DIS B/28;3730609;37645
ARICEPT 5MG CPR PELL B/28;3444909;37545
ARIMIDEX 1MG CPR PELL B/30 (FA);3423652;42330
ARIMIDEX 1MG CPR PELL B/90;3909521;62265
ARINAX 180/1080MG SP F/60ML;8003133;2640
ARINAX 40MG/240MG CP B/6;8003831;1740
ARINAX 80/480MG CPR B/6;8003096;2585
ARIXA 10MG CPR B/30;6041321;16530
ARIXA 15MG CPR B/30;9750441;25485
ARIXA 20MG CPR B/30;6093426;27550
ARIXTRA 7,5MG/0,6ML INJ SER/2;3656505;26020
ARK ANANAS GELULE BT/150;6341825;11855
ARK AUBEPINE GELULES B/45;3463491;7440
ARK AZINC VIT.JNIOR CP CROQ/30 COLA;4014855;17950
ARK AZINC VIT.JNIOR CP CROQ/30 FRAI;6015474;11105
ARK BACOPA GEL F/45(MEMOIR/DETENTE);4660236;10120
ARK BAUME CHINOIS 30ML;5371238;9810
ARK BOURDAINE GELULE B/50;3316519;4480
ARK CAROUBE GEL B/45 (NSFPL);3309672;4800
ARK CASSIS GELULE B/45;3309666;9400
ARK CHARDON MARIE B/45;3335675;11530
ARK CITRUS AURANTIUM GEL B/45;7733881;12900
ARK COLARTOL GELULE B/30;7202787;2845
ARK CURCUMA GELULES B/45;5143371;12690
ARK CYS-CONTROL FLASH CPR B/10+10;3401567;9280
ARK DOLOGYNE GEL B/30;3395022;4625
ARK FENUGREC GRAINE B/45 GEL;4266918;7310
ARK FORCAPIL GEL B/180+60;4781997;25525
ARK FORCAPIL GEL B/60 CHVX/ONGL;4817117;8390
ARK GARCINIA CAMBOGIA GEL B/45;7262950;8445
ARK GINKO BILOBA GEL B/45;7262996;11460
ARK GINSENG RACINE GEL B/45;3317430;22250
ARK GUARANA (CUPALINE) BT/150;3335770;12860
ARK HOUBLON GELULES B/50;3303385;9320
ARK HUIL BOURRACH CAPS F/60;4794103;16815
ARK HUIL FOIE MORUE GEL B/60;8373947;5985
ARK HUILE FOIE MORUE GELU B/200;3378957;12945
ARK HUILE PARAFINE GEL B/45;7189331;3625
ARK IN BEAUTY GEL B/40;7235611;10710
ARK INOD AIL GEL B/45;8333540;10250
ARK INOD'AIL GEL B/45 (BULBE);5170020;12970
ARK KONJAC GEL B/150;6583681;17000
ARK KONJAC GEL B/45;7263033;9580
ARK MELISSE FEUILLE GEL B/45;3322394;15660
ARK MIGRANEL STICK BILLE 3ML;7498428;3995
ARK ORTHOSIPHON GEL B/45;3316525;11620
ARK PASSIFLORE B/45 GEL;3314153;5375
ARK PERLES DE P CAP HUIL BOUR/200;3578834;38830
ARK PHYTOSOYA 17,5MG GEL B/180;7548379;61940
ARK PHYTOSOYA CAPS B/60;7457317;19370
ARK PROPOLIS GEL B/50;7263145;11320
ARK REINE DES PRES GEL B/45;3303445;6870
ARK SAUGE GELULES B/45;8285025;7225
ARKO ACTIVOX PAST MENT/EUCA.B/24;6554975;5665
ARKO ARKOMAG MAGN VIT B6 GEL B/60;8734397;5665
ARKO AZINC BOOST CPR EFF B/20;8719021;15335
ARKO AZINC ENERGIE MAX+15ANS/30;2028959;8340
ARKO AZINC FORME VITALE AD B/60;8352342;6690
ARKO AZINC GROSSESSE GEL B/30;8744160;6390
ARKO AZINC MEMOIRE GEL B/30;8719050;6310
ARKO AZINC SENIOR CPR B/30;8719044;8525
ARKO AZINC VITALE GEL B/120;4014849;15970
ARKO AZINC VITALITE JR COLA CPR B/30;6015472;12035
ARKO CHONDRO-AID 100% ARTICULATION GEL B/60;8616574;14745
ARKO CHONDRO-AID FLASH CAPS B/10;8718837;6785
ARKO CRANBERRYNE GEL F/45;4507138;10985
ARKO FLASH RUB NEZ/GORGE CP/15;8279349;7840
ARKO FORCAPIL ANTI-CHUTE CPR B/30;8718607;12295
ARKO FORCAPIL CROIS GUM POT/60;8718889;10280
ARKO FORCAPIL ELIXIR CROISSANCE F/50ML;8752001;18495
ARKO FORCAPIL FORT KERAT+GEL B/60;8718524;13135
ARKO FORCAPIL SH FORTIF KERAT;8718558;5060
ARKO GEL FENUGREC BIO F/40;8618426;6430
ARKO GEL LEVURE BIERE BIO GEL B/45;8634891;6950
ARKO OMEGA3 ORIG.MARIN.CAPS/60;2853876;5085
ARKO PERLES DE PEAU H.BOURR.CAPS/200;7888796;23665
ARKO PERLES DE PEAU HYD CAPS B/180;8781899;25225
ARKO PERLES DE PEAU S BUV FL 25ML B/10;8744148;23910
ARKO PERLES PEAU AC HYAL/COENZ Q10 GEL B/30;8744154;17225
ARKO QUEUE DE CERISE GEL B/45;8285060;5045
ARKO ROY.PAST.PROPOL/MIEL CITR/24;5443185;8120
ARKOF.BIO STIM.PHYS.AMP 10ML/20;8568556;11720
ARKOFL.BIO GINKGO B.AMP 10ML/20;8568510;14870
ARKOFLUID BIO  JAMBE LEG S BUV AMP 10ML B/20;8561608;8235
ARKOFLUID BIO CONF DIGESTIF BUV AMP/20;8717677;8850
ARKOFLUID BIO CONF URIN S BUV AMP 10ML B/20;8717683;15775
ARKOFLUID BIO PROG MINCEUR SOL BUV AMP B/30/;8717708;16235
ARKOFLUID BIO SYNERGIE MINC S  AMP BUV B/20;8717714;9980
ARKOFLUID DESMODIUM SOL BUV AMP10ML B/20;8718211;9470
ARKOFLUIDE BIO DETOX SOL BUV AMP10ML/20;8559037;19815
ARKOFLUIDE BIO DETOXIFIANT HEP ULTRA CONCENTRE 10ML AMP/20;8568533;9660
ARKOFLUIDE DET.SOMMEIL AB B/20;90060410;23970
ARKOFLUIDES BIO DETOX SOL BUV AMP15ML/20;4205006;14520
ARKOG LECITHINE SOJA GEL B/150;8539657;31870
ARKOG MARRONNIER D'INDE B/45GEL;3299270;4865
ARKOGELLULES GINKGO BIO PELL B/45;8609485;7925
ARKOGELLULES HARPAGOPHYTON BIO GEL B/45;8718671;8030
ARKOGELULES  KONJAC BIO GEL B/45;8653687;6645
ARKOGELULES ASHWAGANDHA  GEL B/30;8731246;19425
ARKOGELULES CHARBON VEGET BIO GEL F/40;8718990;4895
ARKOGELULES CHARDON MARIE BIO GEL B/45;8673715;7910
ARKOGELULES COENZYMES Q10 CAPS/45;8718547;12220
ARKOGELULES CURCUMA+PIPERINE BIO GEL/40;8624183;10245
ARKOGELULES HLE PEPIN COURGE BIO B/60;8680359;6585
ARKOGELULES LECITHINE SOJA BIO CAPS B/45;8718317;10705
ARKOGELULES LEVURE RIZ ROUGE  BIO GEL/60;8718984;7540
ARKOGELULES LEVURE RIZ ROUGE BIO GEL/120;8783562;13730
ARKOGELULES OLIVIER BIO GEL/45;8655574;6315
ARKOGELULES OMEGA3 ORIG MARINE CAPS/180;8783533;11875
ARKOGELULES PEPINS COURGE CAPS/180;8718300;16695
ARKOGELULES SPIRULINE BIO GEL/150;8717772;13080
ARKOGELULES SPIRULINE BIO GEL/45;8570079;5360
ARKOGELULES VIGNE ROUGE BIO GEL F/150;8768539;14530
ARKOGELULES VIGNE ROUGE BIO GEL F/45;8633638;6270
ARKOGELULLES MACA BIO GEL B/40;8718464;6355
ARKORELAX SOMMEIL FORT 8H CPR B/15;8717884;6830
ARKORELAX SOMMEIL FRT 8H CP/15;3550123;13450
ARKORELAX SOMMEIL FRT 8H CP/30;8835501;31840
ARKORELAX STRESS FLEXI-DOSE CPR B/60;5504828;16035
ARKOROY..DEF.NAT.ENF.GEL BUV.10ML/5;8559818;12100
ARKOROYAL DEF.NATUR.AD GEL BUV/7;8559824;15340
ARKOROYAL IMMUNITE FORT BIO S BUV AMP/20;8718234;11315
ARKOROYAL SP FORTIF BIO DES 3A F/140ML;8559830;13010
ARLANDIE CRAYON YEUX;6507125;1500
ARMANI ACQUA DI GIO P/H VAPO 50ML;9000533;35915
ARMANI EDT REF 391-19 50 ML;6388092;15000
ARMANI GIO EDP ATO 50ML;9008351;43445
ARMANI-SI-EDP 50ML+GEL DCHE 50ML+LT 50ML;301114;85985
ARMENATE 200MG SUPPO B/6;8434258;4930
ARMO HELIX ACT.LOT RAFF CORP 500ML;8536361;7550
ARNICA MONTANA 15CH GR;75127;1600
ARNICA MONTANA 5 CH D;75156;945
ARNICA MONTANA 5CH GR;75073;4950
ARNICA MONTANA 9CH D;75179;2555
ARNICA MONTANA 9CH GR;8427577;4950
ARNICA MONTANA GR 4CH;75050;5390
ARNICA MONTANA GR 7CH;3007581;3690
ARNICAGEL T/25G;3775405;11290
ARNICAN CREME DERMIQUE T/50G;3416391;3100
ARNICAN GEL NON GRAS T/50G(12MOIS+);6019563;3060
ARNIGEL GEL T/45GR;3565027;6725
AROLAC CPR B/20;3348028;6110
AROMA-DIFFUSEUR HE VIRRUC.BACT.FONG;22198510;24000
AROMASINE 25MG CP B/30;3527966;39530
ARPHOS MAGNE AMP BUV 10ML B/20;3006629;4835
ARSENICUM ALBUM 30CH;1076241;4915
ARSENICUM ALBUM GR 9CH;76109;4915
ARSIQUINOFORME 250MG CP B/15;3559966;2530
ART 50 GELULES B/30;3355293;22750
ARTANE 2MG CPR B/50;3006687;3155
ARTANE 5MG COMP B/20;3006693;2300
ARTANE GTTES 0,4% F/30ML;3189593;5370
ARTECOM CPR B/8 ;8074570;4850
ARTECOM PDR SUSP BUV F/60ML;8063980;3890
ARTEDIAM 400MG COMP B/12;8053881;3830
ARTEFAN 180/1080MG PDR BUV 60ML;8088164;2235
ARTEFAN 20/120MG CPR B/24;2298794;2785
ARTEFAN 20/120MG CPR DISP B/6;8084195;830
ARTEFAN 20/120MG PDR BUV 30ML;8440017;1380
ARTEFAN 40/240MG CPR B/12;2298802;2785
ARTEFAN 40/240MG CPR B/6;8024715;1755
ARTEFAN 40/240MG PDR BUV 30ML;8440023;2065
ARTEFAN 60/360MG CPR B/6;8024709;2165
ARTEFAN 60/360MG PDR BUV 30ML;8440046;2550
ARTEFAN 80/480MG CP B/6;8076190;2180
ARTEFAN 80/480MG PDR BUV 30ML;8440052;2755
ARTEFAN DT 40/240MG CP DISP/6;8440081;1725
ARTEGEN 60MG IV/IM PDRE SOL INJ B/1;8070603;1410
ARTEJECT 80MG/ML INJ AMP B/6;8428482;4740
ARTELAC CY 0,5ML UNID B/60;3403589;8780
ARTELAC CY F/10ML;8002903;3570
ARTELUM 80MG/480MG CPR B/6;8493344;3155
ARTELUMEN 20/120MG CAPS MOL/24;8078585;2785
ARTEM 40MG/0,5ML AMP INJ B/6;2252349;3820
ARTEM 80MG AMP INJ B/6;8043285;5910
ARTEMETHER TG INJ 80MG/1ML B/6;2282675;4200
ARTEMETHER TM 80MG INJ AMP B/6;8015194;4230
ARTEMETHER UBI 20MG INJ AMP B/10;8099469;5540
ARTEMETHER UBI 40MG AMP INJ B/10;8099475;8295
ARTEMETHER UBI 80MG AMP INJ B/10;8099452;9950
ARTEMISIA SACH 35G;9008575;4000
ARTENAM 100MG AMP INJ B/7;2038432;8405
ARTENAM 50MG COMP B/14;8002151;4760
ARTEQUICK 62,5/375MG CPR B/6;1552701;2890
ARTEQUICK 62,5/375MG CPR B/6;2475900;2885
ARTEQUICK 62,5MG/375MG CPR B/6;8475814;3445
ARTEQUIN 600/750 COMP B/6;8027180;4575
ARTESIANE 20MG AMP INJ B/10;2264186;5485
ARTESIANE 20MG AMP INJ B/3;2264192;3140
ARTESIANE 300MG/3ML INJ B/1;8109104;3805
ARTESIANE 40MG SUPPOGEL B/6;2265458;3500
ARTESIANE 80MG AMP INJ B/5;8027694;4755
ARTESUN 120MG IM IV SOL INJ B/1;8022219;3335
ARTESUN 30MG IV SOL INJ B/1;8070431;995
ARTESUN 60MG SOL INJ B/1;8000413;1750
ARTESUPPO-100 100MG SUPPO B/6;8441784;2785
ARTESUPPO-200 200MG SUPPO B/6;8441790;3445
ARTESUPPO-50 50MG SUPPO B/6;8441778;1875
ARTEVINCC 80MG/480MG CPR B/6;4922440;1955
ARTEX 5MG COMP B/30;3285121;10635
ARTHEL PLUS 80MG/480MG CPR /6;8079840;2200
ARTHER FORTE 80/480 CPR B/6;8481401;2060
ARTHRI-DOG CPR B/40;6839123;4700
ARTHRO-DRAINOL GTES FL/30ML;3191704;3915
ARTHROCINE 200MG CPR B/30;3190656;7660
ARTHRODONT PATE GGVL T/40G;3006782;2290
ARTHRODONT PATE GGVL T/80G;3259299;3855
ARTHROSTOP PLUS CPR B/30;4677308;7000
ARTHROTOL 75MG/200MG CPR B/20;8489928;5460
ARTICLE RENOMME EN 800254;9007452;2330
ARTICLE RENOMME EN 800702;9014015;3905
ARTICLE RENOMME EN 800932;9016267;1360
ARTICLE RENOMME EN 820803;8952846;1470
ARTIFLEX GEL B/30;8361335;5265
ARTILARMES 0,5 % COL F/10ML;8491256;3030
ARTILEX 180/1080MG BUV F/60ML;8418710;2205
ARTILEX 80/480MG CPR SEC B/6;8418696;2645
ARTILUM 40/240MG CPR B/12;8065424;2840
ARTILUM 80/480MG CPR B/6 (FA);8065393;2725
ARTISON 120 IM/IV PDR INJ/1+SOLV/2 B/1;8486284;2410
ARTIZ DP 80/480MG CPR B/6;8006031;2095
ARTIZ FORTE 40/240MG CP B/12;8086604;2855
ARTIZ SUSP BUV F/60ML;8083959;2715
ARTLUF 180/1080MG SUSP F/60ML;8034085;2095
ARTLUF FORTE 80/480MG CPR B/6;8019186;2040
ARTOME TM 180/1080MG BUV 60ML;8014160;2345
ARTOTEC 50MG CPR B/30;3364926;7470
ARTOTEC 75MG CPR B/20;3526547;5680
ARTPHYTON CHIEN GLE 380G;6247776;32340
ARTRIM ANTI MOUSTIQUE SPRAY F/100ML;8590604;2935
ARTRIM GH 15/90MG SP F/60ML;8066599;3130
ARTRIM GH 20/120MG CPR DISP/6;8085183;720
ARTRIM GH 40/240MG CPR B/12;8066665;3885
ARTRIM GH 40MG/240MG CPR B/6;8085214;1820
ARTRIM GH 80/480MG CPR B/6;8066079;1545
ARTRINE 1080/180MG PDR BUV 60ML;8010624;2030
ARTRINE 20MG/120MG CPR B/24;8092711;2405
ARTRINE 20MG/120MG CPR B/6;8466608;615
ARTRINE 40/240MG CPR B/6;8466614;1320
ARTRINE 40MG/240MG CPR B/12;8086797;2405
ARTRINE 60MG/360MG CPR B/6;8466620;1540
ARTRINE 80/480MG CPR B/6;8005296;2405
ARTROVET ARTICUL-MOBILITE B/30;1003012;13200
ARTROVET CPR B/30 (VETO);3558530;13200
ARTROVET CPR B/60 BL/10;9017108;4000
ARTROVET CPR B/60 VETO;4464222;24000
ARTXON 1G INJ IM/IV B/1;8053639;1825
ASAQ DENK FIXED DOSE CPR B/6;8026772;3195
ASAQ WINT 100/270MG ENF CP/3 (FA);8011641;925
ASAQ WINT 100MG/270MG AD CPR B/6;8011670;1130
ASAQ WINT 25MG/67.5MG NN ENF B/3;8013870;715
ASARTEM-P 40/320MG CP PEL B/9;8458216;3445
ASARTEM-P 90MG/720MG PDRE SUSP BUV F/60ML;8463030;3445
ASBENZOL 400MG CPR B/1;8067133;800
ASCABIOL EMULS EXT F/125ML;3006902;3705
ASCALOL 25% SOL EXT F/125ML;2290545;1260
ASCENCYL SOL BUV AMP 10ML B/20;3006925;6385
ASCORIL CPR B/20;2275072;2180
ASCORIL SP F/100ML;8034464;2535
ASCOZIN 500MG/15MG CPR B/10;8486479;1170
ASEPSY JAUNE SOL ANTISEPTIQUE F/250ML;8703468;2500
ASFY 100MG CPR B/10;8491842;1380
ASHIVER PLUS CPR B/100;9017522;21300
ASHWAGANDHA 470MG B/60 SOLARAY ONATERA;7902064;63135
ASIATID TUBE 5 G;6837064;3275
ASMETAMOL 250MG/5ML SUSP BUV F/100ML;8443493;1045
ASMETHER-L 20/120MG CP DISP B/6;8423378;925
ASMETHER-L 40/240MG CPR DISP/6;8423361;1065
ASMETHER-L 80MG/480MG CPR B/6;8067156;2785
ASMOCET-MTS 5/10MG CPR B/20;8416444;7605
ASMOCID 40MG CP PEL  GAS RES/20;8067179;4165
ASMOCLAV 100/12,5MG PDRE SUSP BUV F/60ML;8481878;3995
ASMOCOLD 500MG/5MG/2MG/30MG CPR B/80;8458230;5030
ASMOCOLD SUSP BUV F/100ML;8644837;1035
ASMODROX 250MG CPR B/10 (CEFADROXIL;8423384;5540
ASMOFLAM 100/162,5MG BUV 60ML;8443487;1310
ASMOFLAM 400/325MG CPR B/20;8067216;1520
ASMOFLOX 200MG CP PEL SEC B/20;8067222;4135
ASMOFLOX-OZ 200/500MG CPR B/20;8067558;7605
ASMOFORCE 100MG CPR B/4;8067245;2440
ASMOLOS-HT 50MG/12,5MG CPR PEL B/30;8416438;6230
ASMOXIME 100MG/5ML PDRE SUSP BUV F/60ML;8442192;4820
ASMOXIME 200MG CPR B/10;8067274;4850
ASOMEX 2,5MG CPR B/50;2291220;6920
ASOMEX 5MG CPR B/50(AMLODIPINE);8038367;11740
ASP 100MG CPR BT 60;2480829;1515
ASPEGIC 1000 SACH B/20;3189819;3070
ASPEGIC 100MG ENF BB SACH B/20;3189363;2215
ASPEGIC 1G AMP INJ B/6 (FA);3261020;9180
ASPEGIC 250 SACH B/20;3270361;1940
ASPEGIC 500 SACH B/20;3122689;1985
ASPI VENIN UNITE;6254227;37060
ASPIRATEUR DE MUCSOSITE PORTABLE;9023882;346920
ASPIRATEUR MANUEL;3260049;120000
ASPIRINE 100MG RPS CPR B/20;2019475;620
ASPIRINE 81MG CPR;3265526;8800
ASPIRINE CARDIO 100MG CPR B/30;8080168;2080
ASPIRINE DU RHONE 0.5G CPR B/30;3135261;900
ASPIRINE PROTECT 100MG CP B/30 BAYE;2693993;4330
ASPIRINE SPECIA 0,5G CPR B/100;3007706;2410
ASPIRINE UPSA 1G COMP EFF B/20;3353153;2880
ASPIRINE UPSA VIT C CP EFF B/20;3007681;1280
ASPIRINE VIT B1C DEROL COMP/20;3007391;1650
ASPRO 500MG CPR EFF B/20;3206245;2440
ASPRO 500MG VITC CPR EF B/20;3325085;6050
ASSAGIX SP FL/150ML;3007830;2220
ASSANIS GEL ANTBACT EXOT 20ML/60UNI;8526960;835
ASSANIS GEL ANTBACT EXOT 80ML/32UNI;3283085;1645
ASSANIS GEL ANTBACT MIX 20ML/60UNIT;8527020;835
ASSANIS GEL ANTIBACT 80ML/32UNITE;3283180;1645
ASSANIS SPR ANTBACT 25ML/30UNITE;8521307;1965
ASTAPH 125MG SP F/60ML;8018991;2345
ASTAPH 250MG SP F/60ML;8034518;3365
ASTAPH 250MG/5ML PDRE SUSP BUV F/100ML;8017744;4850
ASTAPH 500MG GEL B/12;8019051;2745
ASTAPH 500MG GEL B/24;8031862;5335
ASTHALEX 2MG/5MG SP 100ML;8091887;1655
ASTHALIN 100MCG INH 200DOSES WA;8082954;2785
ASTHALIN 2MG/5ML SP F/100ML;8079685;2235
ASTHEPLEX GEL B/30 (ORGANISM.EPUISE;8516625;7110
ASTRIAM RETARD 80MG INJ AMP/2ML B/1;8443553;4135
ASTYFER CAPS B/30;8081185;2785
ASTYFER SIROP FL/110ML;8081222;2585
ASTYFER SP F/200ML;8521862;3720
ASTYMIN C GTTE BUV F/15ML;8081251;1500
ASTYMIN FORTE CAPS B/20;8081280;3170
ASTYMIN SIROP F/110ML;8081311;3250
ASTYMIN SN INJ PERF F/200ML;8081340;5855
ASU DENK FIXED DOSE CPR B/3;8071399;3545
ASUNATE DENK 200MG+ CPR B/6 (FA);2291272;4300
ATACAND 16MG CPR B28;8488573;24730
ATACAND 16MG CPR SEC B/30;3715277;8470
ATACAND 4MG CPR S B/30;3720290;6435
ATACAND 4MG CPR SEC B/90;3720315;23450
ATACAND 8MG CPR B/28;8488691;20855
ATACAND 8MG CPR B/90;3715343;25805
ATACAND 8MG CPR SEC B/30;3715320;7545
ATARAX 25MG CPR B/30;3008137;2345
ATARAX 2MG/ML SP F/200ML ;3008143;2570
ATENOLOL 50MG CPR B/30 ARRW;3574173;2740
ATENOLOL 50MG CPR B/90 ARROW;3739579;7875
ATENOLOL 50MG CPR BT/30 ACCORD HEAL;4948492;2050
ATENOLOL 50MG EG CPR B/30 ;3844135;4260
ATENOLOL BIOG 100MG CPR B/30;3791516;5905
ATENOLOL BIOG 50MG CPR B/30;3564424;4615
ATENOLOL DENK 50MG CPR B/100;2264217;9395
ATENOLOL/NIF 50MG/20MG GEL B/30 BRG;403;10210
ATENOLOL/NIFE.50/20MG GEL B/30 MYL;3006367;8365
ATENOLOL/NIFED.50/20MG GEL B/90;3006371;24505
ATEPADENE 30MG GEL B/30;2203150;5250
ATHRITA 20MG/ML INJ AMP 1ML B/6;8426508;3475
ATHRITA 40MG/ML SOL INJ AMP/1ML B/6;8426514;4080
ATHRITA 60MG/ML INJ AMP 1ML B/6;8426520;4575
ATHRITA 80MG/ML INJ AMP 1ML B/6;8426537;4990
ATIVIT SOL BUV F/200ML;6002572;3445
ATMAX 200MG/5ML SUSP BUV F/15ML;8050664;3855
ATMAX 500MG CPR PELL B/3;8050670;5980
ATOLYS EMUL P ATOPIQ CORPS 500ML;7924569;16840
ATOREX CPR 10MG BT/30 (ATORVASTAT);8025873;6520
ATOREX CPR 20MG BT/30 (ATORVASTAT);8025896;8940
ATORFIT 10MG CPR B/30;8084717;6365
ATORFIT 20MG CPR B/30;8084700;8435
ATORFIT 40MG CPR B/30;8425319;8020
ATORFIT AM 10/10MG CPR B/30;8084031;10015
ATORFIT AM 10/5MG CPR B/30(FA);8084025;9505
ATORLIP 10MG CPR B/30 WA;8080197;6890
ATORLIP 20MG CPR B/30 WA;8095201;7165
ATORLIP 40MG CPR B/30 CIPLA;8061685;8815
ATORVACOR 10MG CPR B/30;8417627;5910
ATORVACOR 20MG CPR B/30;8417633;8405
ATORVAQ PROGUA 250MG CPR B/12 MYLAN;9267442;27755
ATORVASTATINE 10MG CPR B/30 BGR;2174023;5480
ATORVASTATINE 10MG CPR B/90 ARROW;3017792;21720
ATORVASTATINE 10MG CPR B/90 BGR;2174081;17305
ATORVASTATINE 10MG CPR B/90 MYL;3008009;18720
ATORVASTATINE 10MG CPR B/90 VIATRIS;248;15390
ATORVASTATINE 20MG CPR B/30 SP;8060697;7575
ATORVASTATINE 20MG CPR PELL B/90 BGR;1527;16060
ATORVASTATINE 80MG BGR B/30;3018317;5325
ATORVASTATINE 80MG CPR  B/30 ACCORD;8605599;4040
ATORVASTATINE 80MG CPR B/30;2174336;7260
ATORVASTATINE 80MG CPR B/30 ARRW;3011248;4350
ATORVASTATINE 80MG CPR B/30 MYLAN;30080146;27690
ATORVASTATINE 80MG CPR B/90 MYLAN;3008015;59985
ATORVASTATINE GE 80MG CPR PELL B/30 ARROW;441;6065
ATOVA/PROG 250MG/100MG CPR  B/12 VIATRIS;2674429;10070
ATOVA/PROG 250MG/100MG CPR PELL B/12 BGR;1712;50930
ATOVAQ PROG 62,2MG/25MG CPR B/12BGR;2748990;15590
ATOVAQ PROGUA EG 250/100MG CPR B/12;2247319;31215
ATOVAQ PROGUA SIGM 250/100MG CP/12;4966886;41175
ATRET 0,05% CR T/30G (TRETINOINE CR);8462504;2410
ATRICAN 250MG CAPS B/8;2023270;4090
ATROCLASS 10MG CPR PELL B/30;8432041;6325
ATROCLASS 20MG CP PEL B/30;8432058;8420
ATROMAX 500MG CPR B/3;8475234;4615
ATROPINE 0,3% CY F/10ML ALCON;3085379;4530
ATROPINE 0,5% CY F/10ML ALCON;3085385;3950
ATROPINE 1% CY F/10ML ALCON;3085362;3830
ATROPINE SULF 0,25MG 1ML B/10 AGT;3701341;17995
ATROPINE SULF 0,50MG 1ML B/10 AGT;3701364;8270
ATROPINE SULF 0,50MG 1ML B/10 LAVOI;3653197;6220
ATROPINE SULF 1MG/ML INJ B/10 AGT;3701387;17515
ATROVENT 0,03% SOL NAS AD 15ML;3392756;6490
ATROVENT 0,5MG/1ML S INH UNID AD/30;3658094;20705
ATROVENT 20MCG INHAL SOL FL 200DOSE;3607978;14385
ATROVENT SOL.INHAL.AD 0,5/2ML B/10;3657309;4800
ATROVENT SOL.INHAL.ENF 0,25/2ML B10;3657315;6995
ATTEL IMMOB GENOU KID SALVA;7246359;22175
ATTEL IMMOB GENOU T1 UNIV 3V;4319336;27750
ATTEL IMMOB GENOU T2 UNIV 3V;4319342;27355
ATTELLE ALU-MOUSSE DOIGT 10X300MM;6193336;3285
ATTELLE CHEV SALVACAST STD NOIR;9509797;16270
ATTELLE CLAVICULAIRE LARGE;90067910;27300
ATTELLE GENOU SALVA STANDARD T1;9922327;28440
ATTELLE GENOU SALVA STANDARD T2;9922333;26805
ATTELLE GENOU SALVA STANDARD T3;9922362;27675
ATTELLE LIGAFLEX IMMO T1 MARINE;4432245;27490
ATTELLE LIGAFLEX IMMO T2 MARINE;4432251;24815
ATTELLE LIGAFLEX IMMO3 V2 GENOU MARINE T3 ;8684481;24660
ATTELLE-ALU MOUSSE MAIN/BRAS 80X400;9006820;14735
ATTELLES ALU MOUSSE 50X400 MM;9006814;9445
ATTELLES ALU MOUSSE DOIGT 20X450;6198368;3285
ATURGYL SOL NAS NEB F/15ML;3008456;1810
AUDISPRAY AD SOL SPR 50ML;2087643;10190
AUDISPRAY SOL HYG AURI JUN/25ML;4684685;11180
AUDISPRAY ULTRA 20ML;6131942;4870
AUGMENTIN 100MG BB PDR/SP 30ML;3331401;2855
AUGMENTIN 100MG ENF PDR/SP F/60ML;3439251;5060
AUGMENTIN 125MG PDRE SACH B/12;3263898;4370
AUGMENTIN 1G PDR BUV SACH/12;3445116;7825
AUGMENTIN 1G/200MG IV PDR/1;3304025;3610
AUGMENTIN 500/50MG IV PDR/1;3304048;2040
AUGMENTIN 500MG CPR PELL B/16;3533702;5455
AUGOCIN 0,3% COLL F/10ML;8428364;995
AUREOMYCINE SPECIA 3% PDE 15G;2038716;1520
AUREOMYCINE VALDA 1% OPHT T/5G;2007934;445
AUREOMYCINE VALDA 3% PDE T/15GR;2007940;650
AURICULARUM PDR AURIC+SOLV.10ML;3640148;5195
AURIPAX GTT AURIC.F/15ML;2027204;1790
AUROMOX DUO 100/12,5MG PDR FL/60ML;8463857;3445
AUROMOX DUO 1G/125MG CPR PELL B/14;8463886;5770
AUROMOX DUO 500MG/62,5MG CPR PELL B/14;8463863;4520
AUROMOX DUO FORTE 250/31,25MG PDRE BUV F/60ML;8463840;4135
AUROPODOX 200MG CPR B/10(CEFPODOXIM;8002263;7165
AUROTHER 40/240MG DISP B/12;8016609;2870
AUROTHER 80MG/480MG CPR B/6;8016638;1860
AUROTHRIN 200MG/5ML SP 5ML (AZITHRO;8016578;2660
AUROTHRIN 500MG CPR PELL B/3;8016503;3765
AUTOCLAVE;250220261;613600
AUTOHELIOS AUTOBRONZ HYD 100ML;6194577;11010
AV ACTIF CONCENTRE 2ML;1901398;1280
AVAMYS 27,5MCG PULV NAS F/120DOSES;3832244;2870
AVAS 10MG CPR PELL B/30;8076882;6325
AVAS 20MG CPR PELL B/30;8076913;8435
AVAS 40MG CPR PEL B/30;8027375;10525
AVAS 80MG CPR PEL B/30;8027398;15775
AVASTIN 100MG SOL PERF F/4ML;5662007;135455
AVASTIN 400MG SOL PERF F/16ML;5662013;1028925
AVAZIR 0,3% CCOLL F/10ML;8435097;2080
AVELOX 400MG CPR B/5;2038857;5900
AVEMIX 150 SACH/50G B/25 UNITE;6862406;1290
AVENE;4514428;10560
AVENE AKERAT CR CORP HYDR T/200ML;6478694;10115
AVENE CICALFATE CR 40ML;7566868;6040
AVENE CICALFATE LOT F/40ML;7830779;6410
AVENE CICALFATE+ CR REPAR.100ML;1500221;12375
AVENE CICALFATE+ CR REPAR/40ML;8628666;7995
AVENE CICALFATE+ SPR 100ML;8716442;8780
AVENE CICALFATE+SER REPARATEUR F/30ML;393620;9515
AVENE CLEAN AQUA GEL MAT F/50MG;146394;10505
AVENE CLEAN COMEDOMED PEEL 40ML;395365;9515
AVENE CLEAN COMEDOMED T/30ML;7020285;13315
AVENE CLEAN CR HYDR APAIS 40ML;6017181;10855
AVENE CLEAN DUO GEL NETT 200ML;8613914;7480
AVENE CLEAN EAU MICELL.400ML;6197877;13805
AVENE CLEAN EMULS MAT INCOL.40ML;8311975;7070
AVENE CLEAN EMULS SPF30 50ML;4839662;17360
AVENE CLEAN EXPERT EMULS T/40ML;2108463;8155
AVENE CLEAN GEL NETT SS 400ML;1286221;15795
AVENE CLEAN GEL NETT.200ML;7048524;10430
AVENE CLEAN MASQ DESINC.50ML;8326847;10180
AVENE CLEAN MAT EMULS MATIF 40ML;6186253;10210
AVENE CLEAN MAT LOT MAT FL/200ML;6180813;8810
AVENE CLEAN SAVON 100G;8602974;5550
AVENE CLEAN WOM SN NUIT 30ML FA;6129490;19360
AVENE CLEAN WOMEN SER COR F/30ML;2770020;20180
AVENE CLEAN-AC CR HYDR 40ML;7049245;7565
AVENE CLEANANCE SER F/30ML;8779980;12005
AVENE COLD CR LAIT CORP 400ML;8369911;11545
AVENE COLD CR.GEL NETT SURG 400ML;7728756;8290
AVENE COLD CR.PAIN SURG.100G (FA);6339260;3515
AVENE COLD CREAM CR MAIN 50ML;8277646;4205
AVENE COLD CREAM CR VIS T/100ML;6493038;9595
AVENE COLD CREAM CR VIS T/40ML;6454162;4810
AVENE COLD CREAM GEL SURG 250ML;7596622;5870
AVENE COLD CREAM STICK LEVR 4G;7916914;4225
AVENE COUVR PDR MOSAI.ECLAT 9G;9699220;10420
AVENE COUVR PDR MOSAI.SOLEIL 9G;7516824;12335
AVENE COUVR PDR MOSAI.TRANSL.9G;7516818;12295
AVENE CR MINER THP SPF50+ F/50ML;9584132;9615
AVENE CR PEAUX INTOL T/50ML;8337118;10945
AVENE CR SOL.THP TEINTE SPF 50+ 50M;4514233;8990
AVENE D-PIGMENT SOIN LEGERE F/30ML;9754456;21730
AVENE DEO REGUL PX SENS BILLE 50ML;4585173;14350
AVENE DERMABS.BAUM NUIT RECONF.40ML;7020046;29410
AVENE DERMABS.CR JR FONDAMENT.40ML;7020052;29410
AVENE DUO COLD CR.LAIT CORP 400ML;8514135;17500
AVENE EAU THERM SPRAY 300ML;6418953;7430
AVENE EAU THERMAL AERO F/150ML;6365487;5790
AVENE ELUAG CR RICHE ANTI-AGE 30ML;4877295;20580
AVENE FLUID MATIF HYD FL/50ML;9850728;18350
AVENE FLUID SPF50+50ML THP;1394811;13140
AVENE FLUID TEINTE SPF50+50ML;1396991;11000
AVENE GEL GOM.DX CORP T/200ML;4580282;23820
AVENE GOMMAGE DX PURIF.50ML;7466322;8875
AVENE HUIL CORP CALEND.200ML;4580299;11945
AVENE HYALURON ACTIV B3 CR 50;1714101;29170
AVENE HYALURON ACTIV B3 SER 30;1714111;30615
AVENE HYDRA SPF30 CR T/40ML;397987;15935
AVENE HYDRANCE AQUAGEL F/50ML;1500451;16040
AVENE HYDRANCE OPTI.LEG.40ML;6669804;15935
AVENE HYDRANCE OPTI.SER.HYDR.30ML;6009017;20025
AVENE HYDRANCE OPTI.UV LEG.40ML;4798182;14005
AVENE HYDRANCE OPTI.UV RICH 40ML;4798176;15880
AVENE LAIT DEMAQ FL/200ML;6247380;11010
AVENE LOT MICEL.NET.DEM.200ML;8319416;8105
AVENE MASQ APAIS HYDR T/50ML;7563953;9180
AVENE MAT PERFECT SPF30 50ML;1442411;11545
AVENE MSSE NETT.CLARIF.F/150ML;8351650;12805
AVENE PACK ACNE;1397896;15000
AVENE PACK CLEANANCE COMED;8502971;16480
AVENE PACK CLEANANCE CORRECTEUR;8310349;26000
AVENE PACK DUO COLD CREAM 400ML;6638531;16000
AVENE PACK DUO D-PIGMENT;1470981;40215
AVENE PACK ECLAT ;562482;31800
AVENE PACK HYDRA DOUCEUR ;1950281;20630
AVENE PACK SOLAIRE;1997061;17100
AVENE PACK XERACALM ;1265672;30000
AVENE PACK/1 ECLAT;8558948;31825
AVENE PEDIATRIL CR HYDR ST.200ML;8502965;11345
AVENE PEDIATRIL GEL LAVANT 500ML;4571805;8115
AVENE PHYSIOLIFT JR CR LISS 30ML;9921629;23175
AVENE PHYSIOLIFT NUIT LISS REG 30ML;6379733;24165
AVENE PHYSIOLIFT YX RID/POCH.15ML;6380251;23185
AVENE PX INTOL.LOT NETT 200ML;7177279;7785
AVENE SERENAGE CR JR AGE 40ML;6261457;43160
AVENE SERENAGE CR NUIT AGE 40ML;8319327;21695
AVENE SERENAGE SER.APAIS.HYD.30ML;8319333;24110
AVENE SOL REPAR APR SOLEIL T/200ML;4514351;8760
AVENE SOL. SPF 50+ FLUIDE T/50ML;8628672;14405
AVENE SOL. SPF 50+ SPR 200ML;6025221;22065
AVENE SOL.CR SPF50+ 50ML THP;4514457;8000
AVENE SOL.LAIT SPF50+ 100ML THP;4514380;11600
AVENE SOL.SPF50+ENF SPR 200ML THP;8345738;12870
AVENE TRIACNEAL EXP.CR IMPERF.30ML;2034865;12365
AVENE TRIXERA NUTRI LAIT F/200ML;6003519;10120
AVENE TRIXERA NUTRI.GEL NET.400ML;6003508;12195
AVENE TRIXERA NUTRI.LAIT F/400ML;6003509;13885
AVENE TRIXERA PACK GEL;1674331;25300
AVENE TRIXERA PACK PAIN;1674341;17670
AVENE TRIXERA SAV PAIN  100G;8571133;4985
AVENE ULTRA -FLUID 50+ F/50ML;1785611;14100
AVENE ULTRA MAT FPS30 FLUID 50ML;8619503;12735
AVENE VIT ACTIV CG CR INT ECLAT F/50ML;1781131;23060
AVENE VIT ACTIV CG SERUM CORRECT ECLAT F/30ML;1781141;19770
AVENE XERACALM AD BAUM RELIP 400ML;7011417;25870
AVENE XERACALM AD BME RELIP.200ML;8380108;18270
AVENE XERACALM AD CONC CR T/40ML;399585;11050
AVENE XERACALM AD CR CONC 50ML;8619472;10750
AVENE XERACALM AD CR RELIP.200ML;8380083;20455
AVENE XERACALM AD CR STER RELIP 400ML;7011419;25645
AVENE XERACALM AD HUIL RELIP.400ML;8380114;17400
AVENE XERACALM AD PACK 400ML;1512601;28425
AVENE XERACALM AD PAIN 100G;1389881;5305
AVENE XERACALM NUT GEL NET F/750ML;1728021;19740
AVENE XERACALM NUT GEL NETT F/500ML;1687681;13500
AVENE XERACALM NUTRI LAIT F/400ML;6320077;16660
AVENE XERACALM PACK 200ML;8680945;21660
AVENE YSTHEAL GEL YX A-R T/15ML;8319095;15940
AVENE YSTHEAL+CR ANTI-RID F/30ML;7581365;30870
AVENOC POMMADE     20;3008887;3330
AVENT BIB DECO ELEPH VERT 260ML;9797106;7820
AVENT BIB NAT 2.0 1P T/260;1658451;8160
AVENT BIB NAT.DBLE 260ML;85716610;11625
AVENT BIB NAT.DBLE BLEU 260ML;6308644;13500
AVENT BIB NAT.DBLE ROSE 260ML;8571676;13500
AVENT BIB NAT.UNIQUE 260ML;8571653;7035
AVENT BIB NAT.UNIQUE 330ML;8571699;7820
AVENT BIB NAT.VERRE 120ML;5206404;8315
AVENT BIB PP 330ML;9791084;7260
AVENT BIB VER NAT 2.0 240ML/1;8559617;10735
AVENT EGOUTTOIR BIB;3647478;21905
AVENT KIT NOUVEAU NE;7414093;36995
AVENT PROTEG MAMELON STD/2;8572776;5535
AVENT STERILISATEUR VIDE ELECTRIQ/1;8559847;87780
AVENT TET ANT DEBIT LENT 1MOIS/2;8559327;6165
AVENT TET.NAT.SIL LENT/2;2121096;4410
AVENT TET.NAT.SIL NV NE B/2;2121067;4405
AVENT TET.NAT.SIL VARIABL/2;2061537;4990
AVENT TET.SIL DEBIT LENT/2;6187407;3345
AVENT TET.SIL DEBIT MOY/2;7639159;6505
AVENT TET.SIL DEBIT RAPID/2;7639165;3380
AVENT TIR LAIT ELEC/1;8559706;180535
AVENT TIRE LAIT NATURAL MANUEL;5114346;48095
AVERTISO 200MCG CPR B/4;8467677;1335
AVI H120 FL 1000 DOSES;9010715;2045
AVI IBD INTER FL 1000 DOSES;9052240;2850
AVI ND HB1+H120 F/1000 DOSES;9028885;3445
AVI ND LASOTA +H120 FL 1000DS;527167;3330
AVI POX FLACON 1000DOSES;8289690;6775
AVIAIRE 9 CH D;8665093;945
AVICAL 1000G/240MG/11MG/200UI CPR B/30;8748643;6890
AVIFFA RTI 1000 DOSES FL/1;9006872;16000
AVINEW FL/1000DOSES;1830287;2860
AVINEW NEO CPR BL/10 UNITE;4441037;2395
AVISAN MULTI/CO 1000DS;9009445;71945
AVIT 10000UI GEL B/30;8531903;2835
AVODART 0,5MG CAPS B/30;3618255;28290
AVSAR 10/160MG CPR B/28;1582001;15150
AVSAR 5/80MG CPR B28;1581981;12050
AXABAN-DENK 2,5MG CPR PELL B/60;8733245;30995
AXABAN-DENK 5MG CPR PELL B/60;8733251;34440
AXE DEO APPOLLO F/150ML;2472120;2630
AXEN 100MG SUPPO B/10;8010038;2250
AXOL PROCTO CR AVEC APPLICAT T/40ML;8368260;4270
AXOL PROCTO SUPPO B/10;8648203;3545
AZ 500MG CPR B/3;8081446;4960
AZA-ONE 250MG CPR B/10;8479864;3170
AZACTAM 1 G INJ B/1;3692085;32970
AZANTAC 150MG CPR EFF B/30;3320857;11110
AZANTAC 300MG CPR EFF B/14;3424982;12815
AZANTAC 50MG INJ AMP 2ML BT/5;3268275;5580
AZANTAC 75MG COMP EFF B/14;3434124;2990
AZARGA 10MG/ML 5MG/ML CY 5ML;3912664;18240
AZEE 200MG/5ML SP F/15ML WA;8083020;4105
AZEE 500MG CPR B/3;2298989;4130
AZI-ONCE 200MG/5ML PDRE SUSP BUV F/15ML;8453215;3720
AZI-ONCE 250MG GEL B/6;8453209;2440
AZIBACT 500MG CP B/3;8014639;4165
AZIC 250MG CPR PELL B/6;8076994;2725
AZIC 500MG CPR PELL B/3;8077002;3030
AZICURE 200MG/5ML SUSP BUV F/15ML;8028423;4440
AZICURE 250MG CPR B/6(AZITRHO);8071749;3750
AZICURE 500MG CPR B/3 (AZITRHO);8071778;4990
AZIDERM CR T/15G (FA);8054685;2970
AZIENT 500MG CPR PELL B/3;8084605;3820
AZIK 500MG CPR B/3;8426170;3720
AZILECT 1MG CPR B/30;3657835;51675
AZILIDE 500MG CP B/3 (AZITHROMYCINE;8075670;5045
AZIMO 500MG CPR PELL B/3;8416421;5540
AZINA 200MG/5ML PDRE SUSP BUV F/22,5ML;8450926;1735
AZINEX 200MG/5ML SUSP BUV F/15ML;8468665;2755
AZINEX 500MG CPR PELL B/3;8468671;4135
AZIOCIN 500MG CPR B/3;8438517;3600
AZIRON 500MG CPR B/3 (AZITHROM.);8065341;4930
AZIT 200MG PDR BUV 15ML;8068517;1875
AZIT 500MG CPR PELL SEC B/3;8068492;3885
AZITHRIN 200MG/5ML SUSP F/15ML;8078556;2755
AZITHRIN 250MG GEL B/6;8411079;3200
AZITHRIN 500MG GEL B/3;8003481;3885
AZITHRIN DRY PDRE SUSP BUV F/15ML;8003475;2785
AZITHRO 100MG PDR BUV SACH/3;8069066;1960
AZITHRO 200MG PDR BUV SACH/3;8069132;2785
AZITHRO DENK 250MG CPR B/6;8445204;5165
AZITHRO DENK 500MG CPR B/3;8445210;5165
AZITHRO MP 250MG GEL B/6;8470610;3690
AZITHRO MP 500MG GEL B/3 ;8060786;4440
AZITHROMED 500MG CPR PEL B/3;8442938;6365
AZITHROMIL 200MG/5ML PDR BUV 15ML;8456076;3305
AZITHROMIL 500MG CPR B/3;8456053;3445
AZITHROMYCINE 500MG INJ B/1;1934561;5070
AZITHROMYCINE CREAT 500MG CPR B/30;8082411;20695
AZITHROMYCINE VIR 500MG CPR B/3;8469280;5150
AZITRINE 250MG CPR B/6;2271217;2755
AZITRINE 500MG CPR B/3;8075871;5305
AZITRO ACINO 500MG CPR B/3;9999821;5540
AZITRO DEVA 500MG CPR B/3;9991707;4980
AZITROMICINA BASI 500MG CPR B/3;8431231;5540
AZITROMICINE 250MG GEL B/6;9999169;4890
AZIX 1500MG PDR SUSP 37,5ML;8013806;4715
AZIX 500MG CPR B/3;8000169;6640
AZNOGEN SP F/100ML(CETIRIZINE);8473152;1305
AZNOGRIP SP F/100ML;8473169;970
AZNOVIT PLUS SP F/100ML;2476038;2400
AZOGEN 500MG GEL B/3;8491865;2615
AZOMYCIN 200MG/5ML SUSP BUV F/15ML;8441442;2730
AZOMYCIN 250MG GEL B/6;8483914;2730
AZOPT 10MG COLLYRE F/5ML;3543497;13295
AZRO 1500MG PDRE SUSP BUV F/37,5ML;8467766;5855
AZRO 500MG CPR PEL B/3 (AZITHROM.);9003135;3585
AZRO 600MG/5ML PDR BUV 15ML;8418590;2565
AZRO 900MG/5ML PDR BUV 22,5ML;9003170;3750
AZYLINE 500MG CPR B/3;8439592;3990
AZYTER 15MG/G CY SOL UNID B/6;3820382;5545
AZZ.H.COF.JUNIOR 98:EDT V50+SAV;9026231;20000
AZZ.H.EDT V.50+H&B 150 DS TROUSSE;9026219;33000
AZZARO CHROM EDTV F/100ML;8275736;50000
AZZARO CHROM EDTV100 + GEL DCH75;8333155;61900
AZZARO CHROM EDTV100ML+DEO SPR150ML;672225;47755
AZZARO CHROM EDTV100ML+GELDCH 75ML+VP 10ML;8282765;63960
AZZARO CHROM EDTV200ML;8277592;56665
AZZARO CHROM LEGEND EDTV 75ML;8315134;33000
AZZARO CHROME EDT VAPO F/50ML+KIT 3LENT;8275713;25730
AZZARO CHROME LEGEND EDT VAPO 125ML;8332635;28835
AZZARO CHROME PURE EDT VAPO 50ML+DEO;9021564;34740
AZZARO CHROME SPORT EDT VAPO 100ML;8333149;27805
AZZARO CLUB MEN EDT F/75ML;8373137;28470
AZZARO CLUB WOMEN EDT F/75ML;8373143;28470
AZZARO PR H EDT VAPO 200ML;50000010;48940
AZZARO PR H EDTV 100ML;8275682;33280
AZZARO PR H EDTV100ML+EDT 30ML;8215289;55635
AZZARO PR HOME EDT VAPO 50ML+GEL DCH;9008339;36785
AZZARO-AZZARO H -EDT 50ML+SG 75ML;672245;44840
AZZARO-AZZARO PR H-EDT 50ML+SH;67222;44540
AZZARO-CHROME -EDT 100ML+10ML+SH F/75ML;672222;60745
B FERIC SUSP BUV FL/200ML;2275669;3030
B-COLEN SP F/200ML;8061840;3630
B-VIT FORT CPR B/100(B1+B6+B12);8084255;6060
B.O.P.CPR ENR T/60;3009071;5285
BABA DE CARACOL CR T/120G(BAVES D'E;8399059;20905
BABIROSE BIB 250ML CLASSIC LARGE ;670758;3930
BABIROSE BIB 300ML CLASSIC ;670759;4370
BABIROSE COLD CREAM 100GR;670281;5005
BABIROSE COTON TIGE B/150;670183;1085
BABIROSE COTON TIGE B/90;670182;960
BABIROSE COTON TIGE SEC.B/50;670373;1225
BABIROSE CR ANTI-MOUSTIQ 50ML;670529;2000
BABIROSE CR APAISANTE 100GR;670110;3670
BABIROSE CR PR LE CHANGE 50ML;670530;2665
BABIROSE CR PROTECT 100GR;670108;3670
BABIROSE EDTV  250ML(ROSE/BLEU);670342;3005
BABIROSE GEL DCHE 250ML;670222;2500
BABIROSE LAIT TOILETTE  250ML;670107;2665
BABIROSE LINGETTE P/72;670306;1400
BABIROSE PDR TOIL 100G(ROSE/BLEU;670104;1170
BABIROSE SAC 8PCES;8552383;23580
BABIROSE SAV DOUX HAD 85GR;670105;1170
BABIROSE SH DX 250ML(ROSE/BLEU);670103;2665
BABIROSE SUC ANAT 1AGE PHYSIO;670769;1750
BABIROSE SUC ANAT 2AGE PHYSIO ;670768;1750
BABIROSE TET 1AGE CLASSIC ;670767;1310
BABIROSE TET 1AGE LARGE ANAT ;670764;1310
BABIROSE TET 2AGE CLASSIC ;670766;1310
BABIROSE TET 2AGE LARGE ANAT ;670765;1310
BABY CARE EAU DE ROGNE F/150ML;8504272;1895
BABYBIO BOUDOIRS SACH/6 B/120G;8609226;1505
BABYBIO LAIT OPTIMA 1 PDRE B/800G;8700843;12725
BABYBIO LAIT OPTIMA 2 PDRE B/800G;8700866;12260
BABYHALER CHAMBR.INHAL BB ENF;7072184;23500
BABYSOIN LINGETTES P/70;1999017;4130
BABYSOIN SER PHYSIO 5ML B/20DOSES;7893455;2405
BACCIDE GEL MAIN F/75ML;7744063;1465
BACCIDE GEL MAINS F/1L;6011312;7770
BACCIDE GEL MAINS F/300ML;4642238;4275
BACILOR 1,5G SACH B/10;8025318;3895
BACILOR GEL B/20;3479612;3735
BACLOFENE 10MG CP SEC B/30 WINT;3674319;4520
BACLOFENE 10MG CPR B/30 ZENTIVA;9027006;3190
BACLOFENE EG 10MG CPR B/30;3023016;2825
BACPERAZONE 1G/1G IM/IV PDRE PR INJ F/1;8463751;6890
BACQURE 500MG AMP INJ B/1;8061857;11050
BACTIDOSE GEL HYD/AL.1L S/PARF;8634684;9010
BACTIDOSE GEL HYD/AL.300ML S/PARF;8502847;3890
BACTIDOSE GEL HYD/AL.75ML ALOE V;8634709;2400
BACTIDOSE GEL HYD/AL.75ML EUCAL;8634715;2400
BACTIDOSE GEL HYD/AL.75ML S/PARF;8502853;2055
BACTIDOSE GEL HYD/AL.75ML TIARE;8634721;1630
BACTIFLOX 750MG CPR B/10;2264252;8985
BACTIFLOX NEO 500MG LACTAB/10;8473867;7575
BACTIGEL ACTIF.LINGET.S/20;1488951;850
BACTIGEL ACTIF.LINGET.S/50;1488961;1390
BACTIGEL DESINF.MIXT 350ML;8147671;900
BACTIGEN COLLYR/AURICUL F/5ML;8302574;1035
BACTOCLAV 1GR CPR B/12;8077752;3805
BACTOCLAV 625MG CPR B/12;8093277;5070
BACTOX 125MG/5ML PDR BUV 60ML;3335882;1130
BACTOX 250MG/5ML PDR BUV 60ML;3335876;1750
BACTOX 500MG GEL B/100;2294431;7330
BACTOX 500MG GELULE B/12;3260397;1835
BACTOX 500MG IM FL+AMP BT/1;3313797;1000
BACTOX 500MG PDR BUV F/60ML;3408925;2415
BACTOXIME DS 100MG/5ML PDR BUV 60ML;8417975;4505
BACTOXIME DT 200MG CPR B/10;8417969;4795
BACTOZOL 500/500MG CPR B/20;8082204;6920
BACTRIM ADULTE CP B/20;3001069;3630
BACTRIM FORTE COMP B/10;3219704;3500
BACTRIM PED SUSP BUV F/100ML;3130536;6720
BACTYL 0,025% CY F/10ML;8020137;1310
BADGE PHCIEN A/CADUCEE FENETRE;9007015;5755
BADGE PREPTEUR A/MORTIER FENETRE;9007009;5755
BADGE PREPTRICE A/MORTIER FENETRE;9006990;5755
BADIANE ETOIL.POCH/25;8355837;9210
BADIANE ETOIL.VRAC B/50G;6170200;3850
BALLON IMC 65CM;9037631;44880
BALLON IMC 85CM;90264110;66090
BANDAGE HERN 250ENF CAOU 60-65;2039360;37830
BANDAGE HERN 3022 DBL T/100 B11 N;6311592;40000
BANDAGE HERN 3022 DBL T110 B11 N;6553912;82765
BANDAGE HERN 3022 DRT T/100 B/2 N;6311528;49110
BANDAGE HERN 3022 DRT T110 B 2 N;6553929;51665
BANDAGE HERN 3022 DRT T110 B 2 N;9003448;50825
BANDAGE HERN 3022 GCH T100 B2 N;6311557;41510
BANDAGE HERN.250 ENF T/30-35 CAOUT;6550753;37830
BANDAGE HERN.250 ENF T/50-55;9022322;37830
BANDAGE HERN.A/RESS.DBLE T/90;6311563;102915
BANDAGE HERN.GCHE T/80;6371045;44065
BANDAGE HERN.S/RESS.DBLE T/70;6013995;43480
BANDAGE HERN.S/RESS.DBLE T/70;9003299;43480
BANDAGE HERN.S/RESS.DBLE T/75;6553875;72285
BANDAGE HERN.S/RESS.DBLE T/80;6553881;75240
BANDAGE HERN.S/RESS.DBLE T/85;6553898;102915
BANDAGE HERN.S/RESS.DRT T/75;6370985;42335
BANDAGE HERN.S/RESS.GCHE T/75;6371039;26330
BANDAGE HERN.S/RESS.GCHE T/85;6371051;44260
BANDAGE HERN.T60-65 PELOTE PLEINE;9000007;40895
BANDAGE HERNIAIRE R3167 T3;6593449;45005
BANDAGE IMMOB EPAUL T1 VELPEAU;4663625;31110
BANDAGE IMMOB EPAUL T2 VELPEAU;4663631;30925
BANDE ADH NT 2,5MX10CM PHD;8651168;1160
BANDE ADH NT PHD 10CMX2M MICRO;1904451;1160
BANDE ADHESIV ELAST UBIPLAST 8CMX2,5M/1;8651151;2995
BANDE ADHESIVE ELAST UBIPLAST 6CMX2,5M B/1;8651145;2420
BANDE BIFLEX +16 LEG CHAI 10X3M;6302558;11640
BANDE BIFLEX LEGERE ETAL BEIG 3M5X8CM;8315909;10745
BANDE BIFLEX+16 LEG CHAI 8X3CM;7044408;9205
BANDE BIFLEX+17 FORTCHAI 10X3M;6302593;12810
BANDE BIFLEX+17 FORTCHAI 8X3M;7044443;7980
BANDE CREP COTON PHD 4MX15CM ;1273091;1150
BANDE CREP LABEL 4MX10CM CELLO;2265470;765
BANDE CREP LABEL 4MX10CM ETUI;8204819;865
BANDE CREP LABEL 4MX15CM CELLO;8204759;1110
BANDE CREP LABEL 4MX15CM ETUI;8204825;1355
BANDE CREP LABEL 4MX20CM ETUI;8204831;1795
BANDE CREP LABEL 4MX30CM CELLO;8204848;2655
BANDE CREP LABEL 4MX5CM CELLO;8204720;410
BANDE CREP LABEL 4MX5CM ETUI;8204794;495
BANDE CREP LABEL 4MX7CM CELLO;8204736;670
BANDE CREP LABEL 4MX7CM ETUI;8204802;630
BANDE CREP VELP.4MX10CM;6604839;1460
BANDE CREP VELP.4MX15CM;6600729;1790
BANDE CREP VELP.4MX5CM;6600706;960
BANDE CREP VELP.4MX7CM;6600712;1140
BANDE CREP VELP.F 4MX20CM 32431;4027349;1740
BANDE CREPE COTON 4MX005 B/1 TM;8055035;780
BANDE CREPE COTON 4X0.10;6198960;950
BANDE CREPE COTON 4X0.15;8204015;1190
BANDE CREPE COTON PHD 5CMX4M;1942411;480
BANDE CREPE SS ETUI 4MX7CM;6198954;675
BANDE CREPE SS/CELLO 4MX10CM;8621351;710
BANDE CREPE STERILUX 4MX0,07;6164702;935
BANDE CREPE VEL F COT 4MX7CM 32428;8109512;380
BANDE CREPSAN 4MX10CM LITE;2573504;640
BANDE CREPSAN 4MX15CM LITE;2573510;1020
BANDE CREPSAN 4MX20CM LITE;2573496;1460
BANDE CREPSAN 4MX5CM LITE;2573527;350
BANDE CREPSAN 4MX7,5CM LITE;2573473;475
BANDE DE GAZE 3X10CM;8754833;220
BANDE DE GAZE 3X5CM;8366893;130
BANDE DE GAZE 3X7CM;8221605;185
BANDE ELAST.3,5MX10CM ELAST.A/ADH;1395839;10600
BANDE EXT LABEL 3MX10CM CELLO;8204877;205
BANDE EXT LABEL 3MX5CM CELLO;8204854;120
BANDE EXT ST 15CMX4M CELLO/1;4465552;380
BANDE EXT STERILUX 10CMX4M C/1;4465575;250
BANDE EXTENS STERILUX 7CMX4M CELLO;4465598;230
BANDE EXTENS.TETRA 4MX7CM;6269973;540
BANDE EXTENSA CO 2,5MX6CM;8759612;3380
BANDE GAZE LABEL 3MX5CM P/10 ;8204883;1935
BANDE GAZE LABELL 3MX10CM P/10 UNIT;8204908;260
BANDE GAZE LABELL 3MX7CM P/10 UNITE;8204890;240
BANDE GAZE LABELL 5MX10CM P/10 UNIT;8204713;230
BANDE GAZE LABELL 5MX7CM P/10 UNIT;8204707;230
BANDE NYL EXT LABEL 3MX7 CELLO;8204860;165
BANDE NYLEX EXT 4MX0,05 ETUI;6600505;380
BANDE NYLEX EXT 4MX0,07 ETUI;6600511;470
BANDE NYLEX EXT 4MX0,10 ETUI;6600528;600
BANDE PLATREE 2MX10CM PHD;1273121;650
BANDE PLATREE LABELL 2MX20CM;8255751;1115
BANDELETTE CODE FREE SD B/50;8609692;18880
BANDELETTE URINAIRE(GLU-PRO) B/100;8552101;23010
BANEO GH PDE T20G;8471957;1515
BANEOCIN PDRE F/10GR;2021733;1710
BANEOCIN POM T/20G;2016778;1985
BARACLUDE 1MG CPR B/30 (ENTECAVIR);3762911;540410
BARBOTEUR ;85454510;11660
BARBOTEUR (HUMIDIFICATEUR);6584781;53690
BARYTA CARBONICA 30CH DOSES;8048466;945
BAS CUISSE SALVA FORT 6094 T1;6584858;38880
BAS CUISSE SALVA FORT 6094 T4;6584887;38880
BAS CUISSE SALVA FORT 6094L T1;6584893;38880
BAS CUISSE SALVA FORT 6094L T4;6584924;38880
BAS JR SALVA EXTRA FORT 309 T2;6585042;15310
BAS JR SALVA EXTRA FORT 309 T4;6585065;15310
BAS SALVASTIC EXT-FIN 6301 T/3;6584172;25740
BAS SALVASTIC FIN 6103 T4;9010885;20170
BAS SALVAT CONT JARRET R6102 T/3;6584433;15110
BAS SIG AUT COT 2 F DIV ECL LL NOIR;6012599;47410
BAS SIG AUT COT 2 F NOIR ML;2155764;38000
BAS SIG AUT COT 3 H CHROM  SMAL NOR;6406654;45070
BAS SIG AUT COT 3 H EXP CHROM XXLL;6406803;45070
BAS SIG AUT COT 3 H EXP NOIR XXLL;6406499;45070
BAS SIG AUT COT2 H LL INSTINCT PO;9962284;43980
BAS SIG AUT COT2 INST H NOIR M.L;9961942;44080
BAS SIG AUT COT2 INST H SABLE M.N;9961994;45340
BAS SIG AUT COT3 F CHAIR LL;7240859;53410
BAS SIG AUT COT3 F LL EXPERT OCRE;6405910;53090
BAS SIG AUT COT3 F MED LONG OCRE;6405867;46660
BAS SIG AUT COT3 F MEDIUM L DUNE;2137950;42940
BAS SIG AUT COT3 H NOIR XXL;2132734;45340
BAS SIG AUTO COT2 F NOIR S SMALL L;9750062;39960
BAS SIG COT2 INST.H LL SABLE;9962054;43980
BAS SIG COT3 H SMALL COURT PO;6565737;46110
BAS SIG CUI 502 L NOI 38 39P;7093743;42510
BAS SIG CUI 502 M BEI 38 39P;6012139;44370
BAS SIG CUI 502 M NOI 36 37P;7093772;42510
BAS SIG CUI 502 M NOI 38 39P;7093789;42510
BAS SIG CUI 502 SMA B.40 41P;6012174;42510
BAS SIG CUI 502 SMA BEI 36 37P;6012151;42510
BAS SIG CUI 502 SMA N.36 37P;7093803;42510
BAS SIG CUI 503 LAR COUR P;6565660;35680
BAS SIG CUI 503 LAR NOR P;6565683;35680
BAS SIG CUI 503 SMA LONG P;6565743;40080
BAS SIG CUI 503+MED COUR P;6565507;50860
BAS SIG CUI 504 + MED COUR P;6565602;48740
BAS SIG CUI 504 LAR LONG P;6565789;43630
BAS SIG CUI 504 MED COUR P;6565803;48740
BAS SIG CUI 504 SMA COUR P;6565849;50920
BAS SIG CUI 504+SMA COUR P;6565631;48740
BAS SIG CUI.504 SM.LP/2;6565855;49640
BAS SIG DIAP AUTO FIX LL FEM MARINE;7974389;48310
BAS SIG DIAPH2 F LARGE LONG NATUREL;9962278;39030
BAS SIG DIAPH2 F MEDIUM LONG MARINE;7974633;39030
BAS SIG DIAPH2 F MEDIUM LONG NOIR;7109906;39030
BAS SIG DIAPH2 F SMALL LONG NOIR;7109898;45090
BAS SIG ESS THERMO COTON CCL2 NOIR;6011855;40460
BAS SIG INS F/H NOIR L.L;9961959;44080
BAS SIG JAR 503 MED LONG P/2;6677927;37910
BAS SIG JR 503 LARG LONG P;6677956;39250
BAS SIG JR 503 SMAL LONG P;6677904;37910
BAS SIG JR 504 + SMA LONG;6678105;38260
BAS SIG JR 504 MED LONG P;6677991;37120
BAS SIG JR 504 MED NORM P;6677985;38260
BAS SIG JR 504 SMAL LONG P;6677979;38260
BAS SIG JR 504 SMAL NORM P;6677962;38260
BAS SIG STYLE SEMITRAN CCL1 CARAMEL;9962172;38645
BAS SIG URBAN2 H MEDIUM LONG NOIR;4843161;39030
BAS SIG2  H XL CHROME;4843296;49500
BAS SIG2 DIA F PO DU LM 677T;9750352;42940
BAS SIG2 DIA F PO DU LS 676T;9750346;42940
BAS SIG2 DIVIN ECL.FIX F ML NUDE;60126210;51340
BAS SIG2 DIVIN ELCAT F NOIR MED L;6012441;46480
BAS SIG2 ECLAT INF.F XLL NOIR;8137922;51340
BAS SIG2 F DIAPH ML DUNE AUTO-FIX;7963919;42940
BAS SIG2 F DIV.ECLAT PO SL NUDE;6012636;49170
BAS SIG2 F DIVIN ECLAT MN NOIR;6012435;47350
BAS SIG2 F ML AUTO-FIX AUDA;4462447;53760
BAS SIG2 F NOIR CCL1;5133668;36200
BAS SIG2 H I.PO SL NOIR AUTO FIX;9961936;44080
BAS SIG2 INST.H SL SABLE;9962031;45340
BAS SIG2 URBAN FIX H LL CHROME;4843273;51130
BAS SIG2 URBAN FIX H LL NOIR;4843178;51130
BAS SIG2 URBAN FIX H XLL NOIR;4843184;47220
BAS SIG2 URBAN H ML CHROME;4843267;51130
BAS SIG3 EXPERT FIX H LL CHROME;6406737;48240
BAS SIG3 EXPERT FIX H LL NOIR;6406430;52740
BAS SIG3 EXPERT FIX H ML CHROME;6406720;52740
BAS SIG3 EXPERT FIX H ML NOIR;6406424;49620
BAS SIG3 EXPERT FIX L XL NOIR;6406447;48700
BAS SIG3 EXPERT FIX SL NOIR;6406364;44530
BAS SIG3 EXPERT FIX SM L OCRE;6405850;50890
BAS SIG3 F DIAPH PO LL DUNE;8156428;45270
BAS SIG3 INST.COT.FIX H LL NOIR;2132711;49100
BAS SIG3 INST.H LS SABLE;2132800;41540
BASDENE 25MG CPR B/50;3009964;5320
BASIFLUX 0,8MG/ML SP F/200ML;8431248;3030
BASSIN DE LIT PLASTIQUE CV;6396619;23010
BASSIN FORME PENTOUFLE;9023907;19825
BAUME ALAFIA F/180G;3302492;6250
BAUME AROMA T/50G;3006517;6340
BAUME DUTIQUE ROUGE 19G (TIGER BALM);4429622;14070
BAUME EHRLICH T/75ML;2023784;5150
BAUME MIRIGA FL /2.5ML;3067950;1450
BAUME PLUS CR T/75G;8830155;3635
BAUME RESPIRAT.AISEE 40ML PRANAROM;9005967;8400
BAUME ST BERNARD T/100G;3415517;20225
BAVE D'ESCARGOT P/40GR ELICINA;8282802;37310
BAXIM 1G PDRE SOL INJ B/1;8011954;1410
BAYPEN SOL INJ 1G AMP B/1;3236039;4685
BAYTRIL 10% INJ 100ML;9007469;50530
BAYTRIL 10% ORAL F/500ML;9013895;35880
BAZOOK BULLET 300MG CAPS B/10;7347066;27300
BAZOOK BULLET 300MG CAPS B/24;9023126;59400
BB LOVE CHGE CPL 15/25KG P/20;8294627;7330
BCLOVIR 5% CR T/15G;1393061;2820
BD A MICOF ULTRA 4MM B/100;3211043;19405
BD MICROF.+ 0,5ML P/10X10;7864169;41490
BD MICROF.+ SER 1ML 12,7MM B/100;7864175;30935
BD MICROF.29G 0,33X12,7MM B/100;6626031;18330
BD MICROF.31G 0,25X8MM B/100;2110448;22610
BD MICROF.ULT.5MM STYL B/100 31G;2110454;22750
BEAPHAR CANI COLL CALM DOG 65CM;3341859;20180
BEAPHAR FIPROTEC COMB DOG 2-10KG;3754780;8215
BEAPHAR FIPROTEC COMB DOG 20-40KG;3075240;11235
BEAPHAR FIPROTEC DOG 10-20KG ;3075211;4475
BEAPHAR FIPROTEC DOG 20-40KG;9036985;9950
BEAPHAR PEN-TICK TIRE TIQUES;6847855;6165
BEAPHAR POMMADE PLAIES T/30ML;313377;11930
BEAPHAR SH ANTI-DEMAN F/250ML;9062511;10440
BEAPHAR SH CHATS/CHATONS F/200ML;9042945;8500
BEAPHAR SH PELAGE BLANC F/250ML ;9042951;10125
BEAPHAR SH TETRA PUCE/TIC F/200ML;9043028;8550
BEAPHAR VOXICAL CHAT CPR B/2;7000233;10140
BEAPHAR VOXICAL CHIEN >17,5KG CPR B/2;6993700;18090
BEAPHAR VOXICAL CHIOT <20KG CPR B/2;7413159;10140
BEBISOL THERMOMET BAIN POISSON;6329451;2255
BECANTEX SIROP ENF FL/125ML;9054581;1240
BECIDOUZE DRAGEE B/20;8002582;3390
BECILAN 250MG AMP INJ 5ML B/5;3272549;5500
BECILAN 250MG COMP B/40;3010246;9990
BECLAV 1000/200MG IV PDR INJ/1;8416912;2370
BECLO-ASMA AERO 50MCG;2026883;3060
BECLOMETASONE 50MCG INHL 200D TEVATEVA;3771620;4905
BECLOZOLE CR T/20G;8475487;1500
BECONASE 50MCG PULV NAS F/200 DOSES;3292925;10810
BECOTIDE 250MCG AERO FL/200DOSES;3290286;26415
BECOZIME CPR EFFERVESCENTS B/30;9002070;14335
BECOZYME AMP INJ 2ML B/12;3010269;3955
BECOZYME CPR ENR B/20 (FA);3010275;1005
BECTACEF 1000/500MG PDR PPI B/1;8020456;2785
BEDELIX PDRE ORAL SACH B/30;3229708;4420
BEENE GREY FLANN.EDTV120+LOT.AR120M;2264507;32000
BEENE-GREY FLANNEL EDT VAPO 120ML;8672058;19780
BEFIZAL 200MG CPR B/90;7177092;8885
BEFLAVINE 10MG CPR B/20;3010281;1090
BEHRA BLANC.SAV PX SAINE 150G;5003500;1500
BEHRA MARRON SAV PX NETTE 150G;7500355;1500
BEHRA NOIR SAV PX SATIN.150G P.M.;8001252;800
BEHRA ROSE SAV PX DCE 150G P.S.;5024117;700
BEHRA VERT SAV PX LISSE 150G P.G.;2411569;700
BEKAL D3 125MG+250UI CPR B/30;8496182;4835
BEKRACINE 100MG/5ML PDR BUV 60ML;8424047;4840
BEKRACINE 200MG CPR DISP B/10;8424053;5000
BEKRATON 4MG/5ML SP F/50ML;8480241;3855
BEKRATON 8MG CPR B/10;8780894;6200
BEKRAZOLE 200MG/5ML SUSP BUV F/10ML;8434181;1035
BEKRAZOLE 400MG CPR B/1 (ALBENDAZOL;8434175;1035
BELCOSPIRA ORAL 1KG;90074310;56730
BELLADONA GR 7CH;1088146;5390
BELLADONA GR 9CH;108105;5390
BELLAVIE CHILDREN GEL B/15;8771091;9880
BELLAVIE IMMUNO GEL B/15;8771079;10145
BELLAVIE WOMAN GEL B/15;8773948;11135
BELLOC MICROBIOTE GEL B/30;9202213;21200
BELMAZOL 20MG GEL B/14;2291326;3885
BELMAZOL 20MG GEL B/28 (OMEPRAZOL);2291332;6915
BEMFOLA 150 UI/0,25ML S INJ STYL PR +AIG;2382;49170
BENDAMUSTINE ARRW 2,5MG/ML PDR SDP 5FL/50ML;2201;127990
BENDEX 200MG/5ML  BUV 10ML;8171296;880
BENDEX 400MG CPR SACH/1 B/20;8083095;9675
BENOSEN CPR B/20 (ANXIETE/STRESS);8388357;8000
BENYLIN SP FL/125 ML;3010594;1900
BENZAL 10% 1LITRE;9006501;9795
BENZAL 2500MG BLIST 48BOLUS;9002236;10760
BENZAL 300MG BLIST 50BOLUS;9007759;3100
BENZOSEPT CY FL/5ML;2273044;880
BENZYLPENIC.UBI 2,4MUI INJ FL+SLV;8054484;1100
BEPANTHEN 5% CR T/100G;3588778;17010
BEPANTHEN SENSICALM CR T/50;4050348;27770
BEPANTHEN VERGETURE CR 150ML;5157522;21330
BEPANTHENE 100MG CPR B/60;3294924;25570
BEPANTHENE 250MG/ML (500MG/2ML)B/6;3010708;9325
BEPANTHENE 5% PDE T/100G;3594017;10000
BEPANTHENE CICA GEL T/20G;2065883;21720
BEPANTHENE ONGUENT T/30G;3593992;3180
BEPANTHENE SENSICALM CR T/20G;9767602;12655
BEQUIL SELECT REGLABLE T GRAND;2476235;10550
BEQUIL SELECT REGLABLE T MOYEN;2476236;14080
BEQUIL.115/130CM UNITE DURAL;9007742;20455
BEQUIL.AXILL.GRDE TAILLE THUASNE;6015830;24835
BEQUIL.AXILL.MOY PAIRE THUASNE;6015385;24440
BEQUIL.AXILL.MOY UNITE THUASNE;7109970;10905
BEQUILLE SELECT AISSELLE REGLABE M/1;8688622;10905
BERBERIS VULGARIS 7 CH GR;114092;1260
BERDOUES EDC CEDRE BLC 245 900044;8144655;5590
BERDOUES EDC COLOG ORANGE F/125ML;1753081;5850
BERDOUES EDC COLOG ROSE F/125ML;1753031;5810
BERDOUES EDC LAVANDE 245 6952;8142389;6050
BERDOUES EDC NATURAL 245 6951;8142372;5620
BERDOUES EDC VETIVER 245 6955;8142395;6050
BERDOUES MIL FL.GOMM.CORP 200ML;4900935;10920
BERDOUES MIL. FL.BAUM CORP 200ML;4900934;11230
BERDOUES MILLE FL.CR MAIN 50ML;1289706;4840
BERDOUES MILLE FL.EAU D. SOIN 100ML;1289735;12980
BERDOUES MILLE FL.GEL DCHE 200ML;1289675;5565
BERDOUES MILLE FL.LAIT CORP 200ML;1289712;8140
BERDOUES MILLE FL.SAVON 150G;1289681;4840
BEROCCA BOOST CPR EFF B/20;5360602;27730
BEROCCA CP EFF CA+MG B/15;3570896;11690
BEROCCA CPR EFFV CA+MG BT/30;3570904;13620
BEROCCA ENERGIE CPR EFF B/30;3534510;23780
BEROCCA ENERGIE CPR EFF B/60;3004509;36660
BEROCCA ENERGIE CPR PELL B/30;3527794;23930
BEROCCA ENERGIE CPR PELL B/60;1138;35455
BEROXYL 250MG/5ML PDRE BUV 60ML;8458709;1130
BESICOR 10MG CPR B/30;8482731;3790
BESICOR 2,5MG CPR B/30;8482719;2755
BESICOR 5MG CPR B/30;8482725;2755
BESIVANCE 0,6% SUSP OPHT F/5ML;8470159;7300
BESTCEF 400MG GEL B/10 (CEFIXIME);2270442;8085
BETA-SALIC PDE T/30GR;8419394;3100
BETADINE 250MG OVULES B/8;3203100;10950
BETADINE GARGAR FL/125ML VERT;3152874;1655
BETADINE GEL DERM T/30G;3198801;12955
BETADINE SCRUB F/500ML ROUGE;5523895;5080
BETADINE SCRUB FL/125ML ROUGE;3010861;1445
BETADINE SOL DERM 125ML JAUNE;3149978;1875
BETADINE SOL DERM 500ML JAUNE;5523926;5290
BETADINE SOL VAG.+NEC.125ML;6158328;4295
BETADINE SOL VAG.125ML BLEU;3010855;1435
BETADINE SOL VAG.500ML BLEU;5523872;5125
BETADINE TULLE 10X10 CPRES B/10;3219408;2865
BETAHISTINE 8MG CPR B/30 BIOGARAN;3506705;2020
BETAHISTINE EG 24MG CPR B/60;38341027;6090
BETAMECRO 2MG CP DISP B/10;8456283;2065
BETAMED 0,05% CR T/30G;8419419;3720
BETAMED 0,05% PDE T/30G;8419431;3695
BETAMED 4MG/ML IM/IV AMP B/5;8419402;3610
BETAMED ORAL SUSP BUV F/30ML;8419425;3900
BETAMETHASONE 0,05% 30ML ARRW;3894707;2755
BETAMETHASONE 2MG CPR B/20 ARROW;3887788;2830
BETAMETHASONE 2MG CPR B/20 ZENTIVA;3887759;3080
BETAMETHASONE 2MG CPR DISP/20 BIOG;3887541;3540
BETAMETHASONE 2MG CPR DISP/20 EG;3887819;3360
BETAMETHASONE CR 0,05% T/30G;1290723;2700
BETAMETHASONE GH 0,05% GTTE BUV F/30ML;8471963;2755
BETAMETHASONE GH 2MG CPR DISP B/20;8471986;2755
BETAPINN 0,05% CR T/30G;8476653;1380
BETASERC 24MG CP B/60;3556471;9495
BETASONE 0,5MG/ML GTT BUV 30ML;8093828;3295
BETASTENE 0,05% SOL BUV 30ML;8025459;3130
BETASTENE 2MG CPR DISP B/20;8445687;3305
BETFENAC-P CPR B/20;8799161;2480
BETNESOL 4MG/ML AMP IM/IV 1ML B/3;3010967;2490
BETNESOL 5MG S.RECT POCH/100ML;3010996;3075
BETNEVAL 0,1% CR DERM T/30GR;3247333;2695
BETNEVAL 0,1% LOT DEM FL/15G;3011010;1835
BETNEVAL 0,1% POM T/30G;3247356;2625
BETNOSAL 0,05%/3G PDE T/40G;8469883;2410
BETNOSONE 0,05% CR T/40G;8469860;2340
BETNOSONE 0,05% PDE T/40G;8469877;2340
BETNOVEX 0,1% CR T/20G;8476765;1790
BETNOVEX 4MG/ML SOL INJ AMP/1ML B/30;799512;1860
BETOPTIC 0,25% COLLYRE F/3ML;3351295;4000
BETOPTIC 0,5% COLLYRE F/3ML;3290458;4830
BEVAAS 100MG/4ML F/4ML;2008885;132165
BEVAAS 400MG/16ML F16ML;90358410;400945
BEVITINE  CPR ;3011139;2945
BEVITINE 100MG INJ IM 2ML B/5AMP;3011116;2395
BEVITINE 250MG CPR ENR B/20;3013974;2470
BEWELL CONNECT MY GLUCOMETRE;9056404;47615
BEWELL LANCETTE STERILE B/100;9060742;4235
BEWELL MY TENSIOMETRE DE BRAS;9823677;74890
BEZINC GELULE B/30;8005132;3445
BEZINC SP FL/200ML;2482734;4380
BFRESH BDB F/100ML;8466525;2300
BG STAR BAND BT/50;7592589;22810
BG STAR BANDELETTE B/100;9759264;67000
BGLAU 2ML/ML COLL F/5ML;8006002;9945
BI ORAGIN 1,5MUI/250MG CPR PEL/16;8421988;4935
BI-OROGYL 1,5MUI/250MG CPR B/10;8068167;6420
BI-SPIROGYL 1,5MUI/250MG CPR B/10;8083356;4300
BIACTOL LOT PURIF P SENS (NSFP);5282807;6890
BIAFINE EMULSION T/100ML(93G);3192282;2480
BIAFINE EMULSION T/200ML(186GR);3285701;8220
BIAFINEACT EMUL T/139,5G;3783209;10945
BIAGIOTTI ROMA EDT SPRAY 50ML;9014363;42105
BIAGIOTTI VENEZIA UOMO EDT VAP 75ML;9007529;34400
BIAKOF RHUME CPR B/10;9006889;1075
BIAKOF SP TOUX F/200ML;8064614;2065
BIARUB POM CUTANEE 50G;1665541;3840
BIBA SP MULTIVIT.F/100ML;8071896;2480
BIBACTIN 240MG SP 100ML;2291349;1545
BIBLOC 10MG CPR PEL.B/30;8006746;4850
BIBLOC 5MG CPR B/30(BISOP.HEMIFU;8006717;2785
BICALUTAMIDE 50MG CP B/30 PMS;8076132;27700
BICALUTAMIDE 50MG CP PEL B/30 EG;3761165;43330
BICALUTAMIDE 50MG CPR B/30 BGR;3785177;24470
BICALUTAMIDE 50MG CPR PELL B/30 ARRW;3772826;34120
BICALUTAMIDE 50MG CPR PELL B/30 MYLAN;3843288;33615
BICARBO CPR B/30;8656384;1820
BICARBONATE NA 1,4% 250ML;3126144;1150
BICARBONATE NA 1,4% F/500ML FRESNIU;3126150;1580
BICARBONATE NA 1,4% INJ B/10 LAV;3667590;6790
BICARBONATE NA PDR 75G GILBERT;7218392;2630
BICARBONATE SOD 1,4% 250ML COOPER;3507343;1970
BICARBONATE SOD 1,4% 500ML COOPER;3507372;2670
BICARBONATE SOD 250G GILBERT;8419448;1970
BICARBONATE SOD 250G PLANET PH.;8245617;1255
BICARBONATE SOD 500MG GEL B/50 CPER;1400977;5970
BICARBONATE SOD B/250GR CIPHARM;2289341;705
BIDONTOGYL 1,5MUI/250MG CPR B/15;8088075;5195
BIEN ETRE COL.ESS.FRAICH.250ML;6027402;6160
BIEN ETRE COL.ESS.FRAICH.500ML;6027419;10790
BIEN ETRE COL.FL.ORANGER 250ML;8105589;4400
BIEN ETRE COL.NATUREL.250ML;2278478;6160
BIEN ETRE COL.NATUREL.500ML;2278484;10160
BIEN ETRE COL.ROSES 250ML;8408396;6160
BIEN ETRE EDC HERBO AMAND 250ML;8492221;4000
BIEN ETRE EDC HERBO FIGUIER 250ML;8492238;4000
BIEN ETRE EDC THE AMBRE 250ML;8556659;6160
BIEN ETRE EDC THE BLANC 250ML;3600574;5710
BIEN ETRE EDP FAMILLES 250ML;8492244;6160
BIEN ETRE LAVANDE FL/250ML;6400640;6545
BIEN ETRE LAVANDE FL/500ML;6400657;7135
BIFOSA 35MG CPR B/4(ALENDRONAT ALFOSA);8091657;5925
BIFOSA 70MG CPR B/4;8091686;7880
BILAXTEN 2,5MG/ML SOL BUV 120ML;8476966;5785
BILAXTEN 20MG CPR B/10;8017230;4330
BILAXTEN 20MG CPR B/20;8454309;7300
BILOR 10MG CPR B/10;8097714;2895
BILOR 5MG SP F/60ML (LORATADINE);8014591;2065
BILTRICIDE 600MG COMP B/4;2010669;13970
BILTRICIDE 600MG CPR B/6;3251381;31530
BIMALARIL 20/120MG NN CP DISP/6;8033476;1450
BIMALARIL 40/240MG ENF CP DISP/6;8033482;2400
BIMALARIL 60/360MG G.E.CP DISP/6;8033789;2755
BIMALARIL 80/480MG CPR B/6;8002257;2330
BIMALARIL ADO.SUSP F/30ML;8002464;2755
BIMALARIL BB SUSP F/30ML;8002406;1530
BIMALARIL ENF SUSP F/30ML;8002292;2660
BIMALARIL-PLUS 80/480MG GEL B/6;8033358;3430
BIMODEX PDRE APPL CUT F/10G;8474890;2755
BINOCLAR 250MG CPR B/10;2264269;6765
BINOCLAR 500MG CPR B/14;2264275;16475
BINOZYT 200MG/5ML SUSP BUV 15ML;2265518;3830
BINOZYT 250MG GEL B/6;2265524;5085
BINOZYT 500MG CPR B/3;2270011;5540
BIO;5911137;15000
BIO;9111362;17760
BIO MINCEUR TISANE SACHET B/20;1717561;4870
BIO OIL HLE S NAT 60ML;1578101;7490
BIO OIL HUILE SOIN NAT 200ML;1578121;17840
BIO OIL LOTION CORPS F/250ML;1686841;8440
BIO OIL PACK BEAUTE 100ML;1824821;6200
BIO OIL PACK BEAUTE 200ML;1767511;14800
BIO OIL PACK BEAUTE 250ML;1767521;8400
BIO OIL PACK BEAUTE 60 MAX;1767491;6400
BIO SOMMEIL TISANE SACHET B/20;1717551;4870
BIO-FLOR F/1L;9030959;8235
BIO-OIL GEL PEAU SECHE 100ML;5911905;6200
BIO-OIL GEL PEAU SECHE 200ML;5911906;10360
BIO-OIL GEL SOIN BEAUTE 50ML;5911904;5240
BIO-OIL HLE SOIN BEAUTE 125ML;1334271;10600
BIO-OIL HLE SOIN BEAUTE 200ML;1334281;14800
BIO-OIL HLE SOIN BEAUTE 25ML;1334291;3200
BIO-OIL HLE SOIN BEAUTE 60ML;1334311;6400
BIO-OIL HLE SOIN NATUREL.125ML;1578111;12790
BIO-RITMO AMP BUV 10ML BT/20;2471382;4585
BIOBATEY DIABETTEYK F/250ML;82064010;4530
BIOBATEY JOUVENCE DE BONON F/250ML;8000212;4530
BIOCALYPTOL PHOLCO SP FL/200ML;3572151;2645
BIOCANINA DELTA PLUS COLL CHIEN 48CM;9027272;19165
BIOCANINA DELTA PLUS COLL CHIEN 65CM;9027289;19165
BIOCANINA SHAMPOING PEAU SENS T200ML;7543962;8080
BIOCIDAN COLLY AMP 10ML;3011694;1720
BIOCIDAN COLLYRE 10 UNIDOSES 0,4ML;3383496;7200
BIOCLAV 1125 1000MG/125MG CPR B/12;8731766;4745
BIOCYTE CELLU 7DEFENS GEL B/40;6019336;21300
BIOCYTE COLLAGEN EXPRES GEL/180;824479;26775
BIOCYTE COLLAGEN EXPRESS GOM B/45;8793566;14950
BIOCYTE COLLAGEN EXPRESS MARIN BUV B/30;2649549;34355
BIOCYTE COLLAGEN EXPRESS S BUV STICK/10;8322766;14640
BIOCYTE COLLAGEN MAX CACAO 13G B/20;6004758;27170
BIOCYTE COLLAGEN MAX ORIG PDR P/210G;8793603;30050
BIOCYTE ECLAT EXTREM PEAU 40GEL;6036247;53605
BIOCYTE ELASTINE 720MG GEL B/40;2075781;30080
BIOCYTE GLUTAT LIPOSOM GEL B/30;824465;30140
BIOCYTE GLUTATH.50MG GEL B/30;8401342;26550
BIOCYTE GLUTATH.LIPOS.100MG GEL/30;6100895;58140
BIOCYTE HYALUR FORTE 300MG GEL PACK B/90;8793543;36685
BIOCYTE HYALUR MAX 500MG PDR P/280G;6018336;29485
BIOCYTE KERACTINE 100MG GOM B/60;8793589;15795
BIOCYTE KERATINE FORTE ANTI CH GEL B/40;8734262;20005
BIOCYTE KERATINE FORTE MASQ P/150ML;8793595;20360
BIOCYTE MAGNESIUM LIPOSOMAL GEL B/60;6016382;13995
BIOCYTE VIT C LIPOS. 500MG GELL B/30;8244665;10335
BIOCYTE VIT C LIPOSOME 10STICK;6035962;14520
BIODEMA ATOD. CR DE DOUCHE 1L;9937145;10750
BIODERMA ATOD. CR PARFUMEE FP/500ML;9937180;10870
BIODERMA ATOD. CR ULT-NOUR F/500ML;8713550;11745
BIODERMA ATOD. CR ULTRA NOUR.F/200ML;4550499;8315
BIODERMA ATOD. GEL DE DOUCHE 500ML;9937205;12430
BIODERMA ATOD. HUILE DCHE F/1L;2852084;20890
BIODERMA ATOD. HUILE DCHE F/500ML;9810194;17085
BIODERMA ATOD. INTENSIV BME APAIS 500ML;6535920;22060
BIODERMA ATOD. INTENSIV BME ULTRA-APAIS 200ML;8686712;13195
BIODERMA ATOD. INTENSIV GEL MSS.200ML;7520760;7560
BIODERMA ATOD. LAIT HYDR PS T/200ML;7493804;7730
BIODERMA ATOD. NETT DCEUR GEL DCH F/1L;9937292;15955
BIODERMA ATOD. PACK SEBIUM ANT-IMP;1257301;24000
BIODERMA ATOD. PAIN SURGRAS 150G;7498316;4385
BIODERMA ATOD. PP BAUM ANTI RECID 200ML;4716994;13650
BIODERMA ATOD. PP BAUME PTS T/500ML;4550507;25400
BIODERMA ATOD. PP CR 200ML;7726527;9190
BIODERMA CICABIO CR REPA APS F/40ML;6469554;8210
BIODERMA CICABIO CR REPAR AP PX LISS 40ML;8355694;7920
BIODERMA CICABIO SPF 50+ F/30ML;8157592;6485
BIODERMA CLARTE CR JOUR T/50ML;2272441;4655
BIODERMA CLARTE CR NUIT T/50ML;2284964;4640
BIODERMA CR TEINT CLAIR T/50ML;8309808;4725
BIODERMA CREALINE H2O SOL MICEL.F/250ML;7228812;10175
BIODERMA CREALINE H2O SOL NETT F/500ML;7564579;12595
BIODERMA CREALINE MOUSS F/200ML;8686497;11280
BIODERMA CREALINE TS H2O SOL F/250ML;7476711;13890
BIODERMA LAIT CLARTE 500ML;2270761;7215
BIODERMA LAIT DEMAQ F/250ML;8309760;12620
BIODERMA LAIT SUPER HYDR 500ML;2270809;11590
BIODERMA LAIT TEINT CLAIR 500ML;2270821;6910
BIODERMA LOT PURIF F/200ML;2284987;4870
BIODERMA PAIN 100GR;2292656;8165
BIODERMA PHOTODERM LT ULTRA SPF50+INVIS T/200ML;8757748;24245
BIODERMA PHOTODERM SPF50+ AQUA T/40ML;8687640;15590
BIODERMA PHOTODERM XDEFENS ULTRA SPF50+ F/40ML;9813614;15525
BIODERMA PHOTODERM XDEFENS ULTRAFLDE SPF50+ F/40ML;7367057;15880
BIODERMA PIGMENTBIO CR MOUSS F/500ML;8763105;23425
BIODERMA PIGMENTBIO DAILY CARE SPF50+ F/40ML;8686505;23560
BIODERMA PIGMENTBIO SENS AREAS CR F/75;8686528;17095
BIODERMA SAV MINCEUR PAIN 150G;8309783;4835
BIODERMA SAV SEBIUM PAIN 100G;8358847;8005
BIODERMA SEBIUM CR MATIF.T/40ML;4604634;5590
BIODERMA SEBIUM GEL MOUSSANT F/500ML;9927709;18820
BIODERMA SEBIUM GEL MSSANT PG T/200ML;8332569;9155
BIODERMA SEBIUM GLOBAL SOIN INT.PUR.30ML;6014750;10940
BIODERMA SEBIUM GOM.GEL MSSANT 100ML;7413142;10075
BIODERMA SEBIUM H2O F/100ML;9537693;6915
BIODERMA SEBIUM H2O SOL NETT 250ML;7228829;8625
BIODERMA SEBIUM H2O SOL NETT 500ML;7564585;11390
BIODERMA SEBIUM MAT CONTR 30ML;8168236;11260
BIODERMA SEBIUM PORE REFINER F/30ML;6135362;12260
BIODERMA SILHOUETTE T/150ML;8309814;10585
BIODROXIL 1000MG CPR B/12;2025323;10085
BIODROXIL 125MG/5ML SUSP F/60ML;4013459;1820
BIODROXIL 250MG/5ML SUSP F/60ML;2025300;3265
BIODROXIL 500MG GEL B/12;2025317;5540
BIODROXIL 500MG/5ML SUSP F/60ML;4013465;5605
BIOFAR 12 MULTIV.CP EF/20;8043144;3615
BIOFAR 12VIT+12MIN.CP EF/20;8010185;4220
BIOFAR CA+MG CP EFF B/20;8043167;3535
BIOFAR CA+VITD3 CP EF/20;8031773;3580
BIOFAR CHROM ORGAN CP EF/20;8043210;4140
BIOFAR COMPLEX VITB CP EF/20;8043173;3750
BIOFAR FER+ACFOL CP EF/20;8031827;3570
BIOFAR MG+B6B2 CP EF/20;8031796;3920
BIOFAR MULTIV.KIDS CP EF/20;8031804;3700
BIOFAR POTAS+MAG CP EFF T/20;8043150;3530
BIOFAR VIT ACE+SE+ZN CP EF/20;8031810;4430
BIOFAR VIT C1000 CP EF/20;8043196;3815
BIOFAR VIT C500 CP EF/20;8031767;3730
BIOFAR ZN ORGAN.CP EF/20;8043204;4230
BIOFER 12 SUSP FL/200ML;2252160;2495
BIOFERON SUSP FL/200ML;2283858;2065
BIOFLOXACIN 400MG CPR B/5;8479290;4135
BIOFLOXAVET-D  2X10 TABS UEMOA HUVEPHARMA;1116535;9145
BIOFREEZE GEL T/110G (ACT.P.FROID);7900356;12510
BIOFREEZE VERT ROLL-ON F/89ML;4402653;21520
BIOKARITE SOIN CORP A-AGE 200ML;90430710;7000
BIOLANE AMAND DOU SPR75ML BSAD;4450208;3660
BIOLANE BASE LAVAND DCEUR GEL/750ML;8566422;8880
BIOLANE CHANGE DERM PED CR 100ML;8323300;4160
BIOLANE CICABEBE BAUME REP AP 3EN1 T/40ML;1426001;4480
BIOLANE CICABEBE BIO CR T/40ML;8607109;4510
BIOLANE CR NOURISSANTE HYDR T/100ML;8340646;4245
BIOLANE DERMO-PED EAU MICEL 500ML;8520549;4930
BIOLANE EAU PUR H2O F/750ML;8614084;6225
BIOLANE EAU PUR.H2O NETT F/400ML;8323323;6770
BIOLANE EAU TOIL SPRAY 200ML ;7387812;3890
BIOLANE GEL ARNICA T/20ML;8614049;4965
BIOLANE GEL ARNICA UNID 1ML B/12;8323346;5020
BIOLANE GEL CORP/CHEV 2/1 750ML;8323352;7580
BIOLANE GEL CORP/CHEVX SURGR F/350ML;8180266;5140
BIOLANE GEL CORPS +CHVX 2EN1 F/350ML;8323369;4450
BIOLANE HAD SPR F/75ML;8323375;3770
BIOLANE KIDS GEL CORPS+CHVX 2EN1 F/250ML;8325664;4545
BIOLANE KIDS SH DEM F/250ML;8323441;4625
BIOLANE LAIT CORP COLD C.350ML;8611387;5585
BIOLANE LAIT H F/350ML;8608043;7580
BIOLANE LAIT TOIL DCEUR F/200ML;8323381;2715
BIOLANE LAIT TOIL DCEUR F/750ML;8323398;7425
BIOLANE LING EPAIS H2O CHARG/72;8323406;2540
BIOLANE LINGET LAIT TOILET B/72;8665058;2755
BIOLANE LINIMENT OLEO-CALC.300ML;8520503;5860
BIOLANE LT CORPS HYD F/750ML;1842141;11645
BIOLANE PR ELLE CR ANTI VERGETUR/200ML;8615758;10060
BIOLANE SAV DX SURG.150GR;8323435;3880
BIOLANE SH DOUCEUR F/350ML;8323458;8200
BIOLANE SOIN HYDRA F/250ML;1557461;11280
BIOLANE TALC APAIS PDR/100GR;8323464;3460
BIOLANE TALC LIQUIDE F/100ML;8611364;7260
BIOLANE TOPI BAUM RELIP F/350ML;1864451;13880
BIOLANE TOPI CR LAV APAI F/350ML;1864471;10580
BIOLANE TOPI HLE LAV PRO F/350ML;1864481;9410
BIOMARTIAL 14MG GEL B/30;8719860;12500
BIOMIST ND 0,05% PED GTTE NAS 10ML;8021119;1100
BIOMIST ND 0,1% GTTE NAS F/10ML;8021148;1170
BIOMIST NS 0,1% PULV NAS F/15ML;8021160;1720
BIOMIST NS 0.05% PED SOL PULV 15ML;8021125;1585
BIOMOXYL 500MG GEL B/24;8731737;3000
BIOMOXYL DS 125MG/5ML PDR SUSP BUV F/60ML;8785638;770
BIOMOXYL DS 250MG/5ML PDR SUSP BUV F/60ML;8785644;950
BION 3 AD CPR B/30;8367007;23850
BION 3 DEF.SENIOR CPR B/60;4352486;51045
BION 3 DEFENSE AD CPR B/60;7761819;30250
BION 3 DEFENSE JR CP CROQ/30 FRAMB;4629404;14665
BION 3 DEFENSE SENIOR B/30;7775075;45900
BION 3 VITALITE  50+ B/30;7750753;18190
BION OMEGA 3 250MGEPA+DHA B/30;6714358;20820
BIONIME BANDELETTE B/50;2483760;12500
BIONIME LECTEUR DE GLYCEMIE;2483759;11000
BIONOLYTE G5 SOL INJ PERF 1L;3675046;3540
BIOPAD ALCOOL 70% TAMPON B/200;8531808;7515
BIOPALUDRINE GEL B/21;8835141;12955
BIOPAMOX 1G IM PDR INJ+SOL 5ML;8068262;855
BIOPTIMUM CHEVEUX CPR BTE 80;7028527;9890
BIOPTIMUM EQUILIBRE MINCE B/80;7028579;8170
BIOPTIMUM FEMME CPR BT/60;7094872;8170
BIOPTIMUM VITAL/PEAU CP B/80;7028562;8415
BIOSTOP CONTREPOUX AGETI SH 100ML;7652303;6295
BIOSTOPCONTREPOUX AGETI LOTION 100ML;8563435;4235
BIOTACHE EMULS.SOL 30ML;7341299;10600
BIOTACHE MASQ DEPIGM.100ML (FA);7676806;12210
BIOTACHE SER SOIN DEPIG.INT.T/15ML;2083013;12895
BIOTACHE SOL CR INVIS T/50ML;4447548;7950
BIOTIC PLUS 100MG ENF PDRE F/60ML;8081469;3915
BIOTIC PLUS 1G/125MG SACH B/14;8081475;5540
BIOTIC PLUS 1G/125MG SACH B/24;8081506;10360
BIOTIC PLUS 500MG/61,25MG SACH B/14;8081529;4410
BIOTINE 0,5% INJ 1ML B/6AMP BAY;3690904;13850
BIOTINE 5MG CP B/60;3690927;34080
BIOTONE AMP BUV 10ML B/20;3531347;3775
BIOVEX 500/200/25MG BUV SACH/8;8079946;1860
BIOVIT PLUS SP F/100ML;9999790;2195
BIOVITAMINE        90;3012179;3895
BIOVORIN 50MG/5ML;8403335;6545
BIOXONE 1000MG IM/IV P+S SOL INJ B/1;8802667;1655
BIPLATRIX BANDE 2MX10CM;6604756;1050
BIPLATRIX BANDE 2MX15CM;6604762;1440
BIPLATRIX BANDE 2MX20CM;6604779;1870
BIPRETERAX 10/2,5MG CPR PEL B/30;3931549;21035
BIPRETERAX 5/1,25MG CPR B/30;3782405;15185
BIPROFENID LP 100MG CPR B/20;3998022;4160
BIRODOGYL CPR PELL B/10;3482815;8830
BISACODYL 5MG CPR B/30 ARROW;1343;3720
BISADYL 5MG CPR ENR GAST RES B/30;8469908;1310
BISEPTINE SOL EXT F/100ML;3291328;2440
BISOCE GE 1,25MG CPR B/30 MYLAN;5313997;5075
BISOCE GE 2,5MG CPR B/30 MYLAN;3531413;4460
BISOCE GE 7,5MG CPR B/30;3531488;4460
BISOPROL/HYD 2,5MG/6,25MG CPR PELL B/30;3922295;5450
BISOPROLOL 1,25MG CPR B/30 BGR;3022730;4750
BISOPROLOL 1,25MG CPR B/30 SANDOZ;3909857;6470
BISOPROLOL 1,25MG CPR PELL B/30;2693;6565
BISOPROLOL 1,25MG REF CPR B/30;2273050;5230
BISOPROLOL 10MG CPR B/30 BGR;3022920;3170
BISOPROLOL 10MG CPR B/30 GH;8076787;3335
BISOPROLOL 10MG CPR B/30 SDZ;3911989;7075
BISOPROLOL 10MG CPR B/50 EG;3615156;7110
BISOPROLOL 10MG CPR B/90 MYL;3724224;14465
BISOPROLOL 10MG CPR PEL B/90 VIATRIS;9010141;15550
BISOPROLOL 10MG REF CPR SEC B/30;3400930;4645
BISOPROLOL 2,5MG CPR B/30 BGR;3529563;2340
BISOPROLOL 2,5MG CPR B/30 EG;4918870;6410
BISOPROLOL 2,5MG CPR B/30 SDZ;3909998;4570
BISOPROLOL 2,5MG CPR B/30 ZENTIVA;2225803;4150
BISOPROLOL 2,5MG CPR SEC B/30 CRIST;45848;6225
BISOPROLOL 2.5 MG CPR B/30 GH;6708184;3305
BISOPROLOL 3,75MG CPR B/30 BGR;3529592;7300
BISOPROLOL 5MG CPR B/30 BGR;3529617;2340
BISOPROLOL 5MG CPR B/30 SANDOZ;3911831;2340
BISOPROLOL 5MG CPR B/30 VIATRIS;184059;3840
BISOPROLOL REF 2,5MG CPR PELL B/90;3022734;6555
BISOPROLOL REF 5MG CPR B/90;1663401;6560
BISPIRAZOLE 1,5MUI/250MG CP B/15;8017922;5595
BISTAHEM SP F/150ML;8751591;3790
BISTOURI UU LAME N10 P/10 UNITE;6473030;875
BISTOURI UU LAME N23 P/100;8270957;5660
BISTOURI UU LAME NØ11 UNITE (B/10);8270880;610
BISTOURI UU LAME NØ20 UNITE (B/10);6387394;720
BITILDIEM LP 120MG COMP B/28;3634426;7050
BITILDIEM LP 90MG COMP B/28;3634449;5680
BLEDI JUNIOR 3/7ANS LAIT PDR 800G;8619667;3270
BLEDILAIT CROISS.1-3ANS 400G;8301391;3690
BLEDILAIT CROISS.1-3ANS 900G;8315217;7120
BLEDINA 130G CAROTTE;8206853;785
BLEDINA 130G COCKTAIL FRUITS;8206882;1435
BLEDINA 130G PECHES POMME;8062667;930
BLEDINA 130G POMME PRUNEAU;6200556;1425
BLEDINA 130G POMMES BANANES;8207120;860
BLEDINA 130G POMMES POIRES;8207166;905
BLEDINA 130G PRINT. DE LEGUMES;8207083;610
BLEDINA 200G COCKTAIL FRUITS;8114648;1120
BLEDINE BLE & LAIT 125GR;2295784;800
BLEDINE DIASE CR MAIS B/200G;313;1530
BLEDINE DU SOIR 250G DOUC LEG;2265174;1520
BLEDINE FRUITS 250G;6374434;1400
BLEDINE LACTEE AU MIEL 250G;6052222;2105
BLEDINE LACTEE BANANE B/250G;8315223;2105
BLEDINE LACTEE BISCUITEE 250G;6151651;2110
BLEDINE LACTEE CROISS.250G;8315200;2075
BLEDINE LACTEE FRUITS 250GR;8206712;1605
BLEDINE LEGUMES POTAG.CEREAL.240G;8559899;1400
BLEDINE MIEL & LAIT 125GR;8107915;1330
BLEDINE MULTI CEREALES 210G;8558285;1335
BLEDINE RIZ CAROTTE 125G;8280909;1000
BLEDINE RIZ CAROTTES 250G (FA);8207367;1485
BLEDINE RIZ MAIS B/200G;8117434;1530
BLENDADENT BATON.INT DENT B/100;9007423;4585
BLEOMYCINE 15MG IM IV LOC PERF;3013196;56195
BLEPHACLEAN COMPRES.STER.PAUP.B/20;7892734;14675
BLEPHAGEL GEL STERILE TUBE POMP  F/30G;2001949;13400
BLEU METHYLENE 1% 60CC VALD;2298593;1210
BLEU METHYLENE 2% 60CC VALD;8207574;1590
BLOCAGE CLAVI.T1 BLC R4162 VELPEAU;4663654;17760
BLOCAGE CLAVIC VELP CLAVICULA CLASSIC T2;8619383;20490
BLOCAGE EPAULE MAR T1 VELPEAU;4663565;16295
BLOCAGE EPAULE MAR T2 VELPEAU;4663571;16185
BLOCAGE EPAULE MAR T3 VELPEAU;4663588;16470
BLOCHYALIN PIERRE D'ALUN;6119446;10840
BLOCIDO 40MG CPR PELL B/30;8829560;6820
BLOKIUM 100MG CPR B/15;2022483;3900
BLOKIUM 100MG CPR B/30;2025984;6955
BLOKIUM 50MG CPR B/15;2022477;2825
BLOKIUM 50MG CPR B/30;2025978;5085
BLOKIUM DIU CPR B/20;2022460;4325
BLOOD LANCET.STANDARD B/100;8397652;2920
BLOOD SP F/100ML;8442097;1495
BLOOD SP F/200ML;8010653;1850
BLOUSE BLANCHE MEDECIN;8248805;15000
BLOUSE BLEUE CLAIRE MEDECIN;8411470;15000
BLOUSE CORDON BLEU;87158410;5250
BLOUSE ROSE MEDECIN;8248745;15000
BLOXANG TOPIC POMMADE T/30G;1621676;17740
BLUE BERRY CAPS B/60 (YX/VISION);4818482;30710
BOCK DCHE LAVEMENT SPLE 2L CPF ;6444324;31615
BOCK INJ 2L KIT(CANUL+ROBIN+TUB);8209389;11265
BODYG.A.MOUSTIC AGRUME 100ML;1510541;6480
BODYG.A.MOUSTIC FL.COCO 100ML;1510531;6440
BODYG.A.MOUSTIC MARINE 100ML;1510551;6440
BODYG.A.MOUSTIC MORINGA 100ML;1510521;6060
BOGART EDTV90ML+AFT.SH90+DEO SPR150;8256236;41210
BOIS BANDE SOL BUV F/125ML;8236009;6710
BOIS D'ARGENT EDP CHRISTIAN DIOR 125ML;9021943;231805
BOITE A PANSEMENT 15ELEMENTS;9008902;99710
BOITE CPR MAL DE MER 2X50;2000524;17990
BOITE CPR MAL DE MER 4X15;2000518;19900
BOITE DE RANGEMEENT MEDICAMENTS;7589622;7260
BOITE DE SECURITE;9031203;9500
BOLINAN COMP B/15;3075292;7025
BOLINAN COMP B/40;3144490;7990
BOLUMISOLE 1 100BOLUS UNITE;9008552;75
BOLUMISOLE 1 CPR B/100BOLUS;9004011;6560
BOLUMISOLE 3 CPR B/100BOLUS;9036778;13715
BOLUMISOLE M1 CPR B/100BOLUS;8240459;7860
BOLUMISOLE M3 CPR B/100BOLUS;2285001;19315
BOLUVIT 250 BOLUS;9052004;96250
BON BON GRIPPE WATER F/100ML;8360896;1380
BONACEF 100MG CPR PEL B/10;8463811;3470
BONACEF 200MG CPR PELL B/10;8463828;3885
BONACEF 400MG CPR PELL B/7;8463834;6820
BONACEF PD 100MG/5ML PDRE SUSP BUV F/60ML;8463805;3250
BONCARE PLUS CPR B/30;8042587;9840
BONCIPRO 0,3% GTT US EXT F/5ML;8097594;2095
BONCIPRO 500MG CPR B/20 (CIPROFLOX.;8051327;4850
BONCIPRO 750MG CPR B/20;8081771;6920
BONDRONAT 50MG COMP B/28;8072269;167105
BONDRONAT 6MG IV FL/6ML;3634857;390615
BONVIVA 150MG COMP B/1;3716578;39140
BONVIVA 150MG CPR B/3;3716756;19360
BONZIM 200MG CPR DISP B/10;8751533;4270
BOOM 100MG CPR B/10;8007935;3335
BOOSTEUR LAIT  DE TRUIE 100G;9025450;3550
BORATE DE SOUDE 1KG (SODIUM);9006062;5250
BORAX 9CH GR;129107;1250
BORAX ACIDE BORIQUE BIOG SOL OPH;3816736;3775
BOREADE CR LAV F/200ML  ACM;4051164;11450
BOREADE M SOIN SEBO MATIF T/40ML;5153056;9640
BOREADE R SOIN RE AP T/40ML;5153033;11540
BOREADE SL SOIN LISSANT T/40ML;8593778;9460
BOSTON SIMPLUS SOL LENTIL 120ML;4273640;13010
BOTICINAL APPETIT TONUS SP F/150ML;75562130;6900
BOTICINAL CA K2 D3 GEL B/90;75025911;16800
BOTICINAL DCE NUIT SP F/150ML;75562123;6900
BOTICINAL FBIOTIC CONFORT INTIME GEL B/30;75026239;9325
BOTICINAL FER BISGLYCINATE GEL B/100;75561850;8800
BOTICINAL IMUNITE SP F/150ML;75562161;6900
BOTICINAL MG BISGLYCINATE GEL B/90;75025997;11800
BOTICINAL NEZ GORGE ENF 6M+ SP F/150ML;75562147;6900
BOTICINAL VIT A GEL B/100;7502843;16800
BOTICINAL VIT C LIPOSOMALE GEL B/60;75561867;13800
BOTICINAL VITALITY BOOST CPR EFF B/30;75028470;11800
BOTICINAL VITALITY ENERG CPR EFF B/30;75026697;9800
BOTICINAL VITALITY IMUNITE CPR EFF B/30;75028487;11800
BOTOT BB JAUNE 250ML;1273511;8770
BOTOT BB ROUGE 250ML;1277781;8900
BOTOT BB VERT 250ML;1273521;9070
BOTOT DENTIF JAUNE 75ML;1273531;4900
BOTOT DENTIFRICE 75ML;7314747;4570
BOTOT EAU BDB F/150ML;6384941;10020
BOUCHAGE FL 24/410 POMPE ALU;9010483;1560
BOUCHAGE FL DIN18 POMPE SPRAY;9014328;990
BOUCHERON  F EDPV 100ML;8391359;43230
BOUCHERON F EDT VAPO FL/50ML;8279361;28480
BOUCHERON J.BRACELET EDPV 100ML;6003643;38000
BOUCHERON JAIPUR EDP VAPO 50ML;9007564;6800
BOUCHERON JAIPUR EMULS PARF 200ML;9005832;22715
BOUCHERON JAIPUR H EDP 100ML;8279496;38055
BOUCHERON PR H EDP F/100ML;8288957;38055
BOUCHERON PR HOM -EDT F/100ML;8279444;35995
BOUCHERON QUATRE F EDP 50ML+LAIT CORPS 100ML;90031580;46980
BOUCHERON QUATRE F EDPV 50ML;8391342;36740
BOUCHERON QUATRE F/100ML;8391371;68960
BOUCHERON QUATRE H EDTV 50ML;8391365;33160
BOUCHERON QUATRE H EDTV100+BAR+GELD;6010614;62000
BOUCHON MOUSSE EAR SOFT B/12;9008925;5870
BOUILLOTE NUE ROUGE 2L CPF ;4872406;18500
BOUILLOTTE 2L NUE;9658729;10500
BOUILLOTTE CLASS.2L ROUGE AGETI;8563292;6165
BOUILLOTTE CLASSIC 2L BLEU AGETI;8563228;4970
BOURGEON CR T/20G;8830132;2180
BOUTEILLE D'OXYGENE 2,0L;4368889;234000
BRACELET ANTI-MOUSTIQ BUGCHASER;7084282;6420
BRAIN ACTIVE DENK CPR 30+CAPS B/30;8511533;15455
BRANCARD CHARIOT;9008948;500000
BRANCARD TOILE PLIANT;9008954;71500
BRASSARD TENSIOM.ANSWER ACCURATE;4203036;11700
BRASSARD TENSOVAL DUO 22-32 MED;9461470;9910
BRASSARD TENSOVAL DUO 32-42 L;9461487;11790
BRASSARD TENSOVAL DUO2 TL/1;8396807;10605
BRAUN PROLONGATEUR 3V 0,25MX1;8218288;3550
BREASTYL CPR B/30;8634968;5455
BREXIN 20MG CPR B/14;3359598;7145
BRICANYL 0,5MG AMP INJ 1ML B/8;3154005;2430
BRICANYL 0,5MG INJ 1ML B/10;3921574;6885
BRICANYL 5MG/2ML NEB BT/20 UNIDOSES;3657321;8155
BRICANYL LP 5MG CPR B/60;2662892;6340
BRICANYL SOL.INHAL.2ML B/50;3657338;18350
BRICANYL TURBUH.0,5MG B/120DOS ASTR;30123522;6885
BRIEM 10MG CPR B/30;3722395;5240
BRILIQUE 90MG CPR B/60;4988741;57005
BRIMAZED 2MG/ML UNIDOSE B/60;150085;14415
BRIMO 0,2% COLL F/5ML;8078272;8435
BRIMOCHEK 0,2% COLL F/5ML;8445368;7630
BRIMOCHEK-T2MG/ML+5MG/ML CY 5ML;8050687;10525
BRIMODROP 2MG/ML COLL F/5ML;21594;7120
BRINACE 1125MG PDR SUSP BUV B/16;8751585;7715
BRINTELLIX 5MG CPR B/28;2770802;11995
BRINZOLAMIDE BGR 10ML/ML CCOLL F/5ML;3004311;6075
BRISTOPEN 1G IV INJ PDR+SOLV 5ML;3015226;2015
BRITNEY FANT EDP SPRAY F/100ML;129807;37130
BRITNEY FANT EDP SPRAY F/30ML;127067;21475
BRITNEY FANT EDP SPRAY F/50ML;127069;27150
BRITNEY MIDNIGHT FANT EDP SPRAY F/30ML;129810;18950
BRITNEY PREROGATIVE EDP SPRAY F/30ML;115144;21475
BRITNEY SP BLISSFUL FANT EDT F/100ML;136742;25255
BRITNEY SP.FANT.EDPV 100ML;4606540;33615
BRITNEY SP.MIDNIGHT F.EDPV 100ML;4609466;33615
BRITNEY SP.MIDNIGHT F.EDPV 50ML;8513816;24205
BRITNEY SP.PREROGAT.EDPV.100ML;8503321;37130
BRITNEY SPEARS BLISSFUL FANT?EDT F/30ML;131026;15150
BRITNEY SPEARS PRIVAT.SHOW 50ML;8513839;19435
BROBION EMULS BUV F/100ML;2160601;3920
BROBION EMULS BUV F/1L;1005028;5740
BROMAZEPAN 6MG CPR BGR;3477228;2385
BRONCALENE AD SP FL/150ML;3464473;2920
BRONCALENE ENF SP FL/150ML;3464496;2630
BRONCATHIOL AD SP FL/150ML;3396033;2545
BRONCATHIOL ENF SP F/125ML;3252127;2500
BRONCHI-STOP SOL F/1L;3240114;6955
BRONCHITYL NOURISSON GTTE F/30ML;8656504;2725
BRONCHO SP F/120ML;8066174;2970
BRONCHODERMINE POM T/60G;3015798;2315
BRONCHODERMINE SUPPO ENF B/10;3015812;2000
BRONCHODUAL 50/20MCG AERO 200DOSES;3608699;16000
BRONCHOKOD 5% AD BUV SOL 250ML;4152037;4780
BRONCOVIR SUSP BUV F/150ML;840139;4065
BRONCOXIL 45MG/5ML SP F/120ML;8003268;1685
BRONEX EXPECT.SP F/100ML;8440394;1790
BRONIPRA-1 1000DOSES;9547007;1650
BRONKIREX 2% SIROP ENF 125ML;3430971;1520
BRONKIREX 5% SIROP AD 300ML;3433053;1890
BRONKIREX 5% SP AD F/125ML;8095282;4520
BRONPAX AD SP FL/180ML;3015953;2545
BRONPAX PATE B/40;3015947;1520
BRONPAX SP ENF 180ML;3288800;2430
BRONQUIDIAZINA C.R.SP F/150ML;8077048;3060
BRONTUSS SP F/100ML;8570642;3295
BROOCOT 30MG SP F/100ML;8066889;1155
BROPDEX 0,3G/0,1G CY 10ML;1388821;2615
BROSS DENT FLUOGEL MEDIUM;8598391;400
BROSS/DEN TGUM ORTHO 124;7247214;2990
BROSS/DENT AQUAFRESH FLEX DURE/1;8205316;1355
BROSS/DENT AQUAFRESH FLEX MEDIUM/1;8354861;1355
BROSS/DENT BIODENT CRYST SPLE;7198873;1530
BROSS/DENT BROOKSTONE SET A PILE;9035514;15600
BROSS/DENT BUTLER AD 4R P/T 407;6322644;5060
BROSS/DENT ELECT STYLE B ELGYDIUM;6025594;12665
BROSS/DENT ELECTR.MICRO2 PROSONIC;6544913;8060
BROSS/DENT ELG A/PLAQ DUR;6073885;3015
BROSS/DENT ELG A/PLAQ MED;6074413;4310
BROSS/DENT ELG A/PLAQ SPL;8352543;4030
BROSS/DENT ELG BABY;4305771;3765
BROSS/DENT ELG BLCH.MED;8347619;4460
BROSS/DENT ELG BLCH.SPL (448672);8353376;4500
BROSS/DENT ELG CLASSIC DURE/1;6554768;3420
BROSS/DENT ELG CLASSIC MED(655474);8352218;3010
BROSS/DENT ELG CLASSIC SPL/1(655475;8352224;3010
BROSS/DENT ELG CLIN.15/100 XSPLE;7054128;3930
BROSS/DENT ELG CLIN.20/100 SPLE;7054135;3835
BROSS/DENT ELG CLIN.25/100 SEMI DURE;7054142;3875
BROSS/DENT ELG CLIN.7/100 POST OP.;7054111;3430
BROSS/DENT ELG CLIN.JNIOR ORTHOD;6680970;4130
BROSS/DENT ELG CLIN.PAROD.;8275096;3935
BROSS/DENT ELG DIFF.DUR (968978);8352603;4185
BROSS/DENT ELG DIFF.MED/1 (968979);9689799;4655
BROSS/DENT ELG DIFF.SPLE/1;8352589;4670
BROSS/DENT ELG INTER ACT MED;8352626;4280
BROSS/DENT ELG INTER ACT SPL ;8352649;4190
BROSS/DENT ELG INTER DUR P/1;8352632;4020
BROSS/DENT ELG JNIOR 7-12ANS;7988871;3895
BROSS/DENT ELG KIDS 2-6ANS;4505984;3610
BROSS/DENT ELG PERF.MED/1(702259);8352690;3685
BROSS/DENT ELG PERF.SPL/1 (702258);8352709;3685
BROSS/DENT ELG SENSIT.SPLE;7992884;4250
BROSS/DENT ELG VITAL DUR;7834429;3345
BROSS/DENT ELG VITAL MED;8352661;3690
BROSS/DENT ELG VITAL SPL/1;8352678;3710
BROSS/DENT ELG XTREM ADO MED ;4527218;3750
BROSS/DENT ELG XTREM ADO SPLE;8352744;3700
BROSS/DENT ELMEX ENF INITIATION;7717698;4800
BROSS/DENT FLUO BLCH SPLE;5352198;1170
BROSS/DENT FLUO ERGOMATIC SPLE;8765251;3900
BROSS/DENT FLUO JNIOR 7/12A SPL;8767451;2435
BROSS/DENT FLUOCARIL INTER 23/100 MED;8741813;3855
BROSS/DENT FLUOCARIL SENS 15/100 EXT;8741799;4040
BROSS/DENT FLUOKID 6/10 B/1;7044733;2300
BROSS/DENT FLUOKIDS 2-6ANS;10128;1500
BROSS/DENT FLUORYL DURE;8208042;1655
BROSS/DENT FLUORYL ENFANT;8208013;1655
BROSS/DENT FLUORYL MEDIUM;8208036;1655
BROSS/DENT FLUORYL SPLE;10127;1655
BROSS/DENT FLUORYL SPLE;82080210;1760
BROSS/DENT GUM A 583 M;4818341;3510
BROSS/DENT GUM AC 581 SPL;4818335;2980
BROSS/DENT GUM CLASSIC 407 SPLE;4200409;3035
BROSS/DENT GUM CLASSIC SOUPLE 411 GT;42004114;3905
BROSS/DENT GUM JUNIOR MONS 902;7630019;2905
BROSS/DENT GUM KIDS JUNGLE 901;6015262;2940
BROSS/DENT GUM KIDS JUNGLE 902;6015263;2910
BROSS/DENT GUM KIDS MONSTER/1;8598758;2995
BROSS/DENT GUM MICROTIP 471 SPLE ;7527207;4560
BROSS/DENT GUM ORG WHITE 563 MED;6000953;3420
BROSS/DENT GUM S 509;4676800;3100
BROSS/DENT GUM TECHN.PRO 528 MED;1990140;4560
BROSS/DENT GUM TECHPRO 525 SPL;2018889;3200
BROSS/DENT GUM TECHPRO 528 MED;2018895;3120
BROSS/DENT HELLO KITTY 3/6ANS;9753072;2940
BROSS/DENT MICRO2 BLIST 2TETES;65446310;4920
BROSS/DENT ORAL B 123 CASSETTE B/12;8347890;8780
BROSS/DENT ORAL B CLASSIC B/12;8347909;9145
BROSS/DENT ORAL B ELEC SENSITIVE;4806415;39020
BROSS/DENT ORAL B ELEC VITALITY100 CROSS;8441465;57635
BROSS/DENT ORAL B ELECT.KIDS;9035781;21825
BROSS/DENT ORAL B NAT.FR.P/12 UNITE;2091910;600
BROSS/DENT ORAL B NAT.FRESH P/12;8347915;12940
BROSS/DENT ORAL B PRO EXP MED/12UNI;209237;700
BROSS/DENT ORAL B PRO EXPERT B/12;8347921;19140
BROSS/DENT ORAL B VITAL.CROSS ACTIO;9043057;54460
BROSS/DENT ORAL B VITAL.TRIZONE;4449978;31690
BROSS/DENT PIERROT ACT 2/1 MED/2;8555660;1625
BROSS/DENT PIERROT ACT 2EN1 DUR/2;8555677;1350
BROSS/DENT PIERROT ACT 2EN1 SPL/2;8555654;1625
BROSS/DENT PIERROT BB 0-2ANS;8394116;1220
BROSS/DENT PIERROT ECO MED T/2;8555683;995
BROSS/DENT PIERROT GENC DELICAT;8393855;1085
BROSS/DENT PIERROT GUSY 3/8ANS T/2;8394056;1460
BROSS/DENT PIERROT JR ORTHO/1;8796547;1195
BROSS/DENT PIERROT NEW ACT DURE;8555625;1080
BROSS/DENT PIERROT NEW ACT MED;8393973;1040
BROSS/DENT PIERROT NEW ACT SPLE;8393996;1040
BROSS/DENT PIERROT ORTHOD.MED;8557110;1095
BROSS/DENT PIERROT PIWY FRT 2/6ANS;8394085;780
BROSS/DENT PIERROT POST OP ULT SPLE;8557127;1285
BROSS/DENT PIERROT PROTESIS DENT;8393884;1160
BROSS/DENT PIERROT SENSIBLE;8393878;1130
BROSS/DENT PROGENCIVES MED BAD;2473327;2100
BROSS/DENT SENSOD.E.SPL/1 PRECIS.;8317802;2220
BROSS/DENT SENSOD.MED.PRECIS.;9000160;2430
BROSS/DENT SENSOD.SPL/1 PRECIS.;8317794;2680
BROSS/DENT SPLAT DURE/1;8556027;3065
BROSS/DENT SPLAT MEDIUM/1;8556033;3065
BROSS/DENT SPLAT SPLE/1;8556056;3065
BROSS/DENT SUPERW.KID SMILY 2-6ANS;8317328;1500
BROSS/DENT SUPERW.MED EXPERT/1;8361128;1340
BROSS/DENT SUPERW.SPLE EXPERT B/1;8361134;1690
BROSS/DENT SUPERWHITE BAD EXP MED/1  ;8400064;1760
BROSS/DENT SUPERWHITE BRUSH 4 MED BAD;2472956;3225
BROSSET ELG CLC TRIO MIX N2;8141875;5090
BROSSET ELGYD CLINIC TC XL/1;8141852;5260
BROSSET GUM INT TRAVLER 13140,8X4;4788640;3290
BROSSET GUM INT TRAVLER 1414 1,1X4;7677510;3610
BROSSET INTERD+CUR/DENT 2/1 60PCES;3414009;720
BROSSET INTERD.THERMOSEALPR.NS/5;8371919;3270
BROSSET INTERDENT.SENSODYNE;8257773;3555
BROSSET ORAL B CROSS ACTION P/2;6549543;12450
BROSSET ORAL B TRIZONE P/2;7395674;9460
BROSSETTE PIERROT INTER DENT 3,5/5;8555631;1600
BROWN TEA NUTRIVRICH SACHET B/15;9018378;10425
BROXAL 2/8MG SP F/100ML (SALBU.BROM;8066932;1610
BROXOL SP F/100ML;2038805;2205
BROXYLINE 500/8MG GEL B/20;8431550;2095
BRU 100MG GEL B/10 (CELECOXIB);8073168;2645
BRU 200MG GEL B/10;8073180;3810
BRUFEN 400MG CPR DRG B/30;3622570;2715
BRUFEN SUPPO B/12;3181255;2015
BRUFEN SUSP PEDIAT FL/100ML;2019162;3390
BRUFIX 200MG CPR B/10;8063023;3890
BRULEX POMMADE DERM TB 30G;3411169;2795
BRUMIXOL LOT FL/30ML;8775723;2850
BRUPAL FORTE CPR B/10(IBUPR/PARAC);8092467;960
BRUSTAN 5%3%30% GEL T/50G;8431780;2125
BRUSTAN CPR B/10;2019127;1285
BRUSTAN CPR B/20;8018979;2550
BRUSTAN SUSP PDRE F/100ML;2264298;1420
BRUSTOMAX SP F/100ML (IBUPRO+PARA);8452960;1500
BRUXICAM 1% CREME T/30G;8775278;1740
BRUXICAN S 20MG SUPPO B/15;8775611;4725
BRUZO 400/325MG CPR B/10(PARAC/IBUP;8427459;620
BRUZO KID 162,5/100MG/5ML BUV 100ML;8427436;1035
BUCCALOX VERMIF COMP B/10;6878726;2765
BUCCO PLUS SOL BDB F/200ML;8703474;2725
BUCCOLAM 5MG SOL BUC SER PRE 1ML B/4;2210859;70700
BUCCOTHERM 2-6NS FRAIS BIO T/50ML;8559304;2495
BUCCOTHERM 7-12ANS MENTH GEL DENT T/50ML;4350814;2245
BUCCOTHERM DENT GENCIVE SENS F/75ML;9581576;2750
BUCCOTHERM DENTIF.T/75ML PREV.CARIE;7645148;2880
BUCCOTHERM PREM DENT BAUM GING/50ML;4641517;2730
BUCCOTHERM SOIN BLANCHEUR F/75ML;3000207;3745
BUCCOTHERM SPRAY BUC F/15ML;9947072;2565
BUCCOTHYMOL BAIN BCHE F/150ML;3016148;1420
BUCOCINE CPR SUBLING B/20;8081535;2550
BUDESON 1MG/2ML SUSP INH 20UNID ARROW;3626326;21780
BUDESONIDE 1MG/2ML INH.20UNID BGR;3672326;21465
BUDESONIDE 1MG/2ML INH.20UNID MYL;2209299;20290
BUFALGAN 100MG/5ML BUV 100ML;9001047;2535
BUFALGAN 400MG CPR B/30 (IBUPROFEN);8003357;2635
BUFENOL 20MG/ML SUSP BUV F/120ML;8093337;1300
BUFENOL LP 800MG CPR B/9;8093314;4535
BUPIVACAINE 0,5% 20ML B/10 AGT.;5651311;40360
BUPIVACAINE 0,5% 20ML UNIT AGUETTAN;3400958;4165
BUR 706 FL/1000DOSES;7091945;4895
BURBERRY BABYTOUCH EDTV100+BULLES B;8287685;28000
BURBERRY BRIT EDTV F/100ML;8263087;48105
BURBERRY BRIT FOR MEN EDTV/100ML;8263124;54000
BURBERRY LONDON F EDPV 100ML;8222415;60000
BURBERRY THE BEAT EDPV 50ML;8315269;41210
BURINEX 1MG CPR B/30;3293965;8330
BURINEX 5MG CPR SEC B/30;3452139;14790
BURNCOOL CR T/15G;8013545;2235
BURNOX CR 1% T/25G;8476802;1655
BUTAMYL 2MG/5ML ENF S BUV F/150ML;8426000;1380
BUTLER BROSSET.PROXA.CYL6 0,9MM 422;7692745;5970
BUTLER BROSSET.TRAV-CON6 0,9MM 1412;7677504;6970
BUTLER FIL DENT CIRE REF 1555;6224373;3850
BUTO-ASMA 2MG COMP B/40;2027109;2445
BUTO-ASMA AERO 200 DOSES;2027090;3265
BVLGARI BLACK EDT V.75ML;9006056;31565
BYBLOS CIELO EDT V 120ML;9000906;16180
C PLUS GANT EXFO VIS/CORPS GAUFRE;8560951;1270
C PLUS GANT EXFO VIS/CORPS SPLE;8560945;635
C-CAL SACH B/10 (CARBONATE CA+VITC);8097134;1840
C-TAX PDRE SUSP BUV F/100ML;8060289;5685
C-TRI 1GR INJ B/1(CEFTRIAXONE);2253739;2785
C-VET SACH 100GR;9022902;1120
C-VET VIT C 1KG QALIAN;9000390;9620
CA C1000 CPR EFF B/10 SDZ JAUNE;3016450;2770
CA C1000 CPR EFF ORANGE B/10;8091166;2770
CABERLEX 0,5MG CPR SEC F/2;8424521;6505
CACHAREL AMOR A.IN A FLASH EDTV 100;2181164;57000
CACHAREL AMOR AMOR EDTV 100ML;8308542;50480
CACHAREL AMOR AMOR EDTV 30ML;1413307;23000
CACHAREL AMOR AMOR EDTV 50ML;8308559;39150
CACHAREL AMOR TENTAT.EDPV 50ML;8308594;39695
CACHAREL ANAIS A.EDTV100+2LAIT50ML;9005737;55000
CACHAREL ANAIS ANAIS EDTV 100ML;8308571;56055
CACHAREL ANAIS ANAIS EDTV 50ML;8308565;26365
CACHAREL CATCH ME EDPV 50ML;8332641;33875
CACHAREL CATCH ME EDPV 80ML;8332658;39975
CACHAREL EDEN EDP 50ML;9002880;47000
CACHAREL EDEN EDPV 50ML;7304884;37580
CACHAREL LOULOU EDPV 50ML;8308938;59710
CACHAREL NOA EDT VAPO F/50ML;8308513;37000
CACHAREL NOA EDTV 100ML;8308536;51000
CACHAREL-CACHAREL HOMME-EDT VAPO F/100ML;8308631;46760
CACHART 80MG/480MG CPR B/6;8099363;2140
CACHEWORM SUSP F/30ML;8403766;1240
CACHNERVE GEL B/60;8435080;13775
CACIP 500MG CPR B/10(CIPROFLOX.);8043397;2130
CACIT 1000MG CPR EFF B/30;3300004;8375
CACIT D3 1000MG GLE EFF B/30SACH;3387873;6665
CACIT VIT D3 1000MG GLE SACH B/90;3724106;21270
CACIT VIT D3 500MG CPR SUC B/60;3644092;8290
CACIT VIT D3 500MG/1000UI CPR B/30;2426;8740
CACIT VIT D3 500MG/440UI CPR SUC B/60;6440920;5930
CADUET 10/10MG CPR B/30;3692984;15810
CADUET 5/10MG CPR B/30(FA);3693050;21340
CADUM BB TALC P/300GR;9959069;3240
CAFENOL ENF COMP B/30;2009577;1045
CAILLE LAIT BRUN COMP B/30;6003293;1150
CAILLEAU  AH+COLLAGENE B/30;1003182;14920
CAILLEAU AIL GEL B/50;5882194;8530
CAILLEAU AIL-AUBEPINE GEL B/50;5883240;8530
CAILLEAU ARTICHAUT GEL B/40;5883401;8775
CAILLEAU AUBEPINE GEL B/50;5882127;7800
CAILLEAU BETA-CAROT.CAPS/30;5882996;9055
CAILLEAU CAPTEUR DE GRAISSE;8601006;9625
CAILLEAU CHARBON VEG GEL B/40;5883400;9785
CAILLEAU COLLAGENE MARIN B/50;9023623;8915
CAILLEAU CURCUMA PIPE GEL B/60;5883408;13120
CAILLEAU FENUGREC GEL B/40;5883402;8130
CAILLEAU FUCUS GEL B/60;5883403;9515
CAILLEAU HARPAGOPHYTUM GEL/50;5881477;8590
CAILLEAU HUIL FOIE MORUE CAPS/30;5882637;7645
CAILLEAU HUILE BOURRACH CAPS/30;5883046;10350
CAILLEAU HUILE DE CAROTTE;9033656;9000
CAILLEAU HUILE ONAGRE CAPS/30;5882601;9205
CAILLEAU KONJAC GEL B/60;5883404;15505
CAILLEAU LECITHIN SOJA GEL B/30;5883407;9840
CAILLEAU LEVURE BIERE GEL/50;5881373;8440
CAILLEAU MACA  CP B/60;9035098;11400
CAILLEAU MEMOIRE;7579026;13000
CAILLEAU OMEGA3 CAPS/30;5883245;7930
CAILLEAU ONAG/BOURRACH CAPS/30;5883045;10125
CAILLEAU PEPINS COURGE CAPS/30;5882922;8805
CAILLEAU PRELE GEL B/60;5883405;9515
CAILLEAU QUEUE CERISE GEL B/50;5881902;7970
CAILLEAU QUEUE CERISE THE V.GEL/50;5883243;8530
CAILLEAU RHODIOLA GEL B/60;5883406;9840
CAILLEAU SENE;2008879;10125
CAILLEAU SPIRULINE ALGUE GEL B/50;5883473;8100
CAILLEAU THE DETOX B/20;90236310;7050
CAILLEAU THE VERT-GUARA.GEL/50;5883241;7500
CAILLEAU TIS ALLAITEMENT ;676851;6905
CAILLEAU TIS DIGESTION;7240859;5370
CAILLEAU TIS FOIE LEGER;4329079;6000
CAILLEAU TIS IMMUNITE BIO;8637180;6000
CAILLEAU TIS JAMBES LEGERES BIO;5343367;5370
CAILLEAU VALERIANE GEL B/50;5880473;8520
CAILLEAU VIGNE RGE CASSIS GEL/50;5883242;8770
CAL C VITA CPR EFF B/10;2009494;3305
CAL-D3 1.25G/250UI CPR B/10;8475263;1655
CALAMINE LOTION F/100ML;8570501;3780
CALAMINE PDRE  B/100G;8570493;3335
CALBEN 400MG CPR B/1;2288620;760
CALBEN 400MG/10ML SP F/10ML;2288637;870
CALCAREA CARBONICA 7CH D;9026768;945
CALCAREA CARBONICA 9 CH GR;1148101;1250
CALCAREA PHOSPHORICA 9CH D;152170;965
CALCAREA PHOSPHORICA 9CH GR;152106;1250
CALCETA GEL B/30;8570464;3920
CALCHEK 10MG CPR B/30 (AMLODIPINE);8092674;4025
CALCHEK 5MG CPR B/30 (AMLODIPINE);8092680;3610
CALCI D DENK CPR EFF B/20;8094377;5510
CALCI PLUS CPR SEC B/30;8074920;2755
CALCIBRONAT 2G CPR EFF B/20;3016591;2450
CALCICANIN GEL BUV F/ 100ML;6204502;2985
CALCIDELICE CPR B/30;6846821;3915
CALCIDIA 1,54G GLE SUSP SACH/20;3295450;14025
CALCIDOSE 500MG SACHET B/60 DOSES;3392236;9500
CALCIDOSE VIT D SACHET B/60;3383088;8760
CALCINIB 10MG CPR B/28 (AMLODIPINE);8422137;5540
CALCINIB 5MG CPR B/28;8422120;3885
CALCIPARINE 12500UI/0,5ML INJ B/2SE;3133109;8230
CALCIPARINE 5000UI/0,2ML INJ B/2SER;3187861;3490
CALCISOL P 1L;7392204;7100
CALCISURE PLUS 1L;12018;6390
CALCIUM ACTIV DENK 500MG CP EF/20;8070187;3690
CALCIUM CHL 10% 10ML B/10 REN;3649706;6890
CALCIUM CHL 10% AMP 10ML/100 CPF;3649735;50145
CALCIUM GLUCON 10% AGUET AMP/10ML B/50;7057169;30995
CALCIUM SANDOZ 500MG SACH B/30;3311025;4765
CALCIUM SANDOZ INJ 10ML B/5;3016987;1925
CALCIZEN D3 CPR CROQ B/10;8397847;3550
CALENDULA CREME FL/20G;3061700;19615
CALENDULA LHF POM T/20G;3061769;7045
CALFOL 50MG/5ML INJ B/5FLACONS;1271001;10860
CALGEN 500MG/250UI CPR B/30;8065996;3445
CALGIN 500MG CPR B/10(METAMIZOL);2277533;840
CALGIN 500MG/ML INJ AMP B/10;8062130;2550
CALMATUX 25/100MG CPR B/20;9991647;1515
CALMET 500MG CPR B/30;8016762;4130
CALMIDORMIN CPR B/30;8529160;10050
CALMIRELAX CPR B/30;8529177;11490
CALMIVET CPR B/20;6712262;4260
CALMIVET INJ 0,5% F/50ML;296;18065
CALMIXENE SP FL/150ML;8086142;2360
CALMOSINE BOISS DIGEST F/100ML;1000116;10955
CALMOTISAN TISANE 100G;3017283;3275
CALSEPTINE CPR B/30(MX GORGE);8009584;1655
CALSOURCE CPR EF/20;3016993;2895
CALTIARA 1KG;8089991;10450
CALTOUX 100MG NN SUPPO B/10;8017767;1045
CALTOUX 100MG SP ENF F/100ML;2294603;1255
CALTOUX 133MG AD SP F/100ML;2294626;1475
CALTOUX 250MG ENF SUPPO B/10;8017750;1210
CALVIN  KLEIN-OBSESSION-EDP F/100ML;9007601;37025
CALVIN K-CK ONE-EDT F/100ML;9021386;52000
CALYPTOL INHALANT AMP 5ML B/10;3017455;7025
CAMILIA SOL BUV NN 1ML B/10UNIDOSES;3609629;11590
CAMILIA SOL BUV NN 1ML B/30UNIDOSES;3947289;23005
CAMOMILLE VRAC B/25G;6058101;2940
CAMOQUIN+PED BUV 60ML+PDR 80ML (FA);2290663;3185
CAMPHOPNEUMINE AD SUPPO B/8;3017656;1140
CAMPHRE SYNTH.PULV 1KG;7422017;184115
CAMVIT PLUS GEL B/30;4215803;3995
CAMYSTEN CR DERMIQ T/30G;2032493;3305
CANAFLUCAN 150MG GEL B/1 (FLUCONAZ);8025519;2510
CANAMETHRINE 10% 1L;9024278;13065
CANAMETHRINE 10% F/100ML;3114394;1855
CANDEREL 85MG CPR B/80;1903961;2370
CANDEREL CLAS CPR BRIQ B/400;9510085;12020
CANDEREL CPR SODIQ B/100;6549997;3080
CANDEREL CPR SODIQ B/300 ;6550026;7330
CANDEREL SUCRALOSE CPR B/300;5700297;5970
CANDES  LOT TONIQ CLARIF 200ML;8360436;9255
CANDES COFFRET /1;8351756;26900
CANDES COFFRET EDITION LIMITEE;8153223;19080
CANDES CR CLARIF.UNIF.P/50ML;8360413;12805
CANDES CREM CLAR VIS+MAIN 50ML;4707239;12940
CANDES GEL NETT CLARIF.200ML;8360442;9585
CANDES GEL NETT DERMOPUR.200ML;6014753;8000
CANDES HUIL ECLAIRCI 100ML;4707216;8180
CANDES HUILE CLARIF.NOURIS.100ML;8360399;12140
CANDES LAIT CORP CLAR SUBL F/400ML;8360407;16410
CANDES LAIT CORP CLARIF 400ML;4707268;12135
CANDES LAIT FERM.HYDR CORP 400ML;8360459;12565
CANDES MASQ.EXFOL.CLARIF.GOM.50ML;6014752;9710
CANDES SAV EXFO CLARIF PAIN 150G;8317423;7095
CANDES SAV SURG CLARIF PAIN 150G;8317417;7070
CANDES SER CLARIF.UNIF.30ML;8374970;13650
CANDESARTAN 32MG CRP B/30 VIATRIS/MYLAN;1595636;4720
CANDESARTAN 8MG CPR B/30 ARRW;2171964;3620
CANDESARTAN 8MG CPR B/30 BIOG;4156733;6320
CANDESARTAN 8MG CPR B/30 MYLAN;2677008;5400
CANDESARTAN 8MG CPR B/30 VIATRIS;4159252;5855
CANDESARTAN 8MG CPR B/90 BIOG;4156791;15105
CANDESARTAN 8MG CPR SEC B/90 SDZ;8969196;12730
CANDESARTAN EG 8MG CPR B/30;2201688;5730
CANDESARTAN HCT 16/12,5MG CP/30 BGR;4158577;4620
CANDI 150MG GEL B/4 (FLUCONAZOLE);8083818;3170
CANDIBIOTIC GTTE AURIC F/5ML;4210059;2660
CANDID B CREME T/15G;4207459;3100
CANDID COLLUT F/15ML;4207494;2125
CANDID CREME T/20G;4032184;2015
CANDID POUDRE FL/30G;4032209;1765
CANDID V6 CPR GYNECO B/6;2275126;2910
CANDIGEN 2% CR VAGINAL T/20G 3APPLI;9000191;4135
CANDIGO 10% CR VAGINALE T/7G;8486485;3390
CANDILAT AMP B/10;9009304;5220
CANDIMAX 100MG CPR B/10;8497201;2400
CANDIMAX 50MG/5ML SUSP BUV F/60ML;8492652;1850
CANDITRAL 100MG CAPS B/4;4032215;5265
CANICALCIUM 500G;9040099;2365
CANINO PDRE 500G;6846353;5680
CANISHAMP 1 LITRE;3318151;4655
CANISTER;2985365;876960
CANNE  FRELLY BLEU P/2;9611432;15110
CANNE ANGL ENF COULEUR PAIR;8605754;37585
CANNE ANGL LABEL AD PAIR;8605748;14525
CANNE ANGLAISE ENF UNITE;8292605;18520
CANNE BOIS EN T VT2100 THUASNE;7504560;8760
CANNE COURBE CHATAIGNE VT2040 THUAS;7383180;5620
CANNE DE MARCHE PLIANTE ALU;8605777;16570
CANNE DE MARCHE REGLABLE ALU;8605760;16885
CANNE FREL BLEU/BLC/2;6026270;27530
CANNE FREL ORANG/BLC/2;6026273;26430
CANNE FREL.CONF ROUGE P/2;7798366;21680
CANNE FRELLY GRISE P/2;9611449;12975
CANNE GLOBE TROTTER GRIS P/2 ;5106097;21600
CANNE QUADRIPODE AD (4PIEDS);9761261;31200
CANNE TRIPODE AD;6281537;30095
CANOVA 100MG CPR B/4;2297240;2095
CANOVA 50MG CPR B/4;2285053;1820
CANSAAR 16MG CPR B/28;8434784;9365
CANSAAR PLUS 16/12,5MG CPR B/30;8067966;13225
CANTHARIS 4 CH GR;163050;1180
CANULE GUEDEL CH0 (NOIR);2005622;1075
CANULE GUEDEL CH1 (BLANC);2005645;1075
CANULE GUEDEL CH2 (VERT);9032585;1075
CANULE GUEDEL CH3 (JAUNE);2005601;1075
CANULE GUEDEL CH4 (ROUGE);2005616;1075
CANULE GUEDEL CH5 (BLEU CLAIR);3111792;1170
CANULE GUEDEL CH6 (ORANGE);2035511;1170
CANYS SHP POILS BLANCS F/200ML;4896602;8540
CAPCAINE 2% SOL INJ F/30ML;8043428;910
CAPECITABINE 500MG CPR B/120 BGR;2762694;71140
CAPEN 50MG CPR B/30;8050109;6340
CAPIL-B LOT CAPILLAIRE 50ML;8385494;8500
CAPILL-B SH F125ML;8385488;3400
CAPILLAROM CR A-CHUTE 100G;9021156;5250
CAPILLAROM HLE PRECIEUSE 100ML;90241510;8925
CAPILLAROM LOT.CAPIL.F/50ML;9006352;10500
CAPILLAROM SH A-PELLIC.125ML;9023824;5760
CAPILLAROM SH TRAIT A-CHUT.250ML;9002207;4720
CAPLEX SUSP BUV F/100ML;2288643;1300
CAPRAZOLE 20MG CPR B/30;2288666;5910
CAPRAZOLE 40MG PDRE SOL INJ F/10ML;364833;3190
CAPRIL 25MG CPR B/30;2285076;4645
CAPRIL 50MG CPR B/30;2285082;7595
CAPS BG 28 NOIR INV P/12;25027710;2980
CAPSITOP GEL T/30G;3531519;2200
CAPSULIDE 100MG CPR B/10;2277562;790
CAPSULIDE PLUS CPR B/10(PARA/NIM;3520804;3050
CAPTOMAX 50MG CPR B/30;8082405;3885
CAPTOPRIL DENK 25MG COMP B/20;2270028;2095
CAPTOPRIL DENK 25MG CPR B/100;2264306;7470
CAPTOPRIL EG 25MG CPR B/30;3481402;4165
CAPTOPRIL EG 50MG CPR B/30;3480383;6915
CAPTOPRIL+HCT DENK 50/25MG B/100;2252361;10775
CAPTOPRIL+HCT DENK 50/25MG CP/30;8090770;3405
CAPTRIM 240MG/5ML SUSP BUV 60ML;8075285;870
CARACTERE EDT ATO 100ML;8275854;17855
CARBACTIVE 120MG GEL B/30;3358601;2535
CARBAMAZEPINE GH 200MG CPR B/30;8076824;5195
CARBAMAZEPINE GLH LP 400MG CPR B/30;8076793;6200
CARBEN 100MG CPR B/6;2038656;990
CARBEN 500MG CPR B/1;2038662;935
CARBEN SUSP BUV F/30ML;2038739;1350
CARBESIA FL/10ML;6899740;39030
CARBIGEN 20MG CPR B/30;8434749;2755
CARBIGEN 5MG CPR B/30;8066122;1380
CARBIMI CR 400MG CPR B/30;8484983;5675
CARBO VEGET 5CH GRAN T/4G;1668126;3595
CARBO VEGETALIS 7 CH GR;1166091;2130
CARBOLESS 100MG CPR B/90;1409061;22830
CARBOLEVURE AD GEL B/20 (NTP);3006055;1570
CARBOLINE  CPR B/30;2000449;4790
CARBOPHOS COMP B/40;1194491;4710
CARBOPLATINE 150MG/15ML ACCORD;5725570;22850
CARBOPLATINE 150MG/15ML ACTAVIS;5725535;19040
CARBORIV GEL B/30;8490469;2755
CARBORIV-S SP F/200ML;8490498;2465
CARBOSOL 0,5% CY F/10ML;8482961;1655
CARBOSOL 0,5% CY F/5ML NSFP;8481453;1115
CARBOSYLANE GEL B/24X2;3273129;3045
CARBOSYLANE GEL B/48X2;3272443;5040
CARBOTOUX 2% SP 100ML;2294655;1310
CARBOTOUX 5% SP 100ML;2294649;1515
CARBOZEN GEL B60;8397913;6400
CARDAID CPR B/30;1250631;6610
CARDAL 40MG/30MG GEL B/30;8473985;6200
CARDENSIEL 1,25MG CPR B/30;3529681;8700
CARDENSIEL 10MG CP B/30;3531318;6740
CARDENSIEL 2,5MG CPR B/30;3529706;3925
CARDENSIEL 5MG CPR B/30;3529741;6595
CARDIACTIV GTTES F/30ML;8007183;2510
CARDIOCALME DRG B/40;3018779;3560
CARDIOPAT CAPS B/30;8387984;11185
CARDIOTEM 10MG CPR B/30;8450079;5000
CARDIOTEM 5MG CPR B/30;8450062;3005
CARDIOVALAM H 10/160/25MG CP/30;8472402;13775
CARDIOZIDE HCT 50/12,5 CP/30;1653731;4410
CARDIPER PLUS 4MG/1,25MG CPR B/30;8415893;6230
CARDIURINE COMP B/30;2299888;4355
CARDIX 25MG CPR B/28 (CARVEDILOL);8423639;6670
CARDIX 6,25MG CPR B/28;5055;3280
CARDOX 1MG CPR B/30 (DOXAZOSINE M);8003883;4165
CARDOX 4MG CPR B/30 (DOXAZOSINE MES;8003908;12275
CARDULAR PP URO 4MG CPR B/28;8094816;18845
CARDULAR URO 2MG COMP B/20;2295991;13805
CAREVA CAPS VAG B/8;8022308;2000
CARMIN 40 - CARMIN COCHENILLE 10G;7422112;31220
CARMOX 500MG GEL B/10;2277579;2025
CARNET DE SUIVI MEDICAL;9018007;200
CARNISTIM SOL ORAL FL/1L;7392227;8975
CARNISTIM SOL ORALE F/100ML;31992;1990
CARNITO+ F/1L;1110618;19725
CARNITOL BIDON 1L;1001214;9535
CAROFIT CPR B/30;2278573;6935
CAROLINA HERRERA 212M EDTV100;1826052;52620
CARON COF EDTV125+15ML+GEL;8674206;45530
CARON L'ANARCHISTE H EDTV 125ML;8392100;40965
CARON LA SELECT.LADY CARON EDP/100M;8392146;45115
CARON LA SELECT.PARF SAC.EDPV100;8392169;34000
CARON LA SELECTION NOCTU F ED/100ML;8392152;48155
CARON PR H SPORT EDTV 125ML;8517151;36755
CARON PR H SPORT EDTV 50ML;8517145;22805
CARON PR UN HOM LE PARF VAPO F/75ML;8392198;97385
CARON PR UN HOM.DEO STICK 75G;8392229;8665
CARON PR UN HOM.EDTV 125ML;8392206;32195
CARON PR UN HOM.EDTV 200ML;8392212;37200
CARON PR UNE FEMME EDPV/50ML;8392181;28340
CARTEOL 1% CY FL/3ML;3438079;4175
CARTEOL 1% LP CY F/3ML;3578892;7400
CARTEOL 2% CY F/3ML;3438091;4840
CARTEOL 2% LP CY B/30 UNIDOSES;3600901;9365
CARTEOL 2% LP CY F/3ML;3578952;8895
CARTEOL LP 1% UNIDOSE B/30;3600660;11335
CARTIER BAISE VOLE EDPV 30ML;34330610;45745
CARTIER BAISER VOLE EDPV F/100ML;1632334;65000
CARTIER BAISER VOLE EDPV50+LAI100ML;4002964;58000
CARTIER DECLARAT.SOIR EDTV 50ML;40035810;39000
CARTIER DECLARATION EDTV 100ML;1629740;55000
CARTILAGE REQU.750MG CAPS B/100;9025935;12150
CARTILAGE REQUIN GEL CPL B/60;20817;14655
CARTILAGO SOFT CAPS B/30;227703;4400
CARTILAMINE PLUS 500/400MG CPR/30;8444564;5510
CARTIMIN-C 500MG/100MG CPR B/30;8731803;4960
CARTINEX LP 500MG CPR PEL B/30;8084491;6510
CARTINEX-OD LO 1000MG CPR PELL B/30;8084516;10955
CARVEDI DENK 25MG CPR B/30;8004210;6920
CARVEDI DENK 6,25MG CPR B/30;8055495;4820
CARVEDILOL 12,5MG CPR B/28 ARROW;30071106;3740
CARVEDILOL 12,5MG CPR B/28 BGR;3705209;5165
CARVEDILOL 12,5MG CPR SEC B/28 MYLAN;7405362;4590
CARVEDILOL 6,25MG B/28 BIOGARAN;3705190;5610
CARY 125MG/5ML SUSP BUV 60ML;2288749;1295
CASODEX 50MG CPR B/30;3391633;40045
CATACOL POS CY FL/10ML;3130594;1200
CATAFLAM 1,5% GTTES F/15ML;2026765;2800
CATAFLAM 25MG CPR B/20;2023927;1985
CATAFLAM 50MG CPR B/20;2022589;3940
CATAFLAM SUSP 1,8MG/ML F/120ML;8012161;3405
CATAPLASME ALUMINE PM;3259282;1655
CATAPRESSAN 0,15MG CPR B/30;3594069;6295
CATARIDOL COLLYRE FL/10ML;3365587;1530
CATARSTAT CY FL/10ML;3188926;11595
CATGUT NOR D3(2/0) 3/8C TR 30MM;8968882;1650
CATGUT NOR D6(2) 3/8 TR 35MM;8944249;1690
CATHETER 20G PEN;8102875;570
CATHETER ANGIPLAST BLEU COURT IV 22G/1;8325894;425
CATHETER ANGIPLAST JAUNE COURT IV 24G/1;8325902;345
CATHETER ANGIPLAST ROSE COURT IV G20;8325888;425
CATHETER CENTRACATH G16 (ORANGE);9032562;25350
CATHETER CENTRACATH G18 (ROUGE);9009480;25350
CATHETER CENTRACATH G20;6871026;25350
CATHETER CENTRAL DOUBLE LUMIERE;9013760;115050
CATHETER CENTRAL G14;8665986;29700
CATHETER CENTRAL SIMPLE LUMIERE G14;9042885;53690
CATHETER DIALYSE DROIT 10-15CM;9000987;38350
CATHETER DIALYSE DROIT 12-15CM;9001171;46020
CATHETER DIALYSE DROIT 8,5-15CM;9000616;30680
CATHETER DIALYSE INCURVE 12-15CM;9010260;53690
CATHETER DIALYSE PREINCURVE 12-15CM;9000993;61360
CATHETER G22 PEN;8102881;570
CATHETER POLYSITE 4000;3400208;230000
CATHETER SAFETY LABEL 20G ROSE/1;8511958;600
CATHETER SAFETY LABEL 22G IV BLEU;8511941;605
CATHETER SAFETY LABEL 24G IV JAUNE;8511935;600
CATHETER UBI IV 16G GRIS/1 45MM;8276517;600
CATHETER UBI IV 18G VERT/1 45MM;8276523;485
CATHETER UBI IV 20G ROSE/1 32MM;8276546;485
CATHETER UBI IV 22G BLEU/1 25MM;8276552;485
CATHETER UBI IV 24G JAUNE 19MM/1;8276569;485
CAUDALIE CR MAINS+SOIN LEVRES;3002347;5920
CAUDALIE EAU FRAI THE DES VIGNES F/100ML;3892;26455
CAULOPHYLLUM TH GR 4CH;1798113;4895
CAULOPHYLLUM THA 15CH DOSE;51859;1200
CAULOPHYLLUM THA 15CH GR;179128;1830
CAULOPHYLLUM THALIC 5CH GR;179074;2700
CAZITHRO 200MG/5ML BUV F/15ML;8098978;3705
CAZITHRO 500MG CPR PEL B/3(AZITHROM;8098990;4165
CB12 BDB BLEU 500ML;2870641;16180
CB12 BDB BLEU F/250ML LOT2;3902111;15320
CB12 BLEU BDB F/250ML MENTHE;1557591;12115
CB12 BOOTS GOM.A MACHER B/10;6353722;6560
CB12 SENSITIVE B. BCHE F/250ML;543;17500
CB12 SPRAY HALEIN FRAICH F/15ML;200;8000
CB12 VERT MENTH LEG 250ML(MILD);4120209;17235
CB12 WHITE BDB F/250ML;6027193;13750
CBL PLUS LAIT ECL SS HYDROQ F/500ML;8276115;7940
CBL SAV EXFOLIANT T/250G;8292433;4975
CC-NEFRO 500MG CP PEL B/100;8096353;9710
CDGREL 75MG CPR PELL B/30;8768278;6300
CDV-AMIN SPECIAL BT 1KG;25431;17090
CEBE-S CPR B/20 (CITRATE BISMUTH C.;8398545;6360
CEBEMYXINE CY F/10ML;3432421;2900
CEBESINE 0,4% CY F/5ML;3009263;3700
CEBESINE CY FL/10ML;3192342;2530
CEBROTONIN CPR B/30;2021762;4480
CEBUTID 100MG CPR B/15(FLURBIPROFEN;3222675;2940
CEBUTID 200MG LP GELULE B/16;3319908;8175
CEDRAK CAVITY PANS B/5;8157735;25600
CEDROX 250MG PDR SIROP FL/60ML;8003529;3130
CEDROX 500MG GEL B/12;8003506;4795
CEDROX 500MG PDR SP FL/60ML;8003512;4850
CEDYVA SAV ECLAIRC.MIEL 250G;5270000;1000
CEDYVA SAV LAIT ECLAIRC.250G;626;1600
CEDYVA SAV MEDICAL 250G;20006210;1000
CEDYVA SAVON GOMMANT PAIN 250G;8153281;1600
CEEVI 200MG CPR PELL B/10;8440419;4505
CEFALOJECT IM 1G SERING B/1;3163211;3075
CEFALORAL 100MG CPR DISP B/10;8002530;4440
CEFALORAL 100MG/5ML PDR BUV 40ML;8441809;5620
CEFALORAL 200MG CPR B/10(CEFIXIME);8002435;3930
CEFALORAL 40MG/5ML PDR BUV 40ML NN;8441815;2755
CEFAMOR 125MG SP F/100ML;2298682;1790
CEFAMOR 500MG GEL B/20;8018985;4040
CEFASEPTIN 75MG CPR B/100 BL/10;4393864;1325
CEFAX 200MG CPR PELL B/12;8084060;4545
CEFAX-T 500MG CPR B/10 (CEFUROXIME);8085622;6670
CEFAXE 100MG/5ML PRDE SOL F/60ML;8084077;4410
CEFAXONE 1G PDR INJ IV F/1 (CEFTRIA;9991245;1860
CEFAXONE 500MG PDR INJ IV F/1;9993652;1385
CEFEXOL 100MG/5ML SUSP BUV F/30ML;8020522;2440
CEFEXOL 400MG GEL B/5 (CEFIXIME);8011983;5085
CEFEZONE-S 1,5 PDRE INJ F1+SOLV F/1;8059180;4135
CEFIBID 200MG CPR B/10;8488952;1930
CEFICAP 100MG/5ML PDR BUV 50ML;8009704;4700
CEFICAP 400MG GEL B/10;8009696;6545
CEFIDIS 200MG CP B/10 (CEFIXIME);8025904;7315
CEFILEX 200MG CPR DIS B/10;8471704;3445
CEFIM 100MG SUSP F/60ML;8062153;5540
CEFIM 200MG GEL B/12 (CEFIXIME);8306023;5125
CEFIM 400MG GEL B/6 (CEFIXIM);8306017;7605
CEFISON 100MG CPR B/10;62355;4135
CEFISON 200MG CPR B/10;62360;5510
CEFISON 400MG CPR B/10;88391;6890
CEFITAX 200MG CPR PELL B/10;8802578;3855
CEFIWEL DT 200MG CPR DISP B/10;8493717;4200
CEFIX 200MG CPR B/10 WA;8079739;4990
CEFIXIM GH 100MG/5ML PDR BUV 100ML;8439333;5510
CEFIXIM GH 200MG CPR B/8;8439356;3445
CEFIXIME BIOGARAN 200MG CPR B/8;3804578;4050
CEFIXIME SP 100MG/5ML PDR BUV/60ML;8069379;5540
CEFIXIME SP 200MG CP PEL B/10;8021243;5455
CEFIXIME SP 50MG/5ML PDR BUV 30ML;8069416;3145
CEFIZ 200MG CPR B/10;8437328;5510
CEFIZ DT 100MG CPR DISP B/10;8437334;4135
CEFOBACTAM 1,5MG IM/IV PDR INJ+SOLV;8423272;3495
CEFOLAC 200MG CP PEL B/8;8425236;3955
CEFORIX 125MG/5ML PDR BUV 60ML;8084083;4545
CEFORTA 100MG/5ML PDRE SUSP BUV F/60ML;8480212;5280
CEFORTA 200MG CPR DISP B/10;8469601;5280
CEFPODIME 100MG CPR B/10;13044310;4200
CEFPODOX 100MG CPR PELL B/10 TEVA;3802208;6510
CEFPOWEL 200MG CPR B/10 (CEFPODOXIM;8417662;10525
CEFTAZIDIME SP 1G IM/IV F/10ML;8021355;6530
CEFTRIAXONE 1G LDP IM/IV B/1+1;8031402;3475
CEFTRIAXONE 1G TM IM/IV INJ 5ML;8066470;2125
CEFTRIAXONE 1G/10ML  TEVA;3598038;2125
CEFTRIAXONE 500MG IM IV PDR+SOL5ML;353891;4160
CEFTRIAXONE GH 1G IM/IV PDR  INJ /1;8467826;1860
CEFTRIAXONE IG 1000MG PDRE INJ B/1;8452196;1930
CEFTRIAXONE SP 1G IM/IV F/10ML;8021332;4370
CEFTRIAXONE SP 250MG IM/IV F/5ML;8021266;2440
CEFTRIAXONE SP 500MG IM/IV F/5ML;8021326;3045
CEFTRIAZ 1G PDR INJ+SOLV 10ML;8043546;4020
CEFTRIAZ 500MG INJ FL+SOLV AMP 5ML;2288790;3180
CEFTRIMAX 1G PDRE SOL INJ B/1;8440193;1500
CEFTRIX 1G SOL INJ B/10;8001281;5250
CEFUAXIT 500MG CPR PELL SEC B/10;8061219;5265
CEFUROXIME SP 250MG CPR B/10;8021361;5815
CEFUROXIME SP 500MG CPR P B/10;8021533;7935
CEFUROXIME SP 750MG IM/IV 10ML;8021556;3640
CEINT ABDO BLC  T1 VELPEAU;4657725;45580
CEINT ABDO COOPER H25 TA BLANC;9922310;33125
CEINT ABDO H25 XXL BLANC COOPER;9922304;35135
CEINT DYNABELT 26CM REMB T3;7757947;23150
CEINT LOMB ACT DUO H21 SALVA NOIR;8352945;30520
CEINT LOMB ACT DUO H26 SALVA NOIR;9803278;32500
CEINT LOMB ANTHRAC.T2 GRIS THUASNE;4630011;45245
CEINT LOMB FEM SALV GM H 26CM;7101359;64395
CEINT LOMB FORTE + H26 TA;8655427;47270
CEINT LOMB FORTE H26 TA;9706865;43550
CEINT LOMB FORTE+ H21 TA NR CPF;8627945;45735
CEINT LOMB FRTE PLUS H26 XXL CPF;9706871;49670
CEINT LOMB GIB ANAT T3 21CM NOIR;8328059;13010
CEINT LOMB GIB ANAT T4 21CM NOIR;8328065;13010
CEINT LOMB GIB DBL SER T1 H26 6562S;9583144;23975
CEINT LOMB GIB DBL SER T2 H26;9583150;26455
CEINT LOMB GIB DBL SER T3 H26;9583167;26945
CEINT LOMB GIB STD T4 6333;6663701;55775
CEINT LOMB LOMBAX DORSO T1 GRIS/BLE;8340310;68655
CEINT LOMB LOMBAX DORSO T2 BLEU/GRI;8340327;76630
CEINT LOMB LOMBAX DORSO T3 GRIS/BLE;8340333;67915
CEINT LOMB LOMBAX DORSO T4 GRIS/BLE;8340356;76895
CEINT LOMB LOMBAX DORSO T5 GRIS/BLEU;8659744;104380
CEINT LOMB LOMBAX DORSO T6 GRIS/BLEU;8340362;68460
CEINT LOMB PROGRES XXL H26 NOIR;9706919;40620
CEINT LOMB PROGRESS H21 NOIR;9706894;45345
CEINT LOMB PROGRESS H26 NOIR;9706888;51090
CEINT LOMB STYLACTIV H21 TA NOIRE;9578338;41090
CEINT LOMB STYLACTIV H26 TA NOIRE;9578344;42910
CEINT LOMB.MATERNITE TA H26 SALVA;8147412;48645
CEINT LOMBACROSS ACT H T3 H21 N THU;4563042;35940
CEINT LOMBACROSS ACT H21 T1 THUA;4563013;37630
CEINT LOMBACROSS ACT H21 T5 N THUAS;8315890;36255
CEINT LOMBACROSS ACT H21 T6 N THUA;4563071;37985
CEINT LOMBACROSS ACT H26 T1 THUAS;7910691;46320
CEINT LOMBACROSS ACT H26 T2 THUS NR;7910716;45380
CEINT LOMBACROSS ACT H26 T3 THUAS;7910722;56370
CEINT LOMBACROSS ACT H26 T4 N THUAS;7910739;45690
CEINT LOMBACROSS ACT H26 T5 N TH;7910745;54250
CEINT LOMBACROSS ACT NR/BL H21 T2;6346558;40920
CEINT LOMBACROSS ACT.21CM T4 N THUA;8315884;50120
CEINT LOMBAMUM LOMB MATER THUS;9727241;39770
CEINT LOMBASKI LOMB NOIR/BLEU H26 T2;8655775;41500
CEINT LOMBASKIN GRIS H21 T1;8316085;41465
CEINT LOMBASKIN GRIS H21 T2;6669069;41960
CEINT LOMBASKIN GRIS H26 T4 THUASNE;4630034;45490
CEINT LOMBASKIN LOMB NOIR/BLEU H26 T2;8655769;38975
CEINT LOMBASS ACTIV H21 T2 NOIR;4563036;36145
CEINT LOMBATECH H21 T2;4899658;55200
CEINT LOMBATECH H21 T3 THUASNE;7996617;55200
CEINT LOMBATECH H26 T3 THUASNE NOIR;7996178;55200
CEINT LOMBAX ORIG H21 GRIS T2;4207235;32535
CEINT LOMBAX ORIG H21CM GRIS T3;4207241;32600
CEINT LOMBAX ORIG H26 GRIS T2;4207264;29140
CEINT LOMBAX ORIG H26 GRIS T3;4207270;36350
CEINT LOMBAX ORIGINAL H21CM GRIS T1;4207229;26060
CEINT LOMBAX ORIGINAL H26CM GRIS T1;4207258;29065
CEINT OMBIL 30-35CM LEGLOT PLAT;4437248;27280
CEINT OMBIL 40-45CM LEGLOT PLAT;6095740;28700
CEINT OMBIL 50-55CM LEGLOT PLAT;6095757;32830
CEINT OMBIL 60-65CM LEGLOT PLAT;9587774;15185
CEINTURE LOMB SALVA INICIA H21CM NR TXXL;6007269;40490
CELEBID 100MG CPR B/20;2268563;5485
CELEBREX 100MG GEL B/20;8016087;5625
CELEBREX 100MG GEL B/30;5436818;5215
CELEBREX 200MG GEL B/10;8016093;5625
CELEBREX 200MG GEL B/30;3543706;12030
CELECOXIB 100MG GEL B/30 BGR;1061471;2895
CELECOXIB 200MG GEL B/30 BGR;9300011;5790
CELECOXIB SP 200MG GEL B/20;8081920;8295
CELECTOL 200MG CPR B/28;3293505;7375
CELECTOL 200MG CPR PELL B/84;3723934;22500
CELESTAMINE 0,25MG CPR B/30;3019454;2110
CELESTENE 0,05% BUV GTTE F/30ML;3019508;3240
CELESTENE 2MG CPR SEC B/20;3412447;3390
CELESTENE 4MG INJ AMP 1ML B/3;3019460;4680
CELESTENE 4MG/1ML AMP B/1;3023675;3330
CELESTENE CHRONODOSE INJ B/1;3205777;3000
CELIA CEREL CEREAL INT DIASTA 200G;8387470;1525
CELIA CERELINE CEREAL FRUIT 200G;8387487;1415
CELIA CERELINE LAIT MIEL 200G;8387493;1390
CELIA CERELINE MULTI CEREAL 200G;8387501;1425
CELIA DEVEL.SRO B/10 SACH;8292261;3080
CELIA DEVEL.SRO B/10 UNITE;2298133;310
CELIA LAIT DEVELOP 1 B/400GR;8300776;3510
CELIA LAIT DEVELOP 2 B/400GR;8300782;3450
CELIA LAIT DEVELOP 3 B/400GR;8300799;3375
CELIA MAMA LAIT B/400G;8306603;3240
CELIPROLOL 200MG CPR B/28 ARROW;3577289;7300
CELIPROLOL 200MG CPR B/28 MYLAN;5772954;7000
CELLCEPT 250MG GEL B/100;3595258;68720
CELLCEPT 500MG CPR B/50;3595270;80420
CELLIFLORE THE BRUL GRAIS.S/20;8390331;3445
CELLIFLORE THE MINCEUR S/20;8306543;2855
CELLIFLORE THE VENTR PLAT S/20;8402206;2870
CELLTRIAXON 1G INJ B/1(CEFTRIAXONE);4215766;3470
CELLUFLEX AGETI SANDAL EOL  NOIR 42;8563027;14805
CELLUFLEX AGETI SANDALE ATLAS BLC 39;8746503;14665
CELLUFLEX AGETI SANDALE EOLE MARRON 42;8746532;14865
CELLUFLEX AGETI SANDALE EOLE SILVER 40;8563085;14630
CELLUFLEX AGETTI SANDAL ATLAS BLANCHE 41;8563636;16000
CELLUFLEX CEINT MINC.L/XL NR;8563429;12740
CELLUFLEX CEINT MINC.S/M NR 36-42;8563412;12735
CELLUFLEX CORS.VENTR PL.L/XL 44-48;8563406;17160
CELLUFLEX CORS.VENTR PL.S/M 36-42;8563398;16500
CELLUFLEX SAND MISTRAL RGE 38;8563116;16595
CELLUFLEX SAND MISTRAL RGE 40;8563139;16635
CELLULIPILL 60 CAPS BIOCYTE;4487660;27110
CELLUSTEPPER GEL B/56;4870063;26320
CELLUVISC 4MG/0,4ML COLLYRE UND B/30;3379744;5465
CELLUVISC 4MG/0.4ML CY UNID B/90;3379750;11180
CELOFEN 100MG GEL B/20;8456691;5510
CELOFEN 200MG GEL B/20;8456716;9645
CELOXX 200MG GEL B/10;8480347;5370
CELOXX 200MG GEL B/20;8480353;8125
CELOXX 200MG GEL B/30;8480376;10880
CENTRALGOL 300 COMP DRAG B/20;3173362;2590
CENTRUM MEN 50+CPR B/30;6030002;19090
CENTRUM MEN CPR B/30;3174597;29980
CENTRUM WOMEN 50+ CPR B/30;3175148;19025
CENTRUM WOMEN CPR B/30;2853528;19090
CEPEVIT COMP B/6;3019885;3065
CEPODEM 200MG COMP BT/10;2297257;7880
CEPOREXINE 250MG GRANU SP 60ML;3232030;3900
CEPOXIME 100MG/5ML PDRE SUSP BUV F/60ML;8490251;4875
CEPOXIME 200MG CPR B/10;8490245;5920
CEPROLEN ED 0,3% COLL F/5ML;8436903;1790
CEPROLEN-D GTTE OPHT/AURIC F/5ML;8075569;2095
CERAVE BAUME HYDRA 340G;1653741;11320
CERAVE BAUME HYDRAT.P/454GR;6079022;14140
CERAVE BOX HYD ;1948411;35200
CERAVE CR HYDR F.MOIS SPF50 1.75 F/52ML;1694191;12730
CERAVE CR LAV HYD FL/473ML;6079002;10710
CERAVE CR LAV HYDR FL/236ML;6079001;8470
CERAVE CR MOUSS F/236ML;1621541;9840
CERAVE CR REPAR YX T/14ML;8596328;10760
CERAVE CR SA ANTI RUGO F/177ML;1621511;10320
CERAVE CR SA ANTI RUGO F/340ML;1621521;16190
CERAVE CR VISAGE JOUR F/52ML;6079025;11670
CERAVE F.MOIS SPF30 1.75 OZ F/52ML;1740001;11890
CERAVE GEL MOUS A.IMPERF 236ML;6326319;9540
CERAVE GEL MOUSANT NETT F/473ML;5597357;15890
CERAVE GEL MOUSS F/473ML;1621551;11090
CERAVE GEL MOUSS POMP F/236ML;6079004;9790
CERAVE GEL NET ANTI RUGO F/236ML;1621561;10770
CERAVE GEL NETT A. RUGO F/473ML;1714191;14750
CERAVE HUILE LAVANTE MOUS HYDR F/473ML;1694211;15950
CERAVE HYD.V CR REPARA F/15ML;6079023;10760
CERAVE LAIT HYDRA 473ML;6079012;13640
CERAVE LAIT HYDRAT.F/1L;7559875;23100
CERAVE LAIT HYDRAT.F/236ML;1625971;8215
CERAVE SA CR.SA PIED REGEN 88ML;6079027;6540
CERAVE SER HYD AC HYALURO T/30ML;8810879;18650
CERAVE SER RET A.MARQ F/30ML;6326309;17420
CERAVE SOIN CONCENT A. IMP F/40ML;6326308;10250
CERAZETTE CP PLAQ 1X28;3529020;13380
CERAZETTE CP PLAQ 3X28;3529037;42190
CERAZETTE CPR PLAQ 3X28 UNITE;99988410;15000
CERDAK BASIC PANS B/10;8157729;27200
CERDAK BASIC PANS B/10 UNITE;8900507;2720
CEREBRO CPR B/20;8634974;6725
CERELAC 3 FRUITS B/250G;1563231;1910
CERELAC AU RIZ LAIT B/400G;8209797;3255
CERELAC BIB  FRUITS CEREALES B/200G;1248781;1375
CERELAC BIB BLE CEREALES  B/200G;1241232;1375
CERELAC BIB MIEL CEREALES PDR B/200G;1253112;1375
CERELAC BISCUITE PDRE B/400G;8570889;3910
CERELAC BLE B/400G;8209811;2515
CERELAC BLE LAIT 50G P/10;2279070;3210
CERELAC FRUITS LAIT B/400G;8209834;3260
CERELAC LAIT BISC.50G P/10;8300919;2550
CERELAC MAIS LAIT 50G P/10;8196950;3120
CERELAC MIEL CEREALES B/250G;8662769;1730
CERELAC MIL 50G P/10 UNITE;8151678;345
CERIS 20MG CPR B/30;3516158;5935
CERRUTI 1881 BLACK EDTV100ML;1899032;29785
CERRUTI 1881 EDTV 50ML;82100410;28855
CERRUTI 1881 F COFFRET-EDT 50ML+LT 75ML;8262610;42780
CERRUTI 1881 FEM EDTV 100ML;8210085;43205
CERRUTI 1881 H  COFFRET-COFFRET EDT 100ML+DEO 150ML;8272011;64990
CERRUTI 1881 H EDTV 100ML;8210056;39085
CERRUTI 1881 H EDTV 200ML;8210062;62000
CERRUTI 1881 IMAGE EDT VAPO 100ML;8222444;36060
CERRUTI 1881 IMAGE WOMMAN EDT VAPO 75ML;8274180;29880
CERUCLEAR SPRAY AURICULAIRE F/40ML;8392896;3910
CERULYSE GTTE AURICUL F/10ML;3020049;2065
CESTEM F XL CPR B/48 UNITE (+17,5KG;9996053;2580
CETAFF 500MG/50MG B/30;8467476;1940
CETAFOR 0,5 IV PDRE INJ AMP/5ML+F/1;8013829;1890
CETAFOR 1G IM PDR INJ AMP/4ML F/1;8013858;2510
CETALGIC 1000MG GEL MOLLE B/8;8437676;1240
CETALGIC 1G/100ML IV SOL P/100ML;1860622;1380
CETALGIC 500MG GEL MOLLE B/16;8437682;1380
CETAMYL 1G CPR B/10;8077841;1170
CETAMYL 3% SOL BUV F/90ML;8426046;1240
CETAMYL 300MG PDRE SUSP BUV SACH B/12;8416970;1035
CETAMYL 500MG CPR B/20;8080518;1115
CETAMYL 500MG CPR EFF B/10;8080599;965
CETAPHIL CR HYDR HTE TOLER T/50G;34993210;6740
CETAPHIL LOT HYDR HTE TOLER T/200ML;49932010;7870
CETAPHIL LOT NETTOY TOLER 200ML;6446955;5870
CETAPHIL SAVON HTE TOL PX/SS 125G;7040876;4835
CETAVLON CREME T/80G;3812046;1930
CETAZONE 1G INJ F/10ML(CEFTRIAXONE);2288809;2535
CETAZONE 250MG INJ B/1;2294678;1685
CETAZONE 500MG AMP INJ B/1;8043078;2785
CETIREX 10MG CPR B/10;8093604;1510
CETIREX 1MG/ML SP F/60ML;8436783;1630
CETIX 10MG CPR SUCER B/7;8023087;1795
CETORNAN 5G PDRE BUV.SACH. B/10;3302782;24270
CETRAXAL 500MG COMP B/10;2026920;7605
CETRAXAL 750MG CPR B/10;2293957;8500
CETRAXAL OTICO GT.AUR.10ML;2293963;4850
CETRAXAL+ 3/0,25MG GT.AUR.10ML;8061768;5525
CETROTIDE 0,25MG INJ B/1;3517790;33060
CEVAC BI L 1000 DOSES ANG;9010626;3710
CEVAC BI L 500 DOSES ENG;4034970;1840
CEVAC BROILER NDK 100ML;9045211;8180
CEVAC CIRCOMUNE 1000D US;1003176;26125
CEVAC COGLAVAX 250ML;3118305;10550
CEVAC CORYMUNE 4K 500ML;4053571;37150
CEVAC CORYMUNE 7K 500ML;7245265;69525
CEVAC FP L 1000D;9012418;6775
CEVAC FP L DILUENT STER.10ML;9038197;1645
CEVAC GUMBO L FL 1000 DOSES;9024255;3450
CEVAC IBD L 1000 DOSES;9007877;9520
CEVAC IBIRD 5000DOSES;9024373;18610
CEVAC IBIRD F/1000DOSES;7791772;9460
CEVAC MD RISPENS 2000D;9101688;21920
CEVAC NEW K 500ML;9008150;10970
CEVAC NEW L 1000 DOSES ANG;9010721;2035
CEVAC NEW L 500 DOSES/2R ANG;3475749;1075
CEVAC SOLVANT STERILE 400ML ;9000179;5815
CEVAC TRANSMUNE 2000D ANG/ASIE;9011896;33085
CEVAC UNI L 1000 DOSES;9007883;1435
CEVAC UNI L 500 DOSES/2R ENG;4034958;1090
CEVAC VARIOLE DILUENT  10ML;9012424;1700
CEVAC VECTORM.HVT-NDV+RISP.2000DOSE;90425510;65420
CEVAC VECTORMUNE FP MG AE 1000DOSES;9026515;37390
CEVAC VECTORMUNE ND 2000DOSE;9062910;65625
CEVAC VITABRON 2000 DOSES;9008138;8880
CEVAC VITABRON L 1000D;9023468;4985
CEVAMEC 1% 50ML;3151975;2175
CEVAMUNE 1CP EXP;7149076;1040
CEVAXEL RTU 100ML;9025800;17560
CEVAZURIL 2,5% F/1L;9002578;20600
CEVIT VITC 100MG CPR B/10 ;9001082;1570
CEXIME 200MG CPR PEL B/10;8456308;3870
CEXIME DS 100MG PDRE SUSP BUV F/100ML;8456314;3210
CEXIME DT 100MG CPR DISP B/20;8475659;3360
CEXOLAN 50MCG/ML COLL F/2,5ML;8016874;11300
CEZED 500/10MG CPR CRPQ B/30;2479939;5745
CEZIN 10MG CP B/7;8065513;940
CHAMBRE D'INHALATION 6 ANS + BIOSYNEX;8604381;20900
CHAMBRE D'INHALATION 9M-6ANS BIOSYNEX;8604374;20900
CHAMBRE INHALAT ABLESPACER+MASQ;8278456;26400
CHAMBRE INHALER +6ANS;9954592;14720
CHAMBRE INHALER 0-9MOIS VISIOMED;9954617;12220
CHAMBRE INHALER 9M-6ANS VISIOMED;9954600;12220
CHAMOMILLA VULGARIS 7 CH GR;193097;1190
CHAMP SIMPLE ADHESIF ;1138634;6560
CHAMPIX 1MG CPR PEL PL/28;2733161;43715
CHAMPS STERILS;9038866;3070
CHANEL GABRIELLE EDPV 100ML;297543;106000
CHANOU SAV  BEUR CAO/KARIT.200G;355580;2000
CHANOU SAV B.C.CITR.MENT.200G;3558;2000
CHANOU SAV BEURR CACAO 200G;35580;2000
CHARB CPR B/30;8656390;1455
CHARBON BELLOC CAPS B/36;3508621;8045
CHARBON VEGETAL TECH PDRE 1 KG;9007831;10000
CHARIOT DE SOINS;99996510;250000
CHARLOTTES P/100 (CALOT);9011086;6500
CHARRIOT MATELAS AMB.;1234562;1840800
CHATEAU R. CR PRETIGE UNIF 50ML;2032027;11460
CHATEAU R. FLUID MAT T/50ML;2032056;9160
CHATEAU R. GEL DCHE UNIF F/750ML;8778012;15535
CHATEAU R. GOM ILL CORP T/150ML;8151170;8180
CHATEAU R. LAIT ECLAIRC.750ML;8427270;31650
CHATEAU R. LT ECLAT ANTI-TACH F/400ML;8717134;23810
CHATEAU R. MEN SAV N RAS 100G;8399444;4145
CHATEAU R. PAIN DERM.ECL.100G;7688608;8940
CHATEAU R. SAV DERM.PAIN ECL.200G;8379418;9180
CHATEAU R. SAV EXFOL.ECL 100G;5380562;9280
CHATEAU R. SAV SURG.150G;4065634;5670
CHATEAU R. SEROGEL F/30ML;9719023;17160
CHATEAU R.BAUM ULT NOUR.PS 200ML;4065611;6865
CHATEAU R.BB GEL 2EN1 LAV DX 500ML;1292981;11165
CHATEAU R.BB GEL LAV 250ML;4220684;6530
CHATEAU R.BB LAIT HYDR T500ML;8561301;13085
CHATEAU R.BB LAIT TOIL 250ML;4220690;6020
CHATEAU R.BB LAIT TOIL.NETT.750ML;4220709;10785
CHATEAU R.BB LAIT TOILLET.500ML;8567367;12740
CHATEAU R.BB TALC 100G;8560017;6450
CHATEAU R.BB.SAV SURG. 150G;8561293;4530
CHATEAU R.COFFRET BRACRLET;1261607;21535
CHATEAU R.CR A-TACHE T/50GR;7688548;13405
CHATEAU R.GEL DCHE UNI B F/400ML;8600426;10665
CHATEAU R.GEL DCHE UNIF A F/400ML;8600449;11015
CHATEAU R.GEL MOUS.ECL.200ML(VIS/CO;7688583;6580
CHATEAU R.GOMM VIS ECLAIR;7688577;8830
CHATEAU R.HLE B.UNIF SPR/100ML;8520868;9920
CHATEAU R.LAIT ECL.VIS 400ML;7688554;21215
CHATEAU R.LAIT ULT.HYDR.500ML;8179702;13780
CHATEAU R.LOT A-TACHE 200ML;7688560;6905
CHATEAU R.MASQ CL.ARGIL 100ML;2026096;8055
CHATEAU R.MEN BAUM AP RAS 50ML;8399438;8175
CHATEAU.R GOMMAGE ECLAT F/50ML;1615341;8760
CHAUS SIG COT 2 DIA CAN L.L 1676T;4445408;30850
CHAUS SIG COT 2 DIA F PO CAN L.M;5446775;30850
CHAUS SIG COT 2 H NOIR L XL;4734851;32730
CHAUS SIG COT 3 EXP H NOIR L.M;6406068;32680
CHAUS SIG COT 3 F MED NORM (CHAIR);6404709;33370
CHAUS SIG COT2 H URBAIN MARINE L.M;9831694;33740
CHAUS SIG COT3 F SM NORM CHOCOLAT;2139601;29090
CHAUS SIG COT3 H LARGE NORM NOIR;2132674;34820
CHAUS SIG COT3 H SMALL NORMAL NOIR;6405991;34840
CHAUS SIG F2 H URBAN MARINE XL;9831719;31980
CHAUS SIG MIC2 DIA CAN L.S 1674T;4445377;30850
CHAUS SIG MIC2 DIAP ML NOIR;7666506;28340
CHAUS SIG OPALIS FEM NOIR MED LONG;4726998;30360
CHAUS SIG OPALIS FEM NOIR X SMAL LO;4727288;30360
CHAUS SIG2 DIAPH L N CANNELLE;4445354;36220
CHAUS SIG2 DIAPH M L F DUNE;4445383;30850
CHAUS SIG2 INS H CENDRE N S;9962953;28100
CHAUS SIG2 INS H L XL NOIR;9962841;32660
CHAUS SIG2 INS H N XXL NOIR;9962806;29920
CHAUS SIG2 INS H NOIR SMALL NORMAL;9962769;30060
CHAUS SIG2 INST H SAB NS 4156T;9962864;30060
CHAUS SIG2 URBAN H LL MARINE;9831702;33460
CHAUS SIG2 URBAN H LL NOIR;4734845;33460
CHAUS SIG2 URBAN H LL TECK;4376558;36540
CHAUS SIG2 URBAN H ML CHROME;4843043;33420
CHAUS SIG2 URBAN H ML NOIR;4734839;34920
CHAUS SIG3 EXP H LL CHROME;6406950;36400
CHAUS SIG3 EXPERT H LL NOIR;6406074;33950
CHAUS SIG3 INS H NOIR MED L;2132680;32330
CHAUS SIG3 INST H NS NOIR;2132622;32660
CHAUS VARIS F3 H PASSO NOIR T3;4734503;28125
CHAUS VARISAN 2 ETHERE N NOIR T0;4012528;29100
CHAUS VARISOFT2 H T4N NOIR;6238711;24505
CHAYE LOT OURIF VIS F/100ML;1613901;6610
CHAYE LT HYD REPARATEUR F/300ML;1721071;11330
CHENODEX CP B/30;3203235;9080
CHERICOF SP FL/100ML;2269574;1435
CHERRY 160/5,5/1,125MG/15ML SP/200ML;8482375;2335
CHEVIGNON AFTER SHAVE 50ML;9017611;14410
CHEVIGNON BEST OF EDTV 100ML;8521879;28170
CHEVIGNON FOREVER MINE F EDT.50ML;8522838;24985
CHEVIGNON H EDTV 100ML;8522790;25760
CHEVIL ANATOM.BLC T4 VELPEAU;4661744;10150
CHEVIL CONT MALLEOACTION T2;9728022;7240
CHEVIL COOPER CC T1 NOIR;4319402;8900
CHEVIL COOPER CC T2;4319419;7425
CHEVIL COOPER CC T4 NOIR;4319431;7935
CHEVIL COOPER CL T1 NOIR;9965874;18430
CHEVIL COOPER CL T2 NOIR;9965880;19380
CHEVIL COOPER CL T3 NOIR;9965897;18970
CHEVIL COOPER CL T4 NOIRE;9965905;18800
CHEVIL COOPER CLM T1 NOIRE;4443579;25145
CHEVIL COOPER CLM T2 NOIRE;4443585;24590
CHEVIL COOPER CLM T4 NOIR;4443616;20345
CHEVIL COOPER CLM T5 NOIR;4443622;24135
CHEVIL DYNAST.MALLEO T2 GRIS THUAS;9876260;21295
CHEVIL LIG MALLEO GRIS T4;8659856;21145
CHEVIL LIG T1 R6278 GTHO;9009830;13380
CHEVIL LIGASTR.MALLEO T1 GRIS THUAS;9876254;26435
CHEVIL LIGASTR.MALLEO T3 GRIS THUAS;8315619;21285
CHEVIL LIGASTR.MALLEO T4 GRIS THUAS;8315625;21260
CHEVIL SALVA CLM T2;7332194;20995
CHEVIL SALVA CONF ACT NR T1;6315002;12890
CHEVIL SALVA CONF ACT NR T2;6315003;12890
CHEVIL SALVA CONF ACT NR T3 ;4319425;12760
CHEVIL SALVA CONF ACT NR T4;6315005;12890
CHEVIL SALVA CONF ACT NR T5;6315007;12760
CHEVIL SALVA LIGA ACT NR T4;6314999;23730
CHEVIL SALVA LIGA ACT NR T5;9965911;26350
CHEVIL SALVA LIGA ACTIVE T1;6314995;21250
CHEVIL SALVA LIGA ACTIVE T2;6314996;26350
CHEVIL SALVA LIGA ACTIVE T3;6314997;27190
CHEVIL SALVA PROGRESS T3;7639691;41965
CHEVIL SALVA PROGRESS T4;7639716;41140
CHEVIL SILISTAB MALLEO NOIR T2;8319244;25210
CHEVILLERE ANATOMIQ PHARNEA T4;6689209;10375
CHEVILLERE LIGACTION R1415 T1;6594070;20435
CHEVILLERE LIGACTION R1415 T4;6689190;20445
CHEWRON 50ML/5ML SP F/120ML;8778578;1320
CHIBRO CADRON COLLYRE FL 5ML;3021741;2040
CHIBRO-PROSCAR 5MG B/28;3352484;18355
CHIBROXINE CY FL/5 ML;3313225;3145
CHICCO ANNEAU DENT.REFRIG.CORNET/1;8609025;4505
CHICCO ANNEAU DENTITION REFRIG ANNEAU;8609203;4505
CHICCO ANNEAU REFR.71520 CERISE COR;8609031;4505
CHICCO ASPIRATEUR NAS PR BB;9017284;3500
CHICCO BAIN MSSANT 500ML 002837;8608899;7510
CHICCO BIB 707232 PL SIL BLEU 250ML;7072327;5000
CHICCO BIB PHYS 207100 VER PM LATEX;713705;6500
CHICCO BIB PHYS 207200 VER GM LATEX;714314;7500
CHICCO BIB PHYS 60042 VER SIL PM;9004488;5500
CHICCO BIB PHYS 70821 VER SIL GM FA;708213;7500
CHICCO BIB PHYS 71622 PL PM SIL;9023020;2
CHICCO BIB PHYS VER NATUR SIL 240ML;8609189;8665
CHICCO BIB PL 330ML LAT BLEU.206342;2063424;6000
CHICCO BIB PL 330ML LAT ROSE;2063418;6000
CHICCO BIB PL 330ML SIL BLEU  4M+;8609120;7975
CHICCO BIB PL 330ML SIL ROSE;7073516;5500
CHICCO BIB PL FANTASY 250ML 181;707604;5000
CHICCO BIB PL LATEX BLEU 250ML;7072221;5500
CHICCO BIB PL LATEX ROSE 250ML;7072215;5500
CHICCO BIB POLY.4M+SIL ROSE/330ML/1;8609137;6935
CHICCO BIB PROM.4M+CAOU BLEU/240ML;8609143;7510
CHICCO BIB PROMENAD 240ML LAT;9008279;6000
CHICCO BIB STEP-UP 2 250ML (080723);9006263;7800
CHICCO BIB STEP-UP 3 330ML 80737;807375;7800
CHICCO BIB STEP-UP 330ML BLEU 80837;8083729;7800
CHICCO BIB STEP-UP 330ML ROSE 80837;9824903;7800
CHICCO BROS+PEIGN 66003 SOIE NATURE;9019449;5500
CHICCO BROSS/DENT 002311 ROSE;9019739;2800
CHICCO BROSS/DENT 69580 VERT 6M/36M;8609048;3815
CHICCO BROSS/DENT 69581 ROSE 6M/36M;695812;2800
CHICCO BROSS/DENT 69582 BLEU 6M/36M;8609060;3815
CHICCO BTE LAIT PDRE 0M+ R007657;9015894;11500
CHICCO CHAINE CLIP BLEU (4083);9014104;5500
CHICCO CHAINE CLIP ROSE (4082);9002414;5500
CHICCO CHAINE CLIP VERT(4084);9560002;5500
CHICCO CISEAUX INOX 65260+COUVERCLE;90187710;4500
CHICCO COTON T B/90;8603927;3450
CHICCO COTON TIGE 64716 SECU P/64;9044022;2200
CHICCO COTON TIGE 9454 SECU P/90;9017290;2800
CHICCO COUSSIN.61779 ALLAIT.30PCES;9018763;4800
CHICCO COUVERT REPAS 1AGE 12M+;9019047;3500
CHICCO CUIL 685762 DCE BAMBINO 12M;9020524;2800
CHICCO CUIL DCE SIL 6M+ R6828;5000128;6500
CHICCO DESINFECT MULTI-USAGE(064857;9005743;4500
CHICCO EAU DE COL 100ML NEW (2801);90030310;6500
CHICCO EAU DE COL 100ML TRAD (2707);8608994;7510
CHICCO EAU DE TOILETTE 100ML (2802);8609002;7510
CHICCO EPONGE EXTRA-ABSORBANT GM;7856000;5500
CHICCO EPONGE GANT DE BAIN;78663;5500
CHICCO GOUPIL.691892 BIB+TET;6918928;5500
CHICCO GOUPIL.691894 BIB+TET;6918940;6500
CHICCO HOCHET 3 CLEF BLEU PASTEL;649137;3500
CHICCO HOCHET 3 CLEF ROSE PASTEL;9019171;3500
CHICCO HOCHET 63281 3 CLEFS SPLES;9005766;4800
CHICCO HOCHET 65489 AN.DENT. BAMBIN;9011850;4500
CHICCO HOCHET 69304 MAGI'BOULE;9036790;3900
CHICCO HOCHET PRISE FACILE CLES;3695959;6500
CHICCO HOCHET TULIPE BLEU PASTEL;685877;6500
CHICCO HOCHET TULIPE ROSE PASTEL;9056611;6500
CHICCO HUIL 2850 DCE BB 200ML;8608971;6355
CHICCO LAIT 2848 TOILET DX 200ML;8608959;4505
CHICCO LAIT 2849 TOILET DX 500ML;8608965;9010
CHICCO LING/FLEUR 72PCES BLEU 91631;8609019;3815
CHICCO LING/FLEUR 72PCES VERT 27382;9007222;2800
CHICCO MICRO-BIBERON 60ML;9011867;4500
CHICCO POLY 4M+SILC JAUNE 330ML;8609114;6355
CHICCO PROT.BIB STEP R060180;675293;35000
CHICCO PROT.SEIN SIL LARG 2PCE;9018680;6700
CHICCO SAV 2855 LAIT 100GR;8608882;2310
CHICCO SERV.1143 POST-NAT.P/30PCES;3467307;7800
CHICCO SH 2839 SS LARME 200ML;8608907;4045
CHICCO SHAMPOING DE BAIN F/500ML;8608936;8665
CHICCO SLIP 11373 JET.T3 P/4;9018042;3500
CHICCO SLIP 11374 JET.T4 P/4;9018059;3900
CHICCO STERIL.ELECT.8BIB 2E(007392);9023161;51990
CHICCO SUC COMF 1 AGE SIL ROSE 24;7281315;3500
CHICCO SUC COMF 1AGE SIL BLEU;7281321;3500
CHICCO SUC COMF NAISS SIL BLEU;74911210;3900
CHICCO SUC COMF NAISS SIL ROSE;7491113;3900
CHICCO SUC PHYS 1765 NAIS.SIL BLEU;9024516;3900
CHICCO SUC PHYS 1AGE SIL ROSE;7293212;3900
CHICCO SUC PHYS 1AGE SIL VERT;7293241;3900
CHICCO SUC PHYS 2 AGE SIL BLEU;72934210;3900
CHICCO SUC PHYS 2AGE LAT BLEU;7292425;3900
CHICCO SUC PHYS 2AGE LAT ROSE 2P;7292419;3900
CHICCO SUC PHYS 2AGE SIL ROSE;7293413;3900
CHICCO TALC DOUX 2737 150GR;8608988;4505
"CHICCO TASS""2016""BASCUL.ROLLY 12M+";9024522;8900
"CHICCO TASS""450303""ANTI-FUIT SOPHIE";9005341;8900
CHICCO TET 71314 2AGE SIL 2PCES;9010684;2000
CHICCO TET PHYS 1-2-3 LAT 2PC (123);2083220;4000
CHICCO TET PHYS 1-2-3 SIL 2PCES;816279;4500
CHICCO TET PHYS 208232 1AGE SIL 2PC;9005772;4000
CHICCO TET PHYS 81625 NAIS.SIL 2PCE;714107;3900
CHICCO TET PHYS 81627 SIL 2PCE;9110960;3900
CHICCO TET.71316 1-2-3 SIL 2PCES;9024924;2000
CHICCO TIRE-LAIT + BIB COMFORT 5740;9005789;39000
CHICCO TIRE-LAIT PHYSIO+BIBERON;9025148;19500
CHINA REGIA 15CH GR;198120;1250
CHINA RUBRA 15CH GR;210128;1135
CHINA RUBRA 5 CH GR;8629973;3465
CHININUM SULF 15CH ;2007931;3490
CHINTHER 20/120 CPR B/24;8081854;2385
CHINTHER 40/240MG CPR B/12;8081877;2355
CHINTHER 80/480MG CPR B/6;8057790;2355
CHLOE CHL.NOMADE-COFFRET EDP 50ML+LT CORPS;1165022;58660
CHLORAMINOPHENE 2MG GEL B/30;3369906;31925
CHLORDERMA CHAT COMP B/20;6847252;1590
CHLORE PALETTES KG;90100310;11100
CHLORHEXIDINE COOPER 0,5% 5ML B/12;9685206;6900
CHLORURE D'ETHYLE SPRAY 100ML;2008537;4200
CHLORURE DE MAGNESIUM COOP 250G;7428310;20110
CHLORURE MAGNESI.CPF 20G B/50;6188186;36830
CHLORURE MAGNESI.SACH/20G CPF;2019736;860
CHOCOFER 50/0,5MG SP F/200ML;8061739;3775
CHOLESTAROM F/250ML;8446385;2460
CHOLESTEROL 10MG CPR B/30;8656355;5435
CHONDROFLEX GEL B/30;8018353;14105
CHONDROGEN 500/400MG CP ENR B/20;8418265;5140
CHONDROSULF 1200 MG B/30;7476600;24595
CHONDROSULF 400MG GEL B/84;3359173;41300
CHOPARD WISH EDP VAPO 75ML;9019490;44000
CHOPHYTOL 200MG CPR ENR B/60;3990397;11190
CHOPHYTOL CPR ENR B/180 (FA);3990405;3115
CHOPHYTOL GTTE FL/120ML;3022798;6760
CHROME FORTE 150 CP B/30 WALMARK;1480091;4545
CHRONO-ADALAT LP 30MG CP/30(ADAL.LA;3578047;6795
CHYMOTRYP CPR B/30;8609657;5000
CIALIS 10MG COMP B/4;3607984;75890
CIALIS 20MG CPR B/4;3608009;31630
CIALIS 5MG CP B/28;3805454;124360
CIBACENE 10MG CPR B/30;3731247;3990
CICA CARE PLAQUE 6X12CM;7626949;40430
CICABIAFINE BAUM DCHE HYDR SURG 400;9514077;10780
CICABIAFINE BAUM HYDR CORP 400ML;9514060;14100
CICABIAFINE CR  REPARAT  MAIN-PIEDS F/50ML;9514054;10577
CICABIAFINE CR HYDR CORP 200ML;4220879;19080
CICABIAFINE CR PIED SEC FENDILLE;9781252;8060
CICABIAFINE LAIT HYD CORP 400ML;9671552;12000
CICALFER 100/1,5/22,5MG CPR B/30;8428447;2630
CICALFER SP FL/200ML;1594571;2630
CICAPLAIE A2 CREME T/50G;85971810;8700
CICATREX PDR T/20G;8781178;2100
CICATRIDINE 5MG SUPP B/10;9587521;14250
CICATRIDINE CR AC HYALU T/30G;80974610;11535
CICATRIDINE CR AC HYALU T/60G;4074403;16510
CICATRIDINE OVUL VAGIN.B/10;7913519;14590
CICATRIX CR REPARATRICE T/30ML;8564736;6160
CICATRYL PDE DERM SACH 2G B/14;3293095;3720
CICIAN 500MG CPR PELL B/10;8077054;690
CICLOVIRAL 200MG CPR B/25;8057519;5820
CICLOVIRAL 400MG CPR B/25;8057525;8020
CICLOVIRAL 5% CR T/10G;8057577;6365
CICLOVIRAL 800MG CPR B/25;8057548;10155
CID 2000 BID 1L;1101826;8920
CIDINE 1MG CPR B/50 (CINITAPRIDE);8017448;4820
CIELCEF 100MG/5ML PDR SUSP BUV/60ML;8056081;4190
CIELCEF 200MG CPR B/10;8056112;4190
CIELCEF 400MG CPR B/10;8438799;5980
CIELNAC 100MG/500MG CPR B/10;8056129;2480
CIELNAC SP 100/325/15MG CPR B/10;8438782;2630
CIELPRAZ 40MG CPR B/10;8056141;2755
CIELPRAZ-D 40MG/30MG GEL B/10;8428424;3710
CIFIMEX 200MG CPR B/10;8494970;6215
CIFLOX 500MG COMP B/12;3642963;13220
CIFLUZOLE 150MG GEL B/4;8003854;3130
CIFRAN 500MG COMP B/10;2027279;4575
CIFRAN CT CPR B/10 (CIPRO/TINIDAZOL;8034932;6120
CIFRAN OD 1G CPR B/10;2299983;8710
CIGARET.ELECTR.EGO K3;9035000;16500
CIGARET.ELECTR.EGO K6 CE5;4130892;16500
CIGARET.ELECTR.EGO T CE5;4128760;14500
CIGARET.ELECTR.EVOD TWIST;6809317;19500
CIGARET.ELECTRONIQ CPLET;9030190;27430
CILENEM 500MG/500MG PERF B/1;8474335;6200
CILOXAN 0,3% COLLYRE FL/5ML;3373753;4300
CILOXAN 0,3% PDE OPHT T/3,5G;3592277;4165
CIMETIDINE 200MG CPR EFF B/60 ARROW;3488255;8790
CIMETIDINE CREAT CP 400MG B/100;2029580;13115
CIMETROL 500MG CPR B/20;2275994;1260
CIMOXYL 500MG GEL B/12;2276002;1220
CIMPLE PLUS SH;3286014;4970
CINABAC 500MG CPR B/10;8065387;6485
CINACALCET 30MG CPR B/28 VIATRIS;3005737;76170
CINACALCET 30MG CPR B/28 VITARIS;57377;72955
CINET 10MG CPR B/10;8057488;925
CINET 10MG CPR DISP B/40;8003191;5015
CINET 1MG/ML SUSP BUV F/200ML;8003239;2855
CINFATOS COMPLEX SP FL/125ML;8016489;2755
CINOD 10MG CPR B/30;8483334;8955
CINOD 5MG CPR B/30;8483328;7230
CIPHACET 150MG SUPPO B/10;8068144;720
CIPHACET 3% SOL BUV F/90ML;8081860;1000
CIPHACET 300MG SUPPO B/10;8070951;900
CIPHACET 500MG COMP B/24;8082032;800
CIPHACET 500MG COMP B/300;2026305;6000
CIPHASPIRE CPR 500MG B/20;4034036;500
CIPHASPIRE-ASPIR 500MG CP B/300;2027322;4720
CIPHASTEINE 2% ENF SP F/125ML;2027345;1165
CIPHASTEINE 5% AD SP F/125ML;2027339;1635
CIPHASTEINE 5% AD SP F/250ML;8066197;2500
CIPLUME COLLYRE;8740446;1890
CIPOTAX 500/600MG CPR B/30;8097737;8295
CIPRACTINE 4MG CPR B/30(CIPROHEPTAD;8424277;1145
CIPRAL 500MG CPR PELL B/100;8472744;4835
CIPRO 0,3% COLL 5ML;2291579;2880
CIPRO DENK 500MG CPR B/10;2270034;4165
CIPRO DENK 750MG CPR PELL B/10;8070460;4440
CIPROAS-TZ 500/600MG CPR B/20;8067512;6920
CIPROBAY 250MG CPR PELL B/10;8063589;9810
CIPROBAY 500MG CPR PELL B/10;8063595;9045
CIPRODYNE 250MG CPR B/10;2291585;3475
CIPRODYNE 500MG CPR B/10;2291591;5680
CIPROFLOX.AMRIYA 200MG INJ F/100ML;8491090;3540
CIPROFLOX.UBI 100MG INJ F/50ML;8054515;1405
CIPROFLOX.UBI 750MG CP B/100;8054171;11600
CIPROFLOXACINE 500MG CPR B/14 VIR;8469305;2630
CIPROFLOXACINE AFR 500MG CPR B/10;8438291;3360
CIPROFLOXACINE AFR 750MG CPR B/100;8490222;8815
CIPROFLOXACINE VIR 250MG CPR PELL B/14;8469297;1710
CIPROGLEN 500MG CPR B/10;8028707;3075
CIPROLENT XR 1000MG CPR B/1;8475949;4410
CIPROLEX-TZ 500MG/600MG CPR PELL B/14;8450228;3650
CIPROLON 500MG CPR B/14;8094236;3885
CIPROLON 750MG CPR B/14;8094242;5995
CIPROMED 500MG CPR B/10;8074937;3060
CIPROMED TZ CPR B/10;8074972;3060
CIPRONAT 200MG SOL INJ IV F/100ML;8013924;7605
CIPRONAT 250MG CP B/14(CIPROFLOXAC.;8005646;1685
CIPRONAT 500MG CP B/14(CIPROFLOXAC.;8005681;2785
CIPRONAT 750MG CP B/14(CIPROFLOXAC.;8005729;3885
CIPROX 500MG COMP B/10;2252177;2755
CIPROXINE 250MG COMP B/10;2017111;9810
CIPROXINE 500MG CPR B/10;2024878;9080
CIPROZOLE 250/300MG CPR B/10;2291616;5845
CIPROZOLE FORT.500/600MG CPR/10;2288962;5540
CIPROZOLE FORTE 500MG/600MG CPR B/20;8475599;7575
CIPTADINE 4MG CPR B/30;8419678;1380
CIPTIN 250MG CPR B/10;2288985;2125
CIPTIN FORTE 500/600MG CPR B/10;2288979;2550
CIPTIN PLUS KIT CPR B/12;8477090;5210
CIRCADIN 2MG LP CPR BT/30;2024430;25420
CIRCULARINE GELULE B/40;3126687;3360
CISEAUX DE JESCO;9010448;15000
CISEAUX DROITS MOUSSE 18CM;8210895;9750
CISEAUX DROITS POINTU 16CM;8210903;4480
CISEAUX DRT 14CM MOUSSE;9010460;8450
CISEAUX DRT 14CM POINTU;9010490;8450
CISEAUX DRT 16CM POINTU;8210889;4400
CISEAUX DRT 16CM ROND;8496041;7670
CISPLATINE 25MG PERF F/1 MERCK;5622522;6080
CISPLATINE 50MG PERF F/1 ACCORD;5761577;10190
CISPLATINE 50MG/50ML F/1 MYLAN;5622516;9335
CITAL LIQ.1,37G/5ML BUV 100ML;8061679;3180
CITINEX 500/600MG CPR PEL B/30;8452635;8540
CITRAFER CPR B/30;8656378;4365
CITRAFLEET PDR BUV SACH/2;3841645;11240
CITRATE BETAINE CPR EF B/20 (UPSA);3496585;9300
CITRATE DE CAFEINE CPF 25MG/ML 2ML B/10 INJ/BU;1447591;8430
CITRIL PDRE ORODISP SACH B/20;8634980;6360
CITROSYL SOL EXT SPR 250ML;8013172;2540
CITROSYL SOL F/125ML;2027351;1285
CIVASTINE 10MG CP B/28;8000198;6500
CIVASTINE 20MG CP B/28;8000229;12290
CLAIRISS LT HYD CORP ALOEVERA 500ML;8337319;6230
CLAIRISS LT HYD CORP AMANDE 500ML;8337288;6005
CLAIRISS LT HYD CORP CACAO 500ML;8337354;6075
CLAIRISSIM LT HYDR VIOLETTE 500ML;8337302;6020
CLAIRISSIME CR ECLAIR UBIQUIN 50ML;8331044;2950
CLAIRISSIME LOT ECLAIR UBIQU 200ML;8331067;3840
CLAIRISSIME LT ECLAIR UBIQUIN 250ML;8331038;3480
CLAIRISSIME LT ECLAIR UBIQUIN 500ML;8331050;5560
CLAIRISSIME SER ECLAIR UBIQUI 30ML;8331021;2165
CLAIRODERMYL CRE 5% T/30G;3369728;18550
CLAMOXYL 125MG PDRE SP F/60ML;3211105;1175
CLAMOXYL 1GR CPR DISPERS B/12;3320768;4120
CLAMOXYL 1GR CPR DISPERS B/6;3305496;2340
CLAMOXYL 250MG PDRE SP FL/60ML;3211128;3065
CLAMOXYL 500MG GELULE B/12;3158753;1750
CLAMOXYL 500MG PDR SP F/60ML;3230002;1970
CLAMP DE BAR OMBILICAL;8090032;655
CLARA CLEAR HUILE NORMAL F/250ML;2276338;1545
CLARABEL FRAICH.LAIT CORP 400ML;8561287;1820
CLARABEL LAIT ANT-TACHE 400ML;1579881;2270
CLARABEL LAIT ANTI-TACHES F/250ML;8676487;1875
CLARABEL LAIT HYD CORP 400ML;8380309;1895
CLARABEL LAIT HYD HAD APAIS 400ML;8618774;2410
CLARABEL LAIT NUTRI KARITE F/400ML;8618797;2410
CLARABEL LAIT SOIN VERGET 400ML;8676501;1875
CLARADOL 500MG CPR EFF B/16;3273649;1460
CLARADOL 500MG/50MG CPR EFF B/16;3320797;2030
CLARIAN ANTI-AGE CR F/50G;8566698;6085
CLARIAN CLARTE LAIT F/250ML;2289915;3960
CLARIAN GEL DCHE MOUSS F/250ML;8240991;3825
CLARIAN LOT PURIF F/100ML;2285219;2780
CLARIAN PRESTIG LAIT PUR.250ML;2289921;3160
CLARIAN SAV GOMM.PAIN 150G;8397103;1750
CLARIAN SERUM SALIC.2% F/100ML;8048874;3765
CLARICIN 500MG CPR PELL B/14(CLARIT;8446020;7450
CLARIE OD 500MG CPR B/7;8055816;4820
CLARIGYNA GEL DCHE INTIM 200ML;8544544;5235
CLARINS BAIN PLANTE RELAX 200ML;668100;19860
CLARINS BAIN PLANTE TONIC 200ML;9006435;18125
CLARINS BAUM AR CT.YX MR (108810);9010537;37050
CLARINS BAUM BEAUTE ECL 50ML(045310;453109;29255
CLARINS BAUM CORP S.HYDR 200ML;9006033;27860
CLARINS BAUM CORP S.HYDR 400ML;1045815;38330
CLARINS BAUM CORP S.HYDR 400ML;1045815;39015
CLARINS BAUM CORP TONIC 200ML;551102;34145
CLARINS BAUME CTOUR YX 20ML;177106;25330
CLARINS BI-SERUM ANTISOIF 30ML;1122107;32430
CLARINS BODY FIT 200ML ;1012032;40405
CLARINS BODY FIT RETAIL F/400ML;102954;58530
CLARINS BOOSTER DETOX;155174;29255
CLARINS BOOSTER REPAIR;155168;29255
CLARINS BRIGHT + AMP 8ML;8009490;29255
CLARINS BRIGHT + EMULS HYDR A-T 75ML;1906814;34145
CLARINS BRIGHT + GEL CR HYD ANT T;8009039;40410
CLARINS BRIGHT + LOT FRAICH A-T 200ML;8000241;25780
CLARINS BRIGHT+  BODY LOT CORP 200ML;1640196;28570
CLARINS BRIGHT+ LOT ESSEN ILLUMINATRICE F/150ML;96667;37275
CLARINS BRIGHT+ADVANCED EMULSION F/100ML;116231;34145
CLARINS BRIGHT+CR NUIT 50ML;1227191;33440
CLARINS BRIGHT+EMULS ECL SPF20 50ML;1218190;27240
CLARINS BRIGHT+EMULS ECL SPF20 75ML;183992;34140
CLARINS BRIGHT+SER.ECLAIRC 30ML;1217196;50855
CLARINS BRIGHT+SERUM 50ML;105831;67580
CLARINS CALM ESS BAUME 30ML(80083442);1921848;24390
CLARINS CALM ESSENT HUIL REST 30ML;1043967;47375
CLARINS CALM ESSENT.EMULS 50ML;1043965;34830
CLARINS COF LTV VP SPA HOME(HU T 100ML+ G E30ML+B T 30ML);8005008;34840
CLARINS COF LTY VP HAND & FEET NEW 2019;8005014;27990
CLARINS CR DOUCEUR JOUR 50ML;9004494;38000
CLARINS CR ECLAT JR 30ML PN-PS;1323107;18055
CLARINS CR H EX M.I JR SP15 50ML;88223;76635
CLARINS CR H EX M.I JR TP 50ML;8008822;76635
CLARINS CR H.EX.MI JR 50ML(109410);9043353;75240
CLARINS CR H.EX.MI JR SPF20 50ML;107011;75240
CLARINS CR H.EX.NUI TP 50ML;9041549;81500
CLARINS CR JEUNESSE MAIN 100ML;9006174;17760
CLARINS CR JEUNESSE PIED 125ML;1563107;22285
CLARINS CR M.A JR PS 50ML;1065102;48770
CLARINS CR M.A NUIT LEG PG 50ML;1106108;50855
CLARINS CR M.A.JR TP 50ML(80009043);1101105;48770
CLARINS CR MA NUIT CONF PS 50ML;1105103;50855
CLARINS CR MASVELT 200ML;9006151;40410
CLARINS CR RICH.LISS. PS M-A 50ML;11021010;34460
CLARINS CR RICHE DESALT.F/50 ML;1124106;39720
CLARINS CR ROSE LUMIER JR TP50ML;1030301;76635
CLARINS CR SOL.CORP SPF30 150ML PS;1441120;24450
CLARINS CR SOLAIR VIS SPF30 50ML;1429107;21600
CLARINS CR SOLAIR VIS SPF50 50ML;1030484;23680
CLARINS CRYO-FLASH CR MASK F/75ML;95401;53640
CLARINS DBLE SER EYE 20ML;8007713;52245
CLARINS DBLE SER.30ML NEW(109110);1069100;62690
CLARINS DBLE SER.50ML NEW(109120);1069206;83600
CLARINS DBLE SER.75ML 2021;1042692;101020
CLARINS DBLE SERUM LIGHT 30ML;1146670;66185
CLARINS DBLE SERUM LIGHT F/75ML;1146700;110070
CLARINS DBLE SERUM LIGHT NW 50ML;8009314;83600
CLARINS DEFATIG.ECL.CONT YX 20ML;11801010;24700
CLARINS DEMAQ EXPRES.YX 125ML NEW;1183103;20205
CLARINS DEMAQ.TONIC EXPRESS 200ML;9024456;22285
CLARINS DEODORANT ROLL ON 50ML;596101;17415
CLARINS DOUBLE FIX MASCARA 8ML;88551;18125
CLARINS DX EXFOL LOT CLARTE 125ML;1245100;23440
CLARINS DX NET.GOM.EXPRESS 125ML;404105;25075
CLARINS DX NETT MOUSS PG 125ML N.09;1242107;18125
CLARINS DX NETT MOUSS PN 125ML N.09;1240108;18125
CLARINS DX NETT MOUSS PS 125ML N.09;1241102;18125
CLARINS DX NETT MSS PG 125ML 21;1042731;19520
CLARINS DX NETT MSS PN 125ML 21;1042732;19520
CLARINS DX NETT MSS PS 125ML 21;1042733;19520
CLARINS DX PEELING 50ML;1243101;25780
CLARINS DX POLISSANT 50ML;1244106;23440
CLARINS EAU DS JARDIN G DCHE 200ML;8008333;19150
CLARINS EAU DYN GEL DCHE 200ML NEW;8008330;19150
CLARINS EAU DYN LT CORPS 200ML;83310;31700
CLARINS EAU DYN.LAIT HYDR.250ML;9018852;27860
CLARINS EAU DYN.VAPO100ML;90063310;39015
CLARINS EAU EXTRA 100ML RECHARGEABL;833409;38330
CLARINS EAU EXTRA CR CORPS 200ML;833527;31700
CLARINS EAU JARDIN BDY CR.200ML;2802100;27860
CLARINS EAU JARDIN LT CORPS 200ML;83336;31700
CLARINS EAU JARDIN SPR 100ML;2800101;38330
CLARINS EAU MICEL.DEM.200ML 2021;1037877;18810
CLARINS EAU PURETE NETT EXP 200ML;5919;16790
CLARINS EAU R.CR CORP VELOUT.200ML;9003081;31700
CLARINS EAU RES GEL DCHE 200ML;8008337;19155
CLARINS EAU RESS.SPR 100ML(255610);9001314;38330
CLARINS ECLAT MINUTE HLE LEVRES 01HONEY 7ML;84587;20205
CLARINS ECLAT MINUTE HLE LEVRES 03 REDBERRY 7ML;84589;20205
CLARINS ECLAT MINUTE HLE LEVRES 16 7ML;100468;20205
CLARINS ECLAT MINUTE HLE LEVRES 17 7ML;100469;20205
CLARINS ECLAT MINUTE HLE LEVRES INTENSE 05PINK;60079;19520
CLARINS ECLAT MINUTE HLE LEVRES INTENSE 07RED;60081;19520
CLARINS ECLAT MN EMBELLISSEUR LEVRES N°23 12ML;98705;14630
CLARINS ECLAT MN EMBELLISSEUR LEVRES N°24 12ML;98706;14630
CLARINS ECLAT MN EMBELLISSEUR LEVRES N°25 12ML;98707;14630
CLARINS ECLAT MN HLE LVRES N°02 7ML;87544;20205
CLARINS ECLAT MN LEVRES 04 PITAYA/ CANDY PINK;84590;20205
CLARINS ECR UV+ TRANS SPF50 30ML;1042405;30305
CLARINS ECR UV+ROSE 30ML SPF50;1042407;30305
CLARINS EX FIR.COU&DECO.75ML;9005453;52245
CLARINS EXF.CR RAFRAICH.50ML;1033220;22285
CLARINS EXF.GEL PURIF.50ML;1033295;21600
CLARINS EXF.HUIL NOURR.50ML;1033237;22285
CLARINS EXT.FIRM ENERGYJR TP 21;1042159;62690
CLARINS EXTR.FIRM.JR AR PS 50ML;1019496;62690
CLARINS EXTR.FIRM.JR AR TP 50ML;1019478;62690
CLARINS EXTR.FIRM.JR SPF15 50ML;194808;62690
CLARINS EXTR.FIRM.NUIT PS 50ML;1019483;65845
CLARINS EXTR.FIRM.NUIT TP50ML;1019482;65845
CLARINS EXTR.FIRM.SER VIS 50ML;1027228;72450
CLARINS EXTR.FIRM.SER YX 15ML;1027202;39720
CLARINS FL JR SPF15 50ML M.A;1004532;47380
CLARINS FLUID REGUL ULTRA MAT 50ML;12221010;22170
CLARINS FLUIDE HYD MAT PM 50ML;1221105;22170
CLARINS FLUIDE SOL VIS SPF30 30ML(80050641);1924841;18810
CLARINS GEL BUST SUPER LIFT 50ML;1720104;43885
CLARINS GEL CONT YX 20ML (118110);9003632;27860
CLARINS GEL FDANT DESALT M HYD 50ML;11341010;28120
CLARINS GEL LIFT-FERMETE 150ML NEW 2022;8443610;36930
CLARINS GEL LIFT-FERMETE F/150ML;84436;36930
CLARINS GEL NETT ECLAT FRAICH 75ML;1321108;9185
CLARINS GELEE AP SOL.FRAICH 150ML;1452106;18990
CLARINS GELEE AP. SOL VIS&CORP 150ML;8005067;20570
CLARINS GELEE CR MA JR 50ML;1004521;47380
CLARINS GELEE ECLAT JR 30ML PM-PG;1324101;18055
CLARINS GELEE FOND DEMAQ 125ML;1320103;18990
CLARINS GELEE LISS PG M-A 50ML;1100100;43070
CLARINS GOM.CORP TONIC 250GR;553101;36225
CLARINS GOM.EXFO PX NEUV/200ML;158014;30650
CLARINS HUIL ORCHIDEE BLEU 30ML;1032939;32040
CLARINS HUILE ANTI-EAU 100ML;9005878;39720
CLARINS HUILE LOTUS 30ML;9002667;32045
CLARINS HUILE RELAX 100ML NEW 2022;838720;39720
CLARINS HUILE SANTAL 30ML;1032984;32040
CLARINS HUILE SOL.CORP SPF30 150ML;1030500;25155
CLARINS HUILE T DEMAQ 150ML 2021;1037878;22995
CLARINS HUILE TONIC 100ML;9005890;39720
CLARINS HYD-ESS  GEL MAT PN/PMIX;92159;34830
CLARINS HYD-ESS CR DESAL SP;8009215;34830
CLARINS HYD-ESS CR NT TP 50ML;8009216;36935
CLARINS HYD-ESS CR RICHE PS 50ML;92161;34830
CLARINS HYD-ESS MASQUE CR F/75ML;102843;29965
CLARINS HYDRA-ESS.BAUM LEVRE 15ML;1137103;13940
CLARINS HYDRA-ESS.BI SER 30ML;1010899;45980
CLARINS HYDRA-ESS.CR DESALT SPF15;109041;39720
CLARINS HYDRA-ESS.CR RICH DESALT.PS;109056;39720
CLARINS HYDRA-ESS.FL DESALT SPF15;109027;39720
CLARINS HYDRA-ESS.GEL CR DESAL.50ML;1010905;39720
CLARINS HYDRA-ESS.MASQ YX 30ML;1020594;28570
CLARINS LAIT BUST ULT-FERMETE 50ML;1721109;39720
CLARINS LAIT CORP SUP.HYD.400ML;1019987;20890
CLARINS LAIT CORPS SOY HYDR 200ML;1510105;26600
CLARINS LAIT DEM PG 400ML(CLEANS.MI;12641;23440
CLARINS LAIT DEM PM PG 200ML;9000496;15520
CLARINS LAIT DEM PS 200ML;9002650;15520
CLARINS LAIT DEM PS 400ML;11647;23440
CLARINS LAIT SPR SOL ENF THP UVB50+;14551010;19910
CLARINS LAIT VELOUR DEM 400ML 21;1037883;27860
CLARINS LAIT VELOUR DEM.200ML 21;1037879;18125
CLARINS LIFT AFFINE VIS SER 50ML;1388101;50165
CLARINS LIFT-FERM.CR REGEN.200ML;1564101;44590
CLARINS LIFT-FERM.LAIT REG.200ML;1565106;43885
CLARINS LIP PERF GLOW FUSHIA N°24 12ML;28072026;14630
CLARINS LIP PERF GLOW MULBERRY N°25 12ML;29072026;14630
CLARINS LIP PERF GLOW PEACH N°22 F/12ML;114833;14625
CLARINS LIP PERFECTOR GLOW POMEGRANATE N°23 12ML;27072026;14630
CLARINS LOT CONCENT ECLAT DU JR 125ML;1322102;15335
CLARINS LOT DCE TONIF.F/200ML;9002383;16790
CLARINS LOT DOUCE DEMQ YX 125ML;9003187;20205
CLARINS LOT ENERG.ECL JR 125ML;1322102;13940
CLARINS LOT TONIQ AP PS 200ML 21;1037880;18810
CLARINS LOT TONIQ HYD PN 200ML 21;1037882;19520
CLARINS LOT TONIQ HYD PN 400ML 21;1037885;27860
CLARINS LOT TONIQ PG 400ML;52646;27860
CLARINS LOT TONIQ PG F/200ML;9002265;19520
CLARINS LOT TONIQ PS 200ML;9002242;15520
CLARINS LOT TONIQ PS 400ML;51641;23440
CLARINS LOYALTY VP HAND&FEET N19;2997316;27990
CLARINS LOYALTY VP SPA HOME 2020;1029974;34840
CLARINS MA SOIN YX 15ML;1011282;34145
CLARINS MASCARA WONDER PERF 4D 9ML 01 NOIR;44967;22285
CLARINS MASK EXT FIRM RETAIL 75ML;47912;51200
CLARINS MASQ CTOUR YX 30ML;80006510;25330
CLARINS MASQ PURIF 75ML;1223104;29255
CLARINS MASQ SOS CONFORT 75ML;1017758;29255
CLARINS MASQ SOS HYDRATAT.75ML;1017770;29255
CLARINS MASQ SOS PURETE 75ML;177551;29255
CLARINS MEN BAUM A.RIDES FERM.50ML;3037104;45980
CLARINS MEN BAUM S HYDR 50ML(306210);503103;30990
CLARINS MEN BAUM+NV+GD+SYX XMAS18;1923818;45600
CLARINS MEN DEO ROLL-ON 50ML ;499100;15335
CLARINS MEN EXFOL.VISAGE 75ML;497101;16400
CLARINS MEN FLUID SUP.HYD SPF 20 50ML;8004769;30990
CLARINS MEN GEL  SUP.HYDRAT.50ML;502109;30995
CLARINS MEN GEL AP RAS 75 ML;8009256;26470
CLARINS MEN GEL ENERGIS.50ML 21;1042777;36225
CLARINS MEN GEL ENERGIS.YX 15ML;1042778;29965
CLARINS MEN GEL RAS.IDEAL 150ML;501104;17075
CLARINS MEN GEL REVITALIS.50ML;3036101;31350
CLARINS MEN HYDRA SCULPT 50ML N18;1973963;50165
CLARINS MEN NETT.EXFOLIANT 125ML;306319;20205
CLARINS MEN NETT.MOUSS.VIS.125ML;500101;20205
CLARINS MEN SER.DEFAT.YEUX 20ML;3038109;27240
CLARINS MEN SH IDEAL 200ML CORP/CHE;505102;20890
CLARINS MEN SOIN LISSANT RIDE FERMETE F/50ML;7289460;46670
CLARINS MEN UV PLUS 50ML;3026833;27550
CLARINS MEN XMAS20 BHY+NETEXF+SH;1043187;44960
CLARINS MI LOT.JEUNES.DEFROIS.200ML;1017171;41090
CLARINS MI MASQ SER LIFT.(X5);1017712;66190
CLARINS MI TR PACK JR+NT TP 2X50ML;1020803;133060
CLARINS MISSION PERF.SER 30ML;800019;50350
CLARINS MISSION PERF.SER 50ML;8000962;66510
CLARINS MISSION PERF.SOIN YX SPF15;1013476;30400
CLARINS MOUSSE DEMAQ 150ML 2021;1042734;22285
CLARINS MULTI  ACT CR NUIT PS F/50ML;100573;51555
CLARINS MULTI ACT CR JR SPF15 F/50ML;100569;48770
CLARINS MULTI ACT CR JR TP 50ML;100567;48770
CLARINS MULTI ACT CR NUIT TP F/50ML;100572;51560
CLARINS MULTI ACT EMULSION JR F/100ML;100571;48770
CLARINS MULTI ACTIVE GLOW SER F/30ML;117954;48065
CLARINS MULTI INTENS TR PACK JR&NUIT TP ;71922;133060
CLARINS MY CLARINS BRUM BEAUT HYDRA;433897;13940
CLARINS MY CLARINS CR CONFORT HYD;102023;19150
CLARINS MY CLARINS CR FRAICH HYD;102018;19150
CLARINS MY CLARINS CR HYD RAF;8008427;18125
CLARINS MY CLARINS CR MATITE HYD F/50ML;102026;19150
CLARINS MY CLARINS EAU MICEL DEMAQ;730454;13580
CLARINS MY CLARINS GEL DERMO-NETT DETOX;102036;14970
CLARINS MY CLARINS GEL GIVRE IMPER F/50ML;102041;19155
CLARINS MY CLARINS GEL MAT PM PG 50ML;8008325;18125
CLARINS MY CLARINS GEL NETT PURIF 125ML;804307;14970
CLARINS MY CLARINS GOM PORE ET MAT DISC;433928;11840
CLARINS MY CLARINS LOT IMP 13ML;8008989;13235
CLARINS MY CLARINS LOT PURIF 200ML NEW;832522;17555
CLARINS MY CLARINS MASQ DE NUIT RELAX 50ML;849238;19520
CLARINS MY CLARINS MASQ DEFAT ECL;730477;16730
CLARINS MY CLARINS MASQ NT DETOX-REPUL;102031;20890
CLARINS MY CLARINS RESURFACANT IMPERFECTIONS;102050;22995
CLARINS MY CLARINS ROLL ON YEUX 15ML;728397;13940
CLARINS MY CLARINS SOIN CIBLE IMPERF TP;844809;13235
CLARINS MY CLARINS SOIN YX HYD-DEFATIGANT;102046;15335
CLARINS NEW 2025 SUN BODY MIST SPF50+;111696;33440
CLARINS NEW DBLE SERUM 9TH GEN F/30ML;103081;66185
CLARINS NEW DBLE SERUM 9TH GEN F/30ML;1030810;66190
CLARINS NEW DBLE SERUM 9TH GEN F/50ML;103084;87075
CLARINS NEW DBLE SERUM 9TH GEN F/75ML;103087;110070
CLARINS NEW EX FIR CR NT TP F/50ML;110140;68975
CLARINS NEW EX FIR CR NUIT PS;110142;68975
CLARINS NEW EXT FIRM CR JR SPF15;110136;66190
CLARINS NEW EXT FIRM CR JR TP ;110132;66110
CLARINS NEW EXTRA FIRMING CR JR PS;110134;66190
CLARINS NUT LUM  EMULS 50ML;1035434;85680
CLARINS NUTRI LUMIER REVIVE JR TP 50ML NEW 2022;826496;85680
CLARINS NUTRI LUMIERE JR TP 50ML;1035429;85685
CLARINS NUTRI LUMIERE LOT.200ML;1035435;40405
CLARINS NUTRI LUMIERE NUIT TP 50M;1035433;91260
CLARINS PEELING BEAUT ECL 50ML NEW 2022;875968;34140
CLARINS PLANT GOLD EMULS REV.35;1033435;45275
CLARINS ROLLER VIS BEAUT ECL NEW 2022;911397;39015
CLARINS SER DBLE FIXE MASCARA SOS LASHES  01NOIR ;88557;24730
CLARINS SER MP PORES CONTROL 30ML;1220100;38330
CLARINS SER PHYTO-TENS.MR 30ML(1061;1061104;47185
CLARINS SER SUPER LIFT YX MR 15ML;1087109;37050
CLARINS SER.CORP PX NEUV 200ML;1550101;42490
CLARINS SER.M.REPAR.RESTR.15ML;9012811;45640
CLARINS SER.SUP.LIFT YX;9010603;34820
CLARINS SET MULTI REG TP XMAS 2016;802254;55410
CLARINS SOIN REMOD VENTR-T.MI 200ML;1540106;57135
CLARINS SOIN SPEC.VERGET.175ML;1581105;38315
CLARINS SPR SOL.HLE EMB.HP UVB30 UV;1456104;15190
CLARINS SPR SOL.L.NG SPORT UVB15 UV;1444124;18990
CLARINS STICK SOLAIRE INV HTE PROT SPF50 17G;111694;22995
CLARINS SUNCARE BODY LOTION SPF50+RETAIL 150ML;104578;30650
CLARINS SUNCARE FACE CR SPF50+ F/50ML;104576;23680
CLARINS SUPRA SER M.I/30ML(053210);9043212;91605
CLARINS TOTAL EYE GEL 20ML NEW 2022;818404;29620
CLARINS TOTAL EYE HYDRA 20ML NEW 2022;818410;29615
CLARINS TOTAL EYE LIFT 15ML;1040521;56430
CLARINS TOTAL EYE REVIVE 15ML NEW 2022;818427;34830
CLARINS TOTAL EYE SMOOTH 15ML NEW 2022;818433;43195
CLARINS TR EAU DYN.PREM VP2018;2571899;34840
CLARINS TR EAU RESS.PREM VP2018;2702858;34840
CLARINS TR EXCL HEAD TO TOE;5859710;34145
CLARINS TR PACK 2021 BRIGHT PLUS DUO 2X50ML NEW;790025;111350
CLARINS TR PACK BAUME ECL DUO 2X50ML;540245;53925
CLARINS TR PACK CLMEN GEL SUP HYDR+DEO+SHP;520165;30185
CLARINS VP 21 LAIT DEM PG 200ML;1045932;38325
CLARINS VP 21 TOT EYE+DEM YX+MASC;1045954;50855
CLARINS VP ART AROMA H TONIC+BT 30+LIP;116223;41095
CLARINS VP CORP 2020;8006193;39890
CLARINS VP DBL SER+EAU MIC+BB;1045937;62690
CLARINS VP DEMAQ PN (LAIT 200ML+LOT HYD 200ML;8009702;32530
CLARINS VP EAU JARDIN(SPR100+POC;8001401;33570
CLARINS VP EAU RESS.(SPR100+POC;1029967;33570
CLARINS VP ED PREM(SPR100+POC+;1029966;33570
CLARINS VP EXTR.FIRM(JRTP+DXNM+;1037772;82895
CLARINS VP FETE DES MERES(DS9+MASCARA;116219;68265
CLARINS VP HYDRA CORPS NEW20;1029968;26600
CLARINS VP LOVELY RED(LIP OIL+BFB 50ML +MASC LIFT);8009719;45985
CLARINS VP LOYALTY 24 DB SERUM+MI;1045942;84285
CLARINS VP LOYALTY 24 DBL SER+EXT FIRM JN;1045940;84285
CLARINS VP LOYALTY BAUME CORPS SUPER HYD;106902;28570
CLARINS VP LOYALTY MEN ENERGIZING;80106847;36930
CLARINS VP LOYALTY MY CLARINS( GEL DETOX 125ML+GEL HYD;115631;27170
CLARINS VP LOYALTY TOTAL EYE LIFT 15ML+HLE DEMARQ;106759;54345
CLARINS VP MA(JRTP+DXNM+NTP);1029922;43070
CLARINS VP MI (JRTP+DXNM+NUITTP);1037773;68400
CLARINS VP MYC PG(GEL MAT 50ML+GEL NETT 30ML+T;97029;21070
CLARINS VP PREMIUM 70 ICONICS RED ED;109498;68270
CLARINS VP PREMIUM EAU DYN 100ML+SG 30;106752;38670
CLARINS VP XMAS CLARINSMEN-GEL ENERG+NE;802283;41090
CLARINS VP XMAS DS EYE 20ML-DEMAQ EXPR;1020878;51535
CLARINS VP XMAS DS LIGHT 50ML-H  E ESS CR;1020884;87780
CLARINS VP XMAS EAU DYN +DOUCHE FRAIC;1020855;44245
CLARINS VP XMAS EX FIRM CR JR/NT;1020890;63395
CLARINS VP XMAS M.A-DAY+NIGHT CR;1005778;49455
CLARINS VP XMAS MYC-CR HYD ENERG+SOIN Y;10208110;34140
CLARINS VP XMAS SUPER RESTO-MLTI INT JR+TOT;1020111;75235
CLARINS VP XMAS TONIC RITUAL-BAUME HUIL HYDRA+;8005764;51965
CLARINS VPDS+EX FIR(DS 50ML+EFJR15);8009703;82895
CLARINS WONDER PERF MASCARA 4D WATERPROO;98509;22285
CLARINS XMAS SET 2023 100ML EAU DYN NEW+30ML EA;1847810;40060
CLARINS XMAS SET 2023 15ML TOT EYE LIF+50ML TOT C;2570813;55180
CLARINS XMAS SET 2023 200ML MOIST BO LOT+30ML EX;1043145;32510
CLARINS XMAS SET 2023 200ML TON MOI BLM +200ML T;2575816;50510
CLARINS XMAS SET 2023 50ML SUP RES DAY CR+15ML;1908813;75240
CLARINS XMAS SET 2023 CLRS MEN 50ML BLM+125ML E;8007239;50850
CLARINS XMAS SET 22 DS 50ML+MI JR RSE LUM;8009120;81500
CLARINS XMAS SET 22 EAU EXTR 100ML;8009408;37620
CLARINS XMAS SET20 DBLSER+EFJN;1043142;56990
CLARINS XMAS SET20 DBLSER+MIJ+N;1043144;62690
CLARINS XMAS SET20 EFJ+N+EF MASQ;1043139;56060
CLARINS XMAS20 DBL SER COLLECT;1043147;80815
CLARINS XMAS20 RITUEL PX NEUV;1043162;26590
CLARISSIM LAIT CORP HYDRAT.F/500ML;8244078;5825
CLARISSIM LAIT ECLAIRC.500ML AF;8244138;5785
CLARISSIM LOTION CLAIR AF 200ML;8244115;4055
CLARISSIM LT HYDR CORP COCO 500ML;8337348;5955
CLARISSIME LT HYD CORP KARIT.500ML;8337325;5980
CLARITHROMYCIN GH 500MG CPR B/14;8439362;3980
CLARITHROMYCINE 250MG CPR B/10 BGR;3849813;3965
CLARITHROMYCINE 500MG CPR B/10 BGR;3849150;6945
CLARITHROMYCINE VIR 500MG CP/14;8469311;5305
CLARITOX 500MG COMP B/10;8065370;5090
CLARITRON 500MG CPR B/10;4216369;8845
CLARITYNE 10MG COMP B/10;3313917;4355
CLARITYNE 10MG COMP B/15;3298916;4760
CLARITYNE 5MG/5ML SP F/120ML(NSFPL);3356051;3510
CLARITYNE SP F/60ML;3356045;3860
CLARIUS 0,5MG/ML SOL BUV F/150ML;8438084;2785
CLARIUS 5MG CPR B/15(DESLORATADINE);8438090;2920
CLARIVA 250MG CPR B/14;8031690;6230
CLARIVA 500MG CPR B/14;8032092;9395
CLARIVER SS SUC S BUV F/120ML;2825;9720
CLARIWIN 500MG CPR B/10(CLARITHROMY;2269746;7015
CLARTEC 10MG CPR B/15;8088106;3475
CLARTEC 10MG CPR B/30;8445693;4750
CLARTEC 5MG/5ML SP F/120ML;8088098;3475
CLARUS 0,5MG/ML BUV F/150ML BASI;8428039;2785
CLAVADEC 1125MG CPR B/12;6407163;7195
CLAVADEC 562,5MG CPR B/16;6333777;5880
CLAVAM 1125MG CPR PEL B/12;8092906;6325
CLAVAM 1G/125MG PDRE SUP BUV S B/16;8730548;7605
CLAVAM 1GR PDR INJ IV PERF/1;8017589;2305
CLAVAM 281,25MG PDR BUV 60ML;8092881;3555
CLAVAM 562,5MG CPR PEL B/16;8092852;5305
CLAVAM 562,5MG PDR SUSP BUV/60ML;8092875;3845
CLAVASEPTIN 250MG CPR B/100 BL/10;6788874;3690
CLAVICIN 1,2G PDRE INJ B/1;4216381;2345
CLAVICIN XR 1G CPR B/10;8004380;6230
CLAVISAC 1G/125MG PDRE SACH B/12;8773492;5165
CLAVOR 100/12,5MG PDRE SUSP F/60ML;8480413;4245
CLAVOR 1G/125MG PDRE SUSP ORAL B/12;8014935;6640
CLAVOR 500/62,5MG CPR B/24;8480436;6640
CLAVOZID 1000MG/125 PDR SUSP BUV SACH B/12;8739526;7355
CLAVUJECT 1,2G INJ B/1;2290077;2510
CLAVUMOCCID 1G CPR B/20;8090669;8985
CLAVUMOCCID 500/62,5MG BUV S/20;8458135;8210
CLAVUMOCCID 500MG CPR B/12;2038840;4440
CLAVUXIN 100/12,5MG PDRE BUV/60ML;3595169;2890
CLAVUXIN 1G/125MG BUV SACH/12;8442789;6295
CLAVUXIN 500/62,5MG CPR B/24;8442795;8325
CLAXY 1125MG CPR B/10;8462125;3720
CLEAN DOG SHAMP F/250ML;10116;4000
CLEANAURAL SOL EXT CHIEN 50ML;4502796;6670
CLEARASIL CR TTEE 25GR;6690514;8130
CLEARASIL GEL MOUSS 150ML;6374090;8935
CLEAROMISEUR PR CIGARET.ELECT.;7000204;11160
CLEARPLAN TEST D'OVULATION B/5;6600652;36475
CLEDIST ANT-OXYDANT CPR B/60;723;34985
CLEDOMOX 1G/125MG CPR PEL B/16;8074593;6850
CLEDOMOX 281,25MG/5ML SUP F/60ML;8074280;3610
CLEDOMOX 562,5MG CPR B/16;8074015;4990
CLEDOMOX 562,5ML/5ML SUSP F/60ML;8074050;4495
CLEMENT ANTIPARASIT TETRAMT P/150G;9763142;15210
CLEMENT SH POIL BLANC 200ML;6549750;13095
CLEMENT SOIN OREILLE F/100ML;97690810;8090
CLEMENT SOIN YEUX F/100ML;9734293;7760
CLEMENT THEKAN (ARTHROSENIOR) B/60;7787631;41130
CLIMARONE S EXT DESINF.SPR F/15ML;6495356;9290
CLIMASTON 1MG/5MG CPR B/28;3566038;9410
CLIMASTON 2MG/10MG CPR B/28;3438524;9000
CLIMAXOL GTTES BUV FL/60ML;3820465;9700
CLIMENE COMP PLAQ 1X21;3360437;8160
CLINELLE 100/100MG OV B/7(CLIND.CLO;8078964;2785
CLINIQ ACNE LOT.CLARIF.200ML;6727341;22070
CLINIQ ACNE SAV PAIN VIS/CORP+BOITI;7143079;24270
CLINIQ ACNE SOL CLEANING GEL 15ML;1491313;42140
CLINIQ ACNE SOL GEL NETT 125ML;7146876;24450
CLINIQ ACNE SOL HYDR PURIF 50ML;7142915;28380
CLINIQ ACNE SOL KIT 1,2,3,4;6133937;41190
CLINIQ BAUME DEMAQ 125ML;1317199;37000
CLINIQ CONC ANTI-TACH COR TEIN/30ML;8358037;70070
CLINIQ CONC.CORRECT.ANTI-TACHES 30M;61338910;72810
CLINIQ DEEP COMFORT CR CORP 200ML;6727306;50650
CLINIQ EMULS.HYDR.TELL.DIFF.125ML;504108;39710
CLINIQ EVEN BET.SK.TONE SPF20 50ML;8358043;59120
CLINIQ GEL HYDR TELL.DIFF.125ML;3027809;39710
CLINIQ GOMM.CR EXFOL.100ML;8358014;32360
CLINIQ GOMMAGE TONIQ 100ML;8358008;32360
CLINIQ HAPPY PARF F VAPO 100ML;3034100;56665
CLINIQ LOT CLARIF.2 F/200ML;71428110;22070
CLINIQ LOT CLARIF.2 PS.M 400ML;8357813;36040
CLINIQ LOT CLARIF.3 PM-PG 200ML;7330002;22070
CLINIQ LOT CLARIF.3 PM.G 400ML;1446270;36040
CLINIQ LOT CLARIF.4 PG 200ML;4733001;22070
CLINIQ LOT CLARIF.4 PG 400ML;8357865;36040
CLINIQ MOUSSE HYDRO-DEMAQ 150ML;8357902;23205
CLINIQ OIL-CONTROL MASQ PUR.100ML;8358072;22000
CLINIQ SAV LIQ VIS DX PG 200ML;8357960;25750
CLINIQ SAV LIQ VIS TONIQ PG 200ML;8357977;25750
CLINIQ SAV VIS PN PAIN 150G;8358209;14060
CLINIQ SAV VIS.PAIN DX+BOITIER;8357931;22070
CLINIQ SOL KIT N2 PS-PM;1318626;20590
CLINIQ SOL KIT N3 PM-PG;13183210;20590
CLINIQ TAKE DAYOF LAIT DEM.200ML;8357894;33000
CLINIQ TAKE DAYOF LOT DEM 125ML YXL;7141465;27460
CLINMANGEL ELITHE GEL F/250ML;8623203;2800
CLINOMINT G GEL DENT FLUO 75ML;7185149;5500
CLINOMINT+DENTIF FUMEUR 75ML;7174105;4570
CLINOMINT+GENCIV/DENT SENS.75ML;4313227;5320
CLINUTREN BOISS 2KCAL NUTR CARAM 4/200ML;2429;3130
CLINUTREN BOISS SS SUC NUTRI FRAIS 4/200ML;2365;3130
CLINUTREN BOISS SS SUC NUTRIN VANIL 4/200ML;2121;3130
CLINUTREN BOISS SS SUCR NUTRIN CAPPU 4/200ML;2569;3130
CLINUTREN DESSERT G NUTRIN VANIL  4CUPS 200G;2479;2800
CLINUTREN FRUIT NUTRIN ORANG 4/200ML;1945;2945
CLINUTREN R BOSTER CARAMEL 300ML P/4;3263774;3825
CLINUTREN RENUTRYL BOOSTER VANILLE;8360643;6300
CLINUTREN THICKEN CLEAR 250G;6270430;17995
CLINUTREN U NUTRIN FRAISE  200ML P/4;9031871;4800
CLINUTREN ULTRA CAFE 200ML P/4;2350810;4800
CLINUTREN ULTRA NUTR VANILLE P/4;1761;4800
CLINUTREN ULTRA PRALINE 200ML P/4;1550810;4800
CLIPTOL GEL T/50G;3484524;2715
CLIVON CPR VAG.B/10;8368277;16880
CLIVON CR T/30ML;8386878;15025
CLIVON GEL APPLIC.T/30ML;8368283;14645
CLIVON HYG INTIM 250ML;8375225;3395
CLOACE 75/100MG CP B/30;8445138;11020
CLOBEX 0,05 CR T/30G;8476771;1655
CLOFAINS 500/50MG CPR B/10;8004121;995
CLOMED 0,05% CR T/30G;8419744;2770
CLOMED 0,05% PDE T/30G;8419750;2820
CLOMID 50MG COMP B/10;3023800;8185
CLOMID 50MG CPR B/5;3262338;4165
CLOMIFENE IG 50MG CPR B/10;8060160;4230
CLOMIFEX 50MG CPR B/10;8062331;5540
CLOMILEN 50MG CPR B/10;1604461;2090
CLOMOVUL 50MG CPR B/10 (CLOMIFENE C;8440187;4270
CLOPACT 75MG CPR B/30(CLOPIDOGREL);8004457;4205
CLOPI-DENK 75MG CPR B/30;8125830;10015
CLOPIDOGREL 75MG CPR B/30  MYLAN;3998393;9380
CLOPIDOGREL BIOG 75MG CP B/30;3968423;12740
CLOPIDOGREL GH 75MG CPR B/30;8066085;11020
CLOPIDOGREL IG 75MG CPR B/30;8458158;8060
CLOPIXOL AMP.INJ.LP 1ML B/1;3294806;11685
CLOPRIN 75MG/150MG CPR B/10;1764271;3310
CLOPRINE 75MG/150MG CPR B/30;8083267;8295
CLORENA 1% CR T/20G;8418041;1710
CLOTREX 1% CR T/30;8476713;1655
CLOTRI DENK 1% CR T/20G;2264341;1960
CLOTRI DENK 100MG CPR VAG B/6;8021409;2175
CLOTRIMAZOL BASI 10MG CR T/50G;8428016;2370
CLOTRIMAZOL UBI 1% CR 20G B/12;8429145;12400
CLOTRIMAZOLE IG 200MG OVUL B/3;8452204;2400
CLOTRIMAZOLE UBI 200MG CPR VAG/10 B/3;8486901;17910
CLOTRIZOL 1% CR T/20G;1304475;1600
CLOU DE GIROFLE DENTIF T/100G;3266098;11540
CLOVIREX 5% CR T/15G;8476794;2755
CLOXYPEN 500MG GELULE FL/16;3154198;6695
CLYCIN DUO CR DERMQ T/20GR;8479611;2885
CMG 20 2,5KG;9010655;19380
CMU;9006211;725
CMV AFRIMED+ PDRE ORALE 4KG;9036608;7875
CMV AFRIMED+AA SCEAU 2KG;10035110;5610
CO ALGESIC 500/30MG CPR B/16;8065648;1900
CO AMSTAN 10/160/12,5MG CPR B/30;8782120;13085
CO AMSTAN 10/160/25MG CPR B/30;8782137;13360
CO AMSTAN 5/160/12,5MG CPR B/30;8782143;12535
CO AMSTAN 5/160/25MG CPR B/30;8782166;12810
CO APROVEL 150/12,5MG CPR B/28;8005037;15130
CO APROVEL 150/12,5MG CPR B/90;3801539;22470
CO APROVEL 150MG/12,5MG CP B/30;3801522;5560
CO APROVEL 300/12,5MG CPR B/28;8005066;19865
CO APROVEL 300/12,5MG CPR B/30;3801545;14905
CO APROVEL 300/25MG CPR B/28;8182101;27885
CO APROVEL 300/25MG CPR B/30;3801568;8310
CO APROVEL 300MG/12.5MG CPR B/90;3801551;20785
CO APROVEL 300MG/25MG CPR B/90;3801574;21115
CO APROZAR 150/12,5MG CPR B/30;9003224;5185
CO APROZAR 300/12,5MG CPR B/30;9003230;5455
CO APROZAR 300/25MG CPR B/30;8422315;5455
CO ARINATE 200MG AD CPR B/6;8035699;4300
CO ARINATE FDC AD CPR B/3;8087756;2990
CO ARINATE FDC ENF CPR B/3;8087710;2440
CO ARTESIANE SUSP BUV F/120ML;8437989;4270
CO ARTESIANE SUSP BUV F/60ML;8437972;2205
CO OLMETEC 20/12,5MG CPR B/30;3722107;21300
CO OLMETEC 20/25MG CPR B/30;3722136;19810
CO OLMETEC 40/25MG CPR B/30;3502475;19130
CO OLMETEC 40MG/25MG CPR B/90;3502481;50000
CO ORIXO 200/500MG CPR B/10;8474826;5510
CO RENITEC 20/12,5MG CP B/28;3302405;6505
CO-AMOXICLAV 100/12,5MG BUV 30ML SP;8434809;2440
CO-AMOXICLAV 100/12,5MG BUV 60ML SP;8434815;4120
CO-AMOXICLAV 1G/125MG AD S/12 SP;8076362;5030
CO-AMOXICLAV 1G/125MG AD S/16 SP;8076356;7030
CO-AMOXICLAV 1G/125MG AD S/24 SP;8451794;10000
CO-AMOXICLAV 500/125MG ENF S/12 SP;8076391;4530
CO-AMOXICLAV 500/62,5MG ENF S/16 SP;8076422;6030
CO-ANGINET 160/12,5MG CPR B/30;8473488;8335
CO-ANGINET 160/25MG CPR B/30;4456262;9465
CO-ANGINET 80/12,5MG CPR B/30;5307000;7715
CO-ANGINIB 50/12,5MG B/30;8422143;7880
CO-AVAZIR 0,3%/0,1% PDE OPHT T/5G;8497879;2920
CO-AVAZIR 0,3%/0,1%ML CY F/5ML;8438753;2355
CO-MEDZAR 50MG/12,5MG CPR SEC B/28;8060094;8710
CO-MEDZAR FORT 100/25MG CPR B/28;8060071;9675
CO-PALUTEM 20/120MG CPR SEC B/24;8441703;2495
CO-PALUTEM 20/240MG CPR SEC B/6;8441726;1500
CO-PALUTEM 60/360MG CPR PELL/6;8441749;1995
CO-PALUTEM 80/480MG CPR PELL/6;8441732;1995
CO-VEPRAN 300MG/12,5MG CPR B/28;8760265;11570
COALGAN OUATE SACH 040G B/5;7375766;8865
COAMOX 1000MG CPR B/12;8042357;7605
COAMOX 156,25MG BB BUV F/100ML;2298771;3820
COAMOX 457MG ENF BUV F/70ML;2298788;4850
COARTEM 20/120MG CPR DISP/12;8039243;2095
COARTEM 20/120MG CPR DISP/6;8039220;1215
COARTEM 80/480MG CPR B/6;8039361;2660
COCASE SHAMP T/150ML (NFP);6238139;11880
COCCIKIL 100G ;9007848;3550
COCCIKIL 1KG;9054285;17040
COCCIPROL LIQUIDE F/1L;2160877;17805
COCCIVIT SACHET 100G;90452710;3210
COCHON CORRICIDE PDE P/10GR;3024001;10940
COCIPHACET 400/20MG CPR B/16;8087785;1330
COCOA BUT CR JAR NOUR HYD 200G;8227996;9900
COCOA BUT CR RAFF.SEIN 125G;8228139;8550
COCOA BUT GEL HUIL DEEP RAD.250ML;8228197;7900
COCOA BUT H CORP HYDR OIL 250ML;8228240;7000
COCOA BUT H SKIN THERAP 150ML;8228375;12800
COCOA BUT LAIT ANTI-VERGET.STRECH;8228932;7500
COCOA BUT LAIT CORP 400ML;8211104;7945
COCOA BUT LAIT HYD 250ML;8228642;6100
COCOA BUT LAIT HYD FRAG-FREE 250ML;8229110;6000
COCOA BUT SAV 100GR;8229268;3350
COCOA BUTTER SER SCAR SERUM T/30ML;8229363;16000
COCOSOLIS-HLE ANTI-CELLULITE-SKIN DRY OIL 110ML;6401005;22175
CODETUX AD SP F/180ML;8080636;2340
CODOLIPRANE 400/20MG CPR B/16;3322075;2095
CODOLIPRANE 500MG CPR EF B/16;3902447;2300
CODOTUSSYL AD SP FL/150ML;3289320;3760
COFACALCIUM F/500ML;1010093;6815
COFACOLI SOL  1L;9017166;10790
COFAFER 100ML;1003118;5975
COFAMOX 20   1KG;15728;33230
COFAMOX 20 SACH/100GR;44000810;3215
COFAMOX 50 1KG;4400011;54420
COFAMOX 50 250G;10504;20300
COFANTRINE 180/1080MG BUV 60ML;8059263;2715
COFANTRINE 20/120MG COMP B/24;2293006;1820
COFANTRINE 20/120MG CPR DISP B/6;8016615;1130
COFANTRINE AD 80/480MG CPR B/6;8091137;2715
COFAVIT C  1KG;17532;15970
COFEN 200/325/30MG CP PEL B/20;8456320;1445
COFEX EXPECTORANT SP 100ML;8094006;1045
COFFEA CRUDA T GRL 9CH;2248167;2175
COFFRET DE SECOURS 1ER SOINS;6165452;11325
COFFRET DE THE BIO E108;2569810;10780
COFFRET DES HE BIO E187;3019106;10780
COFFRET DES TISANES BIO E173;3033106;10780
COFFRON GL 30/30MG SP F/100ML;1451181;1860
COFIMINTH PASTILLE SS SUCRE B/50;6693530;1500
COFLILUB 250/25MCG SUSP INH 120D;8470975;7300
COFLULIB 125/25MCG SUSP INH 120D;8470969;6890
COFORIL SP F/100ML;8093946;2330
COFSY SP F/100ML;8074966;2030
COGITOM 100MG/ML SOL BUV F/30ML;8473732;11550
COGITOM 500MG CPR ENR B/30;8473726;18900
COHEBAN 3MX0,07 BLANC;6422305;5955
COLART 20/120MG CP B/24;8010825;2855
COLCHICINA 1MG CPR B/40 SEID;6541302;2560
COLCHICINE COMP B/20;3627509;1640
COLCHIMAX 0,5MG/5MG CPR B/60;6541128;6655
COLCHIMAX CPR SEC B/20;3024490;4335
COLCIBRA 100MG GEL B/20;2277332;7215
COLCIBRA 100MG GEL B/30;8443837;7220
COLCIBRA 200MG GEL B/20;2277349;9685
COLCIBRA 200MG GEL B/30;8443843;10950
COLD CREAM GILBERT CR T/50ML;8578075;1280
COLD CREAM SOUPLE 125ML CPF;8276612;4280
COLDEX SIROP F/100ML;8466838;1380
COLDFREE CPR B/90 JOUR&NUIT;1330403;5770
COLDFREE CPR B/90 PL/9 (JR&NUIT);4024457;600
COLESTOP 10MG CPR B/30;8089206;6230
COLESTOP 20MG CPR B/30;8089229;8295
COLIBACILLINUM 15CH GR;902122;1195
COLICSTOP SIROP FL/100ML;8388481;2000
COLINIL GTTE BUV F/15ML;8093484;2065
COLISOL BIDON F/1L;6010057;12965
COLISPA M 80MG/250MG CPR B/10;8476848;1490
COLISTIMETHATE SODIUM 1UI B/1;1934571;9920
COLISTIN 5 BOU 100G;6849475;7810
COLLAG CPR B/30;8648769;7090
COLLAGENE ACIDE HYAL.CPLEXE/30;9033521;68510
COLLANT F SIG 2 DIA PO NATUR ML;7666937;50080
COLLANT F SIG3 DIA SMAL NOR DUNE611;2139825;60070
COLLANT SIG 503 FEM SM LONG NOIR;2139788;51970
COLLANT SIG 503 HOM BEIGE L LONG;6188298;69650
COLLANT SIG 503 HOM SMALL LONG;6188335;69650
COLLANT SIG CL2 XLARGE LONG;7933166;56045
COLLANT SIG COT 2 DIA DUN L.L;4329079;54460
COLLANT SIG COT 2 DIA DUN L.M;4329062;54460
COLLANT SIG COT 2 F CHAIR M.L;7240492;61820
COLLANT SIG COT2 F LL NOIR 90;7240598;58640
COLLANT SIG DIA CHOCOLAT F MED LONG;7974739;52110
COLLANT SIG MIC2 DIA F SMAL LG NATU;7666920;60970
COLLANT SIG THR ATE SML;6309477;58760
COLLANT SIG1 DIAPH F SM N NOIR;7698742;60510
COLLANT SIG2 DIAPH XL L CHOCOLAT;7974751;56570
COLLANT SIG3 DIA F NOIR SMAL NOR610;2139742;62160
COLLANT VARISMA 3 MF N T2 NATUREL;7345860;64070
COLLANT VARISMA 3 MF N T3 NATUREL;7345883;64715
COLLANT VEINAX MICRO 3 NOIR;2139877;63940
COLLECT URINASEPT GARCON (BEBISOL);7147597;1315
COLLECT URINE LABELL 2L SACHET;8255768;750
COLLECT.URINE 2L CPF S/1;8102906;525
COLLIER ACTIMOV COMFOR S C1;4287323;5715
COLLIER ANTIPARASIT CHIEN;6942281;6580
COLLIER C2 HOP 9CM T2 BGE;1751101;7900
COLLIER CARCAN CHIEN H 10CM;5544503;7585
COLLIER CARCAN CHIEN H 12,5CM;5527628;10230
COLLIER CARCAN CHIEN H 20CM;5544526;16785
COLLIER CARCAN CHIEN H7,5CM;5544549;10230
COLLIER CERV 3.2.1 GRIS T2 VELP;4661603;24790
COLLIER CERV C2 H7,5 T2 THUAS HOP;8362926;8260
COLLIER CERV C2 H7,5CM T2 ORLIMAN;5933965;14725
COLLIER CERV C2 H7,5CM T3 ORLIMAN;5933972;13520
COLLIER CERV C2 H9 T1 THUAS HOP;8362949;7310
COLLIER CERV C2 H9 T2 THUAS HOP;8362955;7750
COLLIER CERV C2 HOP H 9CM T3;8362961;7405
COLLIER CERV C2 HOP H7,5CM T1;8362903;7005
COLLIER CERV C2 HOP H7,5CM T3 THUS;8362932;7530
COLLIER CERV ORTEL C1 CL T3 TH;7824082;5000
COLLIER CERV ORTEL C3 SS MENT T1;8902067;15285
COLLIER CERV ORTEL C3 SS MENT T3;8363021;15345
COLLIER CERV ORTEL CLAS 7,5CM T2;6371752;6090
COLLIER CERV ORTEL CLAS 7,5CM T3;6371753;6090
COLLIER CERV RIG MENTON T/1 PHARNEA;6594199;24870
COLLIER CERVIX 1 T4B SPL MAR.VELPEA;4662258;8690
COLLIER CPF C1 H7,5  ECRU;4319649;5420
COLLIER CPF C1 H7,5 TA MARINE;8625981;6575
COLLIER CPF C1 H9,5 TA MARINE;4319632;5710
COLLIER CPF C1 H9,5(431962)ECRU;6554030;15870
COLLIER CPF C2 H7,5 TA MARINE;7242775;6730
COLLIER CPF C2 H7,5 TXXS MARINE;7934444;6350
COLLIER CPF C2 H9,5 TA MARINE;7242781;7010
COLLIER CPF C3 T1 NORMAL;6612477;13540
COLLIER CPF C3 T2 DBLE USAGE;7445596;16155
COLLIER CPF C3 T2 RIG A MENTON;4319690;15375
COLLIER CPF C3 T3 DBLE USAGE;7445604;18845
COLLIER CPF C3 T3 NORMAL;6612508;13540
COLLIER CPF KID C1 6CM MARINE;7269194;6910
COLLIER GIB SPL H9 T1 6511;4827009;9905
COLLIER GIB SPL H9 T2 6511;4827015;11400
COLLIER GIB SPL H9 T3 GRIS;4827021;9100
COLLIER SALVA C3 T1 DBLE USAGE;7445573;17850
COLLU HEXTRIL COLLUT NEB/40ML;3024834;2410
COLLUDOL COLLUT ATOM F/30ML;3253948;3965
COLLUNOVAR ATOM.F/40ML;3024892;2590
COLLUNOVAR COLLUT FL/25ML;3024900;2105
COLLYRE BLEU LAITER F/10ML;3013285;2370
COLOKIT CPR B/32;3471881;10390
COLOR SOIN 3N CHATAIN-FONCE;9992223;6625
COLORANT VEGETAL CURCUMA PDR BIO 100G;1018663;5000
COLOSAR 50/12,5MG CPR B/30 MEDIS;8087147;8155
COLOSAR DENK 100MG/12.5MG CPR B/28;8025347;13115
COLOSAR DENK 50/12,5MG CP B/28;8085958;8985
COLOSTROL 400MG CPR B/30;8631059;6635
COLOUR ME GOLD EDPV F/90ML;2912220;12225
COLOXAN WS SACHET B/1KG;9062333;21730
COLPORMON 100MCG COMP/50;3025035;1980
COLPOSEPTINE CPR GYNECO B/18;3213593;3735
COLPOTROPHINE 1% CR T/30G;3199410;5530
COLPOTROPHINE CAPS GYNECO B/20;3162329;7170
COLTRA 100MG INJ AMP 2ML B/10;8073257;6750
COLTRAMYL 4MG CPR B/12;3025058;3655
COMBAIR HFA 100MCG/20 SUSP 120D;1657271;4200
COMBANTRIN SUSP BUV FL/15ML;3140718;1635
COMBIART 20/120MG CPR B/24;8001909;2715
COMBIART 80/480MG CPR B/6;8023294;2235
COMBIART 80/480MG GR EFF S/6;8423355;3995
COMBIART BUV PDR 15/90MG F/60ML;69464010;2725
COMBICURE SP 40/320MG CPR B/9;8081943;3805
COMBICURE SP 90/720 PDR SUSP 60ML;8081966;3045
COMBIFLOX 200/500MG CPR B/10;8427985;4750
COMBIFRINIL SUSP BUV F/15ML;2023896;1545
COMBIFRINL 250MG CPR B/3;2023761;1545
COMBIGAN 2MG/ML+5MG/ML CY 5ML;3717224;14220
COMBIMAL CPR B/3;8004776;470
COMBITRINE 15/90MG PDR SP F/60ML;8060668;1960
COMBITRINE SP 80/480MG CPR B/6;8060674;2370
COMBODART 0,5MG/0,4MG GEL B/30;3893398;27355
COMETHER 20MG/120MG CPR B/24;8079969;2520
COMPEED PATCH INV.BOUT FIEVR B/15;4205242;10840
COMPRESS MEDICOMP 10X10 B/50;7564496;4170
COMPRESS MEDICOMP 7,5X7,5 B/50;7564473;2710
COMPRESS MEDICOMP ST.10X10CM P/10;7359744;675
COMPRESS N/T ST.10X10 B/20 LABEL;8614227;1205
COMPRESS N/T ST.5X5 B/20 LABEL;8614144;670
COMPRESS N/T STER LABEL 7.5X7.5 B/20;8614210;885
COMPRESS OCCUL STERILUX OV/10;6252524;885
COMPRESS PUR 20X20 LABEL B/10;8211950;305
COMPRESS PUR 20X20 LABEL B/100;82120110;2135
COMPRESS PUR 20X20 TM B/10;8345431;400
COMPRESS PUR 30X30 LABEL B/10;8211966;500
COMPRESS PUR 30X30 LABEL B/100;8212026;4875
COMPRESS PUR 40X40 LABEL B/10;8211972;820
COMPRESS PUR 40X40 LABEL B/100;8212032;6695
COMPRESS PUR 40X40 LOH B/10(10X13);6591195;1085
COMPRESS PUR LOHM 30X30 B/10;6591172;780
COMPRESS ST.LAB 40X40 P/100 UNIT ;8270816;90
COMPRESS STER 40X40 B/10 D.VIDE;9990289;1260
COMPRESS STER LAB 20X20 B/10;8211989;555
COMPRESS STER LAB 30X30 B/10;8211995;815
COMPRESS STER LAB 40X40 B/10;8212003;1260
COMPRESS STER LAB 40X40 B/100;8270822;11250
COMPRESS STER LABEL 30X30 B/10;8211995;815
COMPRESS STER LOH 20X20 B/10(5X5CM);6211465;625
COMPRESS STER LOH 30X30 B/10(7,5X7,;6211471;1000
COMPRESS STER LOH 40X40 B/10(10X10);6211488;1570
COMPRESS STER NT 10X10 S10X2 EUROME;7670330;805
COMPRESS STER TETRA 40X40 B/10;8500452;1115
COMPRESS STERILUX ES 10X10 S/2 B/10;7627564;1330
COMPRESS VLIWASOFT N.TIS.10X10 B/50;7734544;7205
COMPTE GTTE MAREK;2281267;1005
CONASEC CR T/15G (KETOCONAZOLE);8013700;1270
CONCEIVE+ LUBRIF.FERTILITE 75ML;1300863;27380
CONCEIVE+ MEN FERTILITE CAPS/60;1300709;27380
CONCEIVE+ WOMEN FERTIL.CAPS/60;1300700;27380
CONCEPTIO FEMME 30GEL+30CAPS;9752842;12950
CONCEPTIO HOM 30SACH+90CAPS;9705245;27920
CONCERTA LP 36MG B/28;5005723;19200
CONCOR AMLO 10/10MG CPR B/30;9002839;5960
CONCOR AMLO 10MG/5MG CPR B/30;9002822;5070
CONCOR AMLO 5MG/10MG CPR B/30;9002816;5070
CONCOR AMLO 5MG/5MG CPR B/30;9002791;4515
CONDYLINE 0,5% US EXT F/3,5ML;3312616;24340
CONFIANCE COMP BTE 3X28;2270181;1260
CONFIANCE CONFORT 10 GTTE M P/14;6437867;13030
CONFIANCE CONFORT 10 GTTES TXL S/14;8646173;14785
CONFIANCE ELAST CHANG CPLT 10 GT TM P/14;8646150;14315
CONFIANCE ELAST CHANG.10GTTE L P/14;8646167;16435
CONFIANCE MEN 4GTTES /14;6650012;9275
CONFIANCE MEN 5GTTE PANTS M B/8;6093625;6840
CONFIANCE MEN PROT ANAT 3 GTTE P/14;8379341;3585
CONFIANCE MOBILE 6 GTT TXL S/14;6437815;20095
CONFIANCE MOBILE 6 GTTE TL P/14;6437838;11190
CONFIANCE MOBILE 6 GTTE TM S/14;6437790;8645
CONFIANCE MOBILE 8 GTTE TL P/14;6437873;16765
CONFIANCE MOBILE 8 GTTE TM P/14;6437844;11100
CONFIANCE MOBILE 8 GTTE TXL S/14;8374579;19060
CONFIANCE MOBILE 8 GTTES TS P-14;6437850;15000
CONFIANCE SENSIT PROT ANAT 2 GTT/14;8365853;2310
CONFIANCE SENSIT PROT ANAT 4 GTT/14;8365882;3640
CONFIANCE SENSIT PROT ANAT 5 GTT/28;8365899;9230
CONFORT-V CR T/30G;8781758;2720
CONGHIST SP F/100ML;8479249;2065
CONIUM MACULATUM 7 CH GR;235097;1135
CONJONCTYL INJ AMP 5ML B/10;3140701;20320
CONSTILEX 10G BUV 15ML SACH B/15;8467996;6890
CONTALAX COMP B/30;3025153;7720
CONTOUR NEXT BANDEL BT 50T;5104916;33730
CONTOUR NEXT BANDELETTE B/100;8324006;37010
CONTOUR NEXT KIT GLUCOMETRE;9042744;31625
CONTRACTUBEX GEL T/30GR;7587681;39220
CONTRAMAL 100MG/ML SOL BUV F/10ML;3620683;6530
CONTRAMAL LP 200MG CPR B/30;3482809;16340
CONTROLESTRIL 10MG BT/36;5958966;15710
CONTROLESTRIL 5MG BT/20;6968464;10050
CONVULEX 500MG GEL B/40;2276427;8870
CONVULEX 50MG/ML SP F/100ML;8017856;6365
COOLEX SIROP F/120ML;15910;1870
COOLWATER EDT VAPO 75ML;9010282;25000
COPIGREL 75MG CPR PEL B/30;8026306;8565
COQUE PR CHIRURGIE YEUX(PROTECTION);9020257;1700
COQUELUSEDAL AD SUPPO B/10;3839654;1490
COQUELUSEDAL BB SUPPO B/10;3756046;1860
COQUELUSEDAL ENF SUPPO B/10;3019407;1790
COQUELUSEDAL PAR.E/250MG SUPPO/10;3921172;1485
COQUELUSEDAL PAR.NN/100MG SUPPO/10;3289538;1380
COQUELUSEDAL SPIR BB SUPPO/6;3025489;1875
CORALAN 5MG CPR B/56 (IVABRADINE);8068776;41355
CORAPRIL 5/25MG CPR B/30;8418667;8020
CORDARONE 200MG COMP B/30;3025650;11010
CORDITRINE 6,5MG GELULE B/60;3224378;2385
CORDYCEPS MILIT COFFE 10X18G;2481046;9655
COREGA SUPER POUDREUR MM 50G;6411750;8995
CORGARD 80MG CPR B/28;3478328;11300
CORILOX FL/100ML;1424431;1930
CORIPEL CORS BANDEL B/12;3251300;1450
CORIPRAVAC 1000 DS;154810;26810
CORNEREGEL GEL OPHT T/10G;8002926;3115
CORNETEARS GEL OPH T/10G;8495076;2340
CORRECTOL CY FL/10ML;3194631;1100
CORTANCYL 1MG CPR B/30;3025897;2810
CORTANCYL 20MG COMP B/20;3328385;3695
CORTANCYL 5MG COMP B/30;3025905;1775
CORTANMYCETINE POMD T5G;6812911;6140
CORTAPAISYL CR T/15G;3575652;8090
CORTIMAX 12MG CPR B/6;8490802;4685
CORTIMAX 6MG CPR B/6;8490794;2895
CORTIPRED 20MG CPR B/20;8098292;3550
CORTIS 250MCG SUSP INH 200DSES;8012296;8710
CORTIS 50MCG SUSP INH 200DSES;8012273;4685
CORTISAL BAUME T/30G;3221397;5460
CORVASAL 2MG CPR B/30;3241081;5675
CORVASAL 4MG CPR B/30;3303592;8775
CORVITEC CAPS VISEE OCUL B/60;3100610;58045
CORYPHEDRINE COMP B/20;3026336;1000
COSMOPORE STERIL PANS 8X10CM B/10;7440392;915
COSMOZONE CR F/60ML;8350610;7410
COSOPT 20MG/ML+5MG/ML CY 5ML;3480638;16390
COSYREL 10/10MG CPR PEL B/30;8441376;21350
COSYREL 10/5MG CPR PEL B/30;8441353;14810
COSYREL 5/10MG CPR PEL B/30;8441347;21005
COSYREL 5/5MG CPR PEL B/30;8441330;9035
COTAREG 160/12,5MG CPR B/30;3815665;7775
COTAREG 160/25MG CPR PEL/28;3592320;9330
COTAREG 160MG/12,5MG CPR B/90;8157024;22865
COTAREG 160MG/12,5MG CPR PELL B/90;3815702;22865
COTAREG 80/12,5MG CPR B/28;3443005;15005
COTAREG 80MG/12,5MG CPR B/30;8155822;8735
COTAREG 80MG/12,5MG GEL B/30;3815582;9585
COTIPRED 20MG CPR EFF B/20;8419810;3925
COTON ALVIRA  DISQUE B/80;9330093;1500
COTON BIO B/180;7111961;5140
COTON BOULE;2008810;11200
COTON CARDE 500 GR;8212612;4085
COTON CARDE P/250G;8355990;1440
COTON CARRES;1004678;8585
COTON DEMAK STERILUX S70;7174140;965
COTON DEMAK'UP DUO B/67;90475310;2110
COTON DEMAKUP DISQ OV DUO P.S B/64;7322540;2970
COTON DEMAQ CARRE S/45 STRLUX;6559659;1320
COTON DISQ DEMAQ  VELPEAU B/80;6018959;2040
COTON DISQUE MV P/100;6177604;3700
COTON HYDRO CHIR LOHM 100G;6005425;1650
COTON HYDRO CHIR LOHM 250G;6590913;2525
COTON HYDRO CHIR LOHM 500G;1303401;6335
COTON HYDRO CHIR LOHM 50G;6590959;870
COTON HYDRO LABEL ROUL P/1KG CODEX;8212606;8805
COTON HYDRO LABEL ROUL P/500G CODEX;8212598;4870
COTON HYDRO LABELL 200G;8212581;1995
COTON HYDRO LABELL 25GR;8252793;550
COTON HYDRO LABELL P/100G;8212575;1035
COTON HYDRO LABELL P/50G;8212569;730
COTON HYDRO TETRA.50GR;7343217;850
COTON HYDROPHILE 100G;9023681;1230
COTON HYDROPHILE 250G;9036548;2610
COTON SANITEX DISQ DEMA P/70;2471342;1240
COTON SANITEX DISQ MAXI B/50;2471341;1700
COTON SOIN PUR BATONNET B/200;6003264;1005
COTON STERILUX HYDRO SUP ST/50G;8347631;975
COTON STERILUX PADS BB RECTANGLE 8X10 B/200;6004964;3120
COTON TETRA 500G ECRU;7950779;4930
COTON TIGE LOTUS BTE DISTR./190;2270991;1525
COTON TIGE LOTUS RECH S/160;2287773;780
COTON TIGE SANITEX BT/200;8318919;1050
COTON TIGE STERILUX BAT.OUAT.B/200;7089204;1175
COTRIATEC 5/12,5MG CPR B/30;3696290;8740
COTRIM FORT 960MG CP 10BL10 CREAT;8004948;7165
COTRIM FORT 960MG CPR 100BL10 CREAT;2030330;41355
COTRIM FORT CREAT B/10;2027428;1185
COTRIMOXAZOL UBI 480MG/5ML SP/100ML;8054260;1130
COTRIMOXAZOLE UBI 480MG CPR 10BL10;8054254;2645
COTRIMOXAZOLE UBI 960MG 10BL10;8054248;6920
COTTAGE GEL DCH HLE MONOI 560ML;8678960;3090
COTTAGE GEL DCHE LT GUIMAUVE F/250ML;8656941;2540
COTTAGE GEL DCHE LT PAMPLEM F/250ML;8656869;2315
COUCHE ABSODYS PANTS DAY XL 6 GTTES;1185916;13290
COUCHE ABSODYS PANTS NIGHT L 7GTTES;755660;13290
COUCHE ABSODYS XL 6GTTES B/12;3372446;13290
COUCHE AD SMILEY LAR B/10;1364261;4530
COUCHE AD SMILEY MED B/12;1364251;4530
COUCHE ANDLOVE AD PANTS 4GTTES TL;9090130;6905
COUCHE FLUFSAN ACTIVE EXTR. LARG P/14;3501446;13000
COUCHE FLUFSAN ACTIVE MEDIUM P/14;3501422;13000
COUCHE IDPANTS XL 7 GTTES B/12;9035075;34670
COUCHE IDPANTS XL 8 GTTES B/10;9018958;21550
COUCHE MOLICARE MOBILE L 4 GTTES B/14;9036100;14450
COUCHE MOLICARE PREM MOBILE 8 GTTES XL B/14;9158743;18220
COUCHE MOLICARE PREMIUM L 6 GTTES B/14;9022629;34025
COUCHE MOLICARE PREMIUM MOBILE 8GTTES L B/14;9158733;13230
COUCHE MOLICARE SLIP L 6 GTTES B/10;1003472;24660
COUCHE SANITA ELEG L 3GTTES 10PCS;5100137;10246
COUCHE SMILEY AD  XL 8GTTES 8PCS;9638997;9320
COUCHE TENA SLIP L 8GTTE 24PCS;5100120;25775
COUCHE YOULI AD  XL 10PCS;5134283;29045
COUDIERE  MAINTIEN T3 GIBAUD;8327864;4015
COUDIERE + CAPTEUR T2;6594302;16555
COUDIERE EPI TAUPE T2 VELPEAU ;6002198;25395
COUDIERE EPI TAUPE T4 VELPEAU;6002200;24110
COUDIERE GIBAUD LIGA 6298 T/1;6520373;36065
COUDIERE GIBAUD LIGA 6298 T/4;6520410;26065
COUDIERE GIBAUD LIGA 6298 T/5;6520427;36065
COUDIERE SILISTAB EPI T2 THUASNE;7500183;21060
COUDIERE SPL ET CHAUDE T33 R5821;9009965;7200
COUDIERE THERM GIBAUD T22 R5821;9009959;7200
COUGH OFF  SP SS F/100ML;8544610;2000
COUGH OFF SP F/100ML;1241191;1820
COUMADINE 10MG COMP B/25;3484062;1705
COUMADINE 5MG COMP B/30;3569309;8470
COUMADINE CPR 2MG B/20;3026454;1880
COUP D'ECLAT AMP LIFT VIS B/12;4822897;24880
COUP D'ECLAT AMP LIFT VIS B/3;4822874;12135
COUP D'ECLAT AMP LIFT VIS B/7;4822880;24290
COUP D'ECLAT HLE CORPOREL ECLAIRC/100 ML;8521543;2835
COUP D'ECLAT LOT PURIF F/125ML;8521520;2835
COUP DECLAT LT ECLAIRCISS 250ML;8156285;3270
COUP DECLAT SAVON GOM 250G;8155771;1200
COUPE MENSTRUELLE CLARICUP T/1;8544550;11540
COUPE MENSTRUELLE CLARICUP T/2;8544567;11540
COUPE ONGLE MANUCURE REX-OREG R125;4016423;2000
COUPE ONGLE PEDICURE REX-OREG R129;4016417;3000
COURREGES-COFFRET EAU DE LIESSE -EDP100ML-VAPO 10ML;2322800;88535
COUSSIN BURNET DIAM:50CM;9011442;31335
COUSSINET ALLAIT. P/ 30 BEL BABY;8212836;3960
COUTEAU CRESCENT;9015061;4550
COUTEAU CRESCENT 1,6MM;1291382;5850
COUTEAU KERATOME 2,8MM;22496;4550
COUVERTURE ANTI-FEU (FIRE BLANKET);9042655;28260
COUVERTURE DE LIT EN COTON 1 PLACE;6531129;30680
COUVERTURE DE SURVIE;9017692;3900
COVALEX 160/12,5MG CPR PEL B/30;8026996;18820
COVALSAR DENK 160/12,5MG CP B/28;8074417;8295
COVALSAR DENK 80/12,5MG CPR B/28;8074392;7330
COVERAM 10/10MG CPR B/30;3858396;21380
COVERAM 10/5MG CPR B/30;3858278;21035
COVERAM 5/10MG CPR B/30;3858143;14840
COVERAM 5/5MG CPR B/30;3858025;14495
COVERSYL 10MG CPR B/30;3666030;8845
COVERSYL 2,5MG CPR PELL B/30;3665875;8530
COVERSYL 5MG CPR PELL SEC B/30;3665958;6325
COVIT 100G SACH;9011465;1415
COVIT 1KG;9019509;10105
COXAPROL 100ML;90027410;1815
COXAPROL 1L;9012967;9020
COZAAR 100MG COMP B/28;3584958;6660
COZAAR 50MG CPR B/28;3385242;5540
COZEE 120MG CPR B/10;1596171;4475
COZIQ 200MG GEL B/30;8531889;8170
COZURIL CT 25MG/ML F/1L;1002567;26300
COZYME E CAPS B/60;8023584;6000
CPLUS 1,5% COLLUT.SPRAY F/50ML;8003038;2930
CPLUS COLLUT BAIN BCH F/120ML;8051675;2360
CRACHOIR POLYET+COUV NON PERCE;6185213;5430
CRAMPAID GR SACHET B/10;8545101;6360
CRAYON A MARQUER BOVIVET VERT;9011063;1090
CRAYON NITRATE ARG SALVA UNITE;9570874;4615
CRAYON SANI HEMOSTATIQUE 051;6222782;1240
CRD 92 BT/1KG;4400009;43430
CREACLAV 100/12,5MG ENF BUV 60ML;9990062;3240
CREACLAV 100/12,5MG NN BUV 30ML;9990665;2070
CREACLAV 1G/125MG PDRE SACHT/12;8424679;5540
CREACLAV 500/62,5MG AD CPR B/16;9990688;4820
CREACLAV AMOXICL 100/12,5MG PDRE F/60ML;8424685;3265
CREACLAV AMOXICLAV 500/62.5MG CPR PELL B/16;8424768;4165
CREADOL+PAR/TRA.325/37,5MG CP/100;8057726;8090
CREADOL+PAR/TRA.325/37,5MG CP/20;8433075;1685
CREAZITHRO AZIT.500MG CPR/3;8082434;2150
CREME ANTI-TACHE 100G;1072026;13000
CREME BIO CLASSIC 200G;9042017;13810
CREME BUSTELLE 100G;9026946;12235
CREME BUSTELLE 250G;9026030;26000
CREME CICANETTE 100G;9026082;13840
CREME CICANETTE 250G ;9002101;32650
CREON 10 000 U GEL B/120;3639654;17520
CRESTOR 10MG CPR B/30;3916946;19315
CRESTOR 20MG CPR B/30;3916975;27580
CRESTOR 5MG CP B/30;3698538;12015
CRIL 200 MG GEL B/20;8493887;6890
CRISTABION COLL F/5ML;8491285;1240
CRISTAL SUPPO BB B/10 CPF;3319624;1265
CRISTAL SUPPO CPF AD B/10;3319541;2700
CRIXIVAN 400MG GELULES B/180;3421015;204600
CROCILLINE DS 125MG/5ML PDRE SUSP BUV F/60ML;8475688;770
CROCILLINE DS 250MG/5ML PDRE F/60ML;79715;1250
CROCIP-TZ 500/600MG CPR PEL B/10;8456337;2975
CROGENTA 0.3COLL F/5ML;8475665;795
CROISCARD 500MG/250UI CPR B/15;8419856;1930
CROISCARD-E 250MG/125UI/5ML SP/150M;8087762;2755
CROLINI GEL T/30G;8475493;1090
CROMABAK CY F/10ML;3405306;9490
CROMAX 2 COLLYR F/10ML;2253521;2175
CROMEDIL 2% COLLY UNID BT30;3561578;4650
CROMOLEX 2% COLL F/5ML;8484606;1380
CROMOPTIC CY 2% F/10ML;3459176;3125
CROMSOL 2% COLLYRE F/5ML;2266044;1115
CRONOPEN 500MG CPR B/3 (AZITHROMYCI;8077203;3445
CROSSCAL 250MG/250UI SUSP BUV F/200ML;8437340;4135
CROSSCAL 500MG/500UI CPR PELL B/15;8437357;4135
CROTIMA V6 100MG CP GYNECO B/12;8084580;1820
CROTON TIGLIUM 9CH GR;251104;1250
CROZOLE 200MG CPR PEL B/2;8456343;2065
CROZOLE 50MG/5ML SUSP BUV F/60ML;8475719;1790
CRYOMAREK RISPENS 1000DS INJ;2420002;16060
CRYOMAREX RISPENS AMP 2000DOSES;9016853;18550
CRYOMAREX RISPENS+HVT 1000DOSES;90082410;23805
CRYOMAREX RISPENS+HVT 2000DOSES;9004229;52470
CULOTTE PANTY T3;6605543;33695
CULOTTE PANTY T4;6605566;39695
CUM CR HYD EXT 30ML;1659861;6120
CUM GEL HYD EXT CLX 30ML;1659951;6040
CUM GEL LUB MUCUS 30ML;1659901;4440
CUM HYG INT CLX 500ML;1659931;8600
CUM HYG INT QUOT 500ML;1659851;7670
CUM SOIN HYD INT DEL 30ML;1659871;7240
CUPID 50MG CPR B/1 (SILDENAFIL);2252214;2370
CUPRUM METALLICUM 4 CH GR;255059;1135
CUPRUM METALLICUM 7 CH GR;255094;1255
CUPRUM METALLICUM 9CH DOSES;5224520;2625
CUPRUM METALLICUM 9CH GR;255245;2625
CUPUL HYSTERO UU D30MM (BLEU/VERT);2259682;9135
CUPUL HYSTERO UU D35MM (ROUGE/VERT);2259699;9815
CURACNE 40MG CAPS B/30 AFR;3676034;43740
CURACNE GE 10MG CAPS B/30;3581316;15595
CURACNE GE 20MG CAPS B/30;3581368;27015
CURACNE GE 5MG CAPS B/30;3581256;8420
CURAM 100/12,5MG ENF S.BUV 60ML;8068747;4545
CURAM 100/12,5MG S.BUV NN F/30ML;8068724;2560
CURAM 1000MG CPR B/10;8031187;7085
CURAM 1000MG/125MG SACH B/12;8073027;7470
CURAM 125MG SIROP FL/60ML;2262000;3805
CURAM 1G/200MG AMP INJ IV/1;8091634;2590
CURAM 250MG SIROP FL/60ML;2035706;4105
CURAM 500/62,5MG CPR B/16;8423390;5560
CURAM 500MG COMP ENROBE B/12;8005095;4990
CURAM 500MG/10MG AMP INJ IV B/1;8091605;2305
CURANTEL 100G;9012252;2850
CURAPEL CR T/30G;8005250;2895
CURAPOR PANS TRANS 5X7CM B/5;4346089;4050
CURASPOT 5% GEL T/100G (PEROXYD BEN;3545800;18000
CURAXIM-200 200MG CPR B/10;8829465;3790
CURCUMAT GEL B/30;1763781;7740
CURCUPRIM GEL B/30;1480051;12725
CURE DENTS CADAQUES PL/OIE B/25;6298443;3640
CUROX 250MG CPR B/10;8074707;4330
CURTEC 10MG CPR B/15;8000353;3570
CURTEC 1MG/ML SOL BUV F/60ML;8086159;2235
CUTACNYL 10% GEL DERMQ T/40GR;3281258;3095
CUTACNYL 2,5% GEL DERM T/40G;3273112;2400
CUTACNYL 5% GEL DERMQ T/40GR;3282565;3180
CUTAN PDR B/100GR (OXYD/ZINC);8399119;3455
CUTAN PDRE B/200G;8629045;3455
CUTERPES 1% GEL DERM T/5G;3156843;7620
CUTICELL CL.PANS GRAS 10X10CM/10;4486850;3570
CUTISAN 1% PDRE TALC B/80G;3027465;3210
CUVETTE CUPULE;2265205;19500
CVITAM 1G/1G/327MG SUSP BUV SCHT B/10;8492416;1785
CYANOKIT 5G PDR KIT PERFUSION;4991223;1362065
CYCLADOL 20MG COMP EFF B/14;3487735;5760
CYCLADOL 20MG COMP SECA B/14;3360957;5775
CYCLEANE 30PLAQ BTE 1X21;3273603;6395
CYCLO 3 CR T/100GR;3284966;4260
CYCLO 3 FORT GEL B/30;3303847;4105
CYCLO 3 FORT GEL B/60;3303876;10290
CYCLODEX 20MG CPR B/14 (PIROXICAM.);9003276;2655
CYCLOPAM CPR B/10;8422574;2095
CYCLOPAM SUSP BUV F/30ML;8075598;2260
CYMBALTA 30MG GEL B/28;3658645;10500
CYMBALTA 30MG GEL B/7;3702375;5615
CYMBALTA 60MG GEL B/28;3658651;9225
CYPERTOP EC FL/100ML;9600109;3150
CYPERTOP POUR ON F/1L;9012430;9630
CYPERTOP POUR ON F/500ML;9012393;6910
CYPON H SP F/200ML;8077350;4050
CYPON SP F/200ML;8092473;4010
CYPRIPEDIUM 15CH GR;8937999;1135
CYPRONURAN SP F/150ML;8475694;2205
CYSTINE B6 BAILLEUL COMP B/20;3166988;2450
CYSTINE B6 BAILLEUL CPR B/60;9038725;23600
CYSTIPHANE BIORGA CPR BT/120;4091123;26060
CYSTIPHANE SH PELL INTENS 200ML;6260920;13510
CYSTORELINE 20ML;9011689;24695
CYTEAL SOL MOUSS.F/250ML;3204654;2895
CYTEAL SOL MOUSS.F/500ML;3202359;4585
CYTOTEC 200MCG CP/60(VOIR MISO-FEM);3287864;20390
CYTOTEC 200MCG CPR B/28;8030354;8060
CYTOTEC CPR B/60 UNIT (6PLAQ.);3022781;4050
CYVAX 125/25MCG SUSP INH F/120DOSE;8060912;6300
CYVAX 250/25MCG SUSP INH 120DSE;8012310;8570
CZARTAN 100MG CPR PELL B/30;8470053;5510
CZARTAN 50MG CPR PELL B/30;8470047;3305
D-ARTEPP 20/160MG CP DISP B/6;8425093;1410
D-ARTEPP 40/320MG CP PEL B/9;8007562;3815
D-ARTEPP 40/320MG CPR DISP B/6;8425101;2785
D-ARTEPP 60/480MG CPR B/6;90027850;3310
D-ARTEPP 80/640MG CPR B/6;8425118;3820
D-LOR 2,5MG/5ML SUSP BUV F/60ML;8451127;1310
D-LOR 5MG CPR B/100;8463691;9630
D3 ACTIVE DENK CPR B/100;8509795;7685
DACOF MUCOLYTIQUE SP F/100ML;8006025;2025
DACRYO LARMES CY (NSFPL);3394614;3740
DACRYOSERUM CY UNID 5ML B/20;3473265;3580
DACRYUM SOL LAV OCUL UNID/15;3601898;4400
DACRYUM SOL LAV OCUL UNID/30 5ML;3610992;8385
DACUDOSE SOL OCUL 24 DOSES X10ML;3479670;4870
DACUDOSES SOL OCUL.16UNIDOS.10ML;3442744;5415
DAFALGAN 150MG SUPPO JEUNE ENF;3273678;1030
DAFALGAN 1G GEL  B/8;1757;2830
DAFALGAN 1GR CPR B/8;3615883;3785
DAFALGAN 1GR CPR EFF B/8;3529103;3785
DAFALGAN 500MG CPR EFFV B/16;3625657;3090
DAFALGAN 500MG CPR PLQ/16;3673047;3080
DAFALGAN 500MG GELULE B/16;3267904;3785
DAFALGAN CODEINE CP PEL B/16;3327581;2920
DAFALGAN CODEINE CPR EF B/16;3331677;4515
DAFLON 1000MG CPR PELL B/30;8423131;11325
DAFLON 500MG COMP B/30;3286600;5650
DAFRAZOL 20MG GEL B/14;2263169;2645
DAFRAZOL 20MG GEL B/28;9996484;4520
DAGESIL 10MG GEL T/100G (DICLOFENAC;8428022;3475
DAIVOBET 50MCG GEL F/60ML;3896936;50480
DAIVOBET 50MCG POM T/60G;3608268;24600
DAIVONEX 0,005% PDE T/30GR;3350120;14105
DAIVONEX PDE 50MCG/GR T/120GR(NSFPL;3350137;25710
DAKIN CPF SOL EXT F/250ML;3314526;1625
DAKIN CPF SOL EXT F/500ML;3314532;2165
DAKTARIN GEL BUCCAL T/40G;3268068;4770
DAKTARIN GEL DERM T/30G;3160187;2480
DAKTARIN PDRE FL/30G;3194105;2570
DALACINE 150MG GELULE FL/12;3066815;3740
DALACINE 300MG GEL B/16;3410365;8760
DALACINE T TOPIC APP LOC 30ML;3265696;8695
DANATROL GELULE B/40;3230108;46655
DANCIFLOX 500MG CPR B/20;8021800;5900
DANTRIUM 100MG GEL B/30;3215617;10575
DANTRIUM 25MG GEL B/50;3215600;5685
DAONIL 5MG COMP B/100;3028097;8360
DAONIL 5MG COMP B/20;3028105;2025
DAPADIOL 10MG CPR B/30;2484851;4775
DAPADIOL M 10MG/100MG CPR B/30;1875011;5620
DAPAGEN 10MG CPR PELL B/30;1245018;9920
DAPAGEN 5MG CPR PELL B/30;1245001;8265
DAPAGEN-M 10MG/1000MG CPR PELL B/30;1245049;16530
DAPAGEN-M 10MG/500MG CPR PELL B/30;1245025;11240
DAPAGEN-M 10MG/850MG CPR PELL B/30;1245032;12645
DAPEFY S 5/50MG CPR PELL B/30;1249429;17220
DAPEFY SM 10MG/100G/1G CPR B/28;1247883;24795
DAREXIL 3GR PDR BUV SACH B/10;8452210;1365
DARTE-Q 15/120MG SACH B/8;8005385;2630
DARTE-Q CAPS B/9;8089637;4710
DARTE-Q SACH B/16;8049980;4080
DARTRAN LOT F/125ML;2270287;2720
DASEN-PAR 100/500/15MG CPR B/10;8486373;2635
DATIZOLE 500MG COMP B/4;8005215;2120
DAVIDOFF COOL W.F.EDTV100+LAI75+GD;8002955;35000
DAVIDOFF COOL W.H.EDT VAPO F/75ML;2554820;27330
DAVIDOFF COOL W.H.EDTV125ML+GD75+B;9030089;49000
DAVIDOFF COOLWATER F EDTV 50ML;8605145;23625
DAXOL POLYVITAMINE SP F/20ML;8451765;1155
DAZEL KIT CPR B/4;8071873;5195
DEAMBULATEUR AV ROUES STRATE;8651955;43275
DEAMBULATEUR PL ARTI BLEU 903 THUAS;4280019;49570
DEAMBULATEUR PLIAN ROUE/SIEGE;9014133;152955
DEAMBULATEUR PLIANT BLEU THUASNE;4280025;33320
DEAMBULATEUR SECLECT SIMPLE 7055B;2478702;35200
DEAMBULATEUR SS ROUES STRATE;8651949;43275
DEAMULATEUR SELECT MODERNE 7050B;2478701;52800
DEBRIDAT 100MG COMP B/20;3028223;3735
DEBRIDAT 100MG CPR B/30;3390467;5375
DEBRIDAT 200MG CPR B/30;3591941;6500
DEBRIDAT 50MG INJ AMP 5ML BT25;5533936;19790
DEBRIDAT AMP.INJ.5ML PLQ/5;3028217;3960
DEBRIDAT ENF+NN SUSP F/125ML;3410483;2345
DEBRIDAT SUSP BUV FL/250ML;3028252;3130
DEBUTINE 200MG CPR B/30(TRIMEBUTINE;3641515;5485
DECAPEPTYL 0,1MG LYOPH.INJ B/7;3285026;55990
DECAPEPTYL LP 11,25MG INJ B/1;3412565;225280
DECAPEPTYL LP 22,5MG PDR+SOLV INJ;3989017;498140
DECAPEPTYL LP 3,75MG INJ B/1;3285003;86960
DECAPEPTYL LP 3MG INJ F/1+NEC.;3394376;147655
DECLA 60MG CPR B/30 (DACLATASVIR);7311418;123750
DECODERM TRI 25/500MG CR T/25G;8005801;4505
DECOMB FRTE 100/500MG CP B/10;8476535;1900
DECONTRACTYL 250MG CPR B/50;3028476;1595
DECONTRACTYL 500MG COMP B/24;3512060;8200
DECONTRACTYL BAUME T/80G;3164245;2555
DECONTRIN BAUME T/40G;2026848;2625
DECRAMP CPR  B/30 ;6151303;16245
DECRAMP GEL CRAMPE COURBAT.100ML;4486465;7050
DECTANCYL 0,5MG CPR B/30;3028536;5610
DECTROL POUR ON 7,5 F/100ML;3240080;4195
DECTROL POUR ON 7,5 F/1L;3240081;26055
DEDROGYL 15MG/100ML BUV F/10ML;3178632;9780
DEFAL 22,75MG/ML BUV GTT 13ML;8002116;8420
DEFAL 30MG CPR B/10;8083379;8270
DEFAL 6MG CPR B/20 (DEFLAZACORT);8083296;3985
DEFERIP 500MG CPR B/30;8473790;41055
DEFIBRILATEUR;1005620;2240000
DEFIBRILATEUR;8173668;1820000
DEFILTRAN CREME DERM T/100G;3066910;11310
DEFLAMOL CREME T/30G;3028677;2275
DEFNIL P 50/500MG CPR SUBL.B/30;8016532;2965
DEKLOMOL 50MG CPR B/100;8415841;6325
DELABARRE GEL GINGIVAL T/20G;3150131;4475
DELABARRE SOL GINGIVALE F/15ML;4243047;3725
DELIA ARGAN CARE CR J/N 50ML COL;8652156;5670
DELIA ARGAN CARE SOIN JR&NT 30+ KOL;35044010;5050
DELIA ARGAN CARE SOIN JR&NT 45+;2011002;5050
DELIA ARGAN CARE SOIN JR&NT Q10  50ML;8652133;6580
DELIA BAUM LEVR PROTEC&REGE SPF 25;9023965;2885
DELIA BEAUTY B.ECL.R.VITC 2X5ML;5047809;7520
DELIA BEAUTY B.SUP.FILL.CO.2X5ML;5047810;5675
DELIA BIO BOTOKS  SERUM RAFFERMIS F/30ML;8778911;10360
DELIA BIO BOTOKS CR INTENS 60+ F/50ML;8778905;10820
DELIA BIO BOTOKS CR MODELANTE 50+ F/50ML;8778897;9995
DELIA BOTANICAL FLOW CLEA. GRE MASK F/10ML;9035862;1750
DELIA CAMELEO 3.0 MARRON FONCE;6120047;4280
DELIA CAMELEO 6.26 AUBERGINE;6006127;4280
DELIA CAMELEO BB DEMEL.CHVX ENDOM.;5044232;4980
DELIA CAMELEO BB DEMEL.CHVX MAX VOL;5044290;4980
DELIA CAMELEO BB SH CHVX EF.MAX VOL;5044278;4720
DELIA CAMELEO BB SH CHVX ENDOMMAGE;5044261;5050
DELIA CAMELEO GEL COIFFANT F/200 ML;6750819;2970
DELIA CAMELEO H CR COLOR.PERM.1.0;8652162;3865
DELIA CAMELEO OMGA5 TEINT.CAPI.1.0;8652179;4365
DELIA CAMELEO PRO GREEN 1.0 NOIR;3950191;4980
DELIA CAMELEO PRO GREEN 7.45 RGE IN;3950268;4980
DELIA COLLA CR GEL JR/NT F/50ML;8716749;8560
DELIA CORAL ONGLE KERATIN BUILDER;4211805;3460
DELIA CORAL SOS CONSTRUTEUR PR ONGL;4218262;3400
DELIA CR DEPIL PS Q10 100ML;9026320;3945
DELIA CR DEPIL.TRES VIT.100ML 3MIN;3187507;3945
DELIA CR DEPILAT PS  ALOE V 100ML;6750802;3580
DELIA CR FACIAL A/TACHE VITC 50ML;5060061;8735
DELIA CR VIT C +ILLUM VIS JR F/50ML;8716689;9050
DELIA CR VIT C+ SS YX ROLL-ON F/15ML;8716695;8395
DELIA DERMO SYST.GEL NETT.VIS/YX;8652185;5360
DELIA DERMO SYST.LOT.MICEL.VIS/YX 400ML;8652191;4900
DELIA DERMO SYSTEM LOT MICEL F/200ML;8726050;3635
DELIA DISSOLV.A.ACETONE VERNIS PERM 100ML;2581000;1400
DELIA DISSOLV.ONGL.NAT.100ML S/ACETONE;5045266;2575
DELIA DISSOLV.S.ACETONE EPONGE 75ML;3504327;2455
DELIA EKOFLORIST CLEAN FACE SCRUB T/50ML;9037878;4545
DELIA FACE CR PROT SOL SPF50 100ML;5901357;10740
DELIA FACE NECK SER NIACINAM 10% F/30ML;1238942;10075
DELIA FREE SK.B.MAQ03 B.MATIF.BLCHE;5340019;8985
DELIA GOLD COL CR JR/NT F/50;8716732;9270
DELIA GOLD COL SER JR/NT F/10ML;8716726;6800
DELIA GOLD COLLAGEN THERAP CR JR F/50ML;8778934;9995
DELIA GOLD&CO.CCAR.MULT.B.45+50ML;7730003;9345
DELIA GOLD&CO.CCAR.MULT.B.55+50ML;7740007;11440
DELIA GOLD&CO.CCAR.MULT.B.65+50ML;7750000;12260
DELIA GOLD&CO.SER AR MULTI-ACT 10;7770008;7730
DELIA GOOD FOOT CR PIED A-CRAC.;5048352;6185
DELIA GOOD H CR REGE.MAIN 75ML;4573069;3410
DELIA GOOD SKIN BDY BUTTER 500ML;4218196;9200
DELIA HYALU FUS CR JR/N.60+/50ML;5044829;8415
DELIA HYALU FUS CR JR/NUIT 50+ T/50ML;8998794;8090
DELIA HYALU FUS ROLL ON 50+ YX F/15ML;4482504;6945
DELIA HYALU FUS ROLL ON LIFT SOIN YEUX 15ML;25247;6945
DELIA HYALU FUS SER 50+ VISAGE;4482817;7200
DELIA LIP CARE BME LEVRE PRO P/20;8752656;40900
DELIA LIPOSO. VIT C F&N SERUM 10ML;8437423;6990
DELIA LOTION CORPS HELLO SKIN F/500ML;8746408;11015
DELIA NIACYNAMID THERA NORM FACE CR F/50ML;1238959;10725
DELIA PROTEC SOL CR 50 SPF F/100ML;8752567;10905
DELIA RETINOL THE. NOUR CR NUIT P/50ML;8752596;9995
DELIA RETINOL THE.NOUR CR DAY F/50ML;8752573;9995
DELIA RETINOL THERAPY NOUR SER F/30ML;8752604;10360
DELIA SERUM VIT C ECL JR/NT F/30ML;8716703;10160
DELIA SET CORAL VERNIS ONGL.PERM.;4603681;7860
DELIA SET SOIN ARGAN CR VIS Q10+SER;5046716;9950
DELIA SET07 HYDRO F+SOIN YX02+C.SPF;9641226;9950
DELIA SET08 DERMO S.SOIN YX02+CR05;9008724;9950
DELIA SET09 DERMO S.SOIN YX02+CR03;9007920;9950
DELIA SOS MEGA EFFECT 10EN1;42178910;4370
DELIA STOP BROKEN NAIL KERATIN BUILD B/1;8752627;4090
DELIA STOP/HELP FOR NAIL;9024226;5150
DELIA VIT C+ FDA INST UNDER-EYE ROLL-ON 15ML;36740;6990
DELIA VIT NAIL EF 12 JRS F/11ML;8752633;4545
DELIA VITC CAR FAC.CR ANTI-TA 50ML;9023899;10305
DELIA VITC+ FDA ILLUM VIS JR 50ML;3950239;11440
DELICAL MALTODEXTRIDINE PDR 350G;2085348;10725
DELIDOSE 0,5MG/0,5G SACH-DOSE B/28;3424019;2790
DELIPROCT SUPPO B/6;3028884;7780
DELLER 5MG CPR DISP B/10;8011026;2510
DELONG VIRILOX SP COL GING FL/15ML;2479077;2630
DELTAGEL 250ML;2262603;6195
DELTALITE PLUS 3,6MX10CM N4;4848595;10600
DELTALITE PLUS 3,6MX12,5CM N5;4848603;8910
DELTALITE PLUS 3,6MX5CM N2;4848572;5790
DELTALITE PLUS 3,6MX7,5CM N3;4848589;9940
DELTAMED SHAMPOING;90207910;4970
DELTAMETHRINE 100ML;8552242;3550
DELTAMETHRINE 1L;4271517;16330
DELURSAN 250MG CP B/20;3234164;10410
DELURSAN 500MG CPR B/60 TEVA;2193121;56435
DEMOXIN 1125MG SUSP BUV SACH B/16;8785532;7990
DEMOXIN 562,50MG SUSP BUV SACH B/16;8785549;7315
DEMOXIN-CV 1125MG CPR B/16;8748672;6890
DENK AIR 10MG CPR PELL B/28;8423102;10360
DENK AIR 4MG CPR CROQ B/28;8423088;5540
DENK AIR 5MG CPR CROQ B/28;8423094;5540
DENTI SMILE CPC-ACTIF T/100G;8720461;4815
DENTISMILE BB CHARBON ACTIF 300ML;1670741;4720
DENTISMILE BB CPC-ACT SOIN CPLET 300ML;1670751;3965
DENTISMILE DENTIF CHARBON COCO;1670711;4965
DENTISMILE DENTIF CPC-ACT 75ML;1670731;6140
DENTISMILE DENTIF VERVEINE ALOE;1670721;6040
DENTO PLAQUE INAVA SOL F/10ML;6058940;3000
DENTOFIL INVANA 25M;4403640;4310
DENTORAL DENTIF CHARBON DE BAMBO T/110G;1252559;2455
DENTYGEL CHARBON T/100G;1935751;600
DEPAKINE 200MG CPR DRG B/40;3029292;3320
DEPAKINE 500MG DRAG T/40;3192276;8225
DEPAKINE CHRONO 500MG CPR B/30;3301802;10800
DEPAKINE SIROP FL/150ML;3263450;5665
DEPAKINE SOL GTTES FL/40ML;3029300;4990
DEPAKOTE 250MG CPR B/30;3487623;7450
DEPAMIDE 300MG CPR B/30;3207061;5835
DEPI 4 CR T/30ML;7244490;9525
DEPIWHITE ACTIVE GEL T/40ML;1493391;13280
DEPIWHITE ADV.CR DEPIG.T/40ML;9464244;16720
DEPIWHITE DAY SPF20 CR ECLAIR 40ML;9464250;14455
DEPIWHITE GEL CTOUR YX T/15ML;4704324;9705
DEPIWHITE LAIT CORP ECL.200ML;9000326;14150
DEPIWHITE LAIT CORP ECL.500ML;8388216;15170
DEPIWHITE M SPF 50+;6002756;15360
DEPIWHITE MASQ T/40ML;4660348;12085
DEPIWHITE MSSE NETT ECLAIRC F/200ML;8600372;13105
DEPIWHITE PACK DUO LAIT;1581841;20750
DEPIWHITE S GEL PROTEC.SPF50 40ML;6035100;18085
DEPIWHITE S SPF50 GEL PROTEC T/40ML;8534238;14435
DEPO PROVERA 150MG/3ML INJ B/1;8424484;3840
DEPURATIF RICHEL VIT FL/250ML;3289389;3060
DERCOS SH A PEL SEC 200ML;7133026;11910
DERINOX SOL.NAS FL.PULV.15ML;3535606;2315
DERISE 25MCG/0,42ML;8940671;18500
DERISE 40MCG/0,40ML;9002785;28500
DERM HYDRALIN SAV SURG 150G;6149269;6210
DERMA PLUS FL.CORPS TONIF AVOINE;90423210;4200
DERMABUST CR SURAC DEVEL 50ML;6667142;30100
DERMABUST CR SURAC RAFF 50ML;6667159;30100
DERMACEUTIC YELLOW CREAM 15ML;7754707;32780
DERMACHROME SPM STILLI 30 ML;3131671;3535
DERMACIDE PAIN/90G B/1;3029441;3370
DERMACIDE SOL MOUSST F/250ML;3029435;2355
DERMADINE  10% SOL F/125ML;1878321;1680
DERMAFLON CREME TB/30G (VETO);6987869;12070
DERMAFLON SOL CHIEN/CHAT F/100ML;6980689;21950
DERMAPLAST EFFECT PAN BRUL 4.5X6.5 B/3;9277936;2520
DERMAPLAST EFFECT PANS BRUL 7,5X10 B/3;9206233;4910
DERMAPLAST FLEXIBLE PANS DOIGT B/16;9271163;760
DERMATIX GEL SILIC CICATR T/15G;7888980;41150
DERMAZOLE 2% CR T/15G;8486491;1655
DERMEDEN CR JR A/AGE SPF50+ 50ML;8563694;20290
DERMEDEN CR MAIN ANTI-TA T/50ML;8563808;8425
DERMEDEN CR NUIT A/AGE INT.P/50ML;8563754;26790
DERMEDEN CTOUR YX A/AGE INT.15ML;8563760;16840
DERMEDEN DEM.TOTAL 2/1 LAIT/LOT 150;8563783;7885
DERMEDEN MASQ EXOF DETOX T/50ML;8563837;10550
DERMEDEN SER A/AGE INTENSE 30ML;8563777;24235
DERMEDEN SER NUIT A/AGE T/30ML;9947008;21650
DERMEDEN SOIN REPARATEUR T/50ML;8563820;6265
DERMEDEN SOIN VERGETURE REFFE.200ML;8563814;13495
DERMEDEN SPEC SOIN VERG RAF F/400ML;37601910;10035
DERMEDEN SPF25 CR UNIV DAILY.D 50ML;8563748;15320
DERMEDEN SPF50 CR JR ACT GLB PM/PG T/50G;8712852;21670
DERMESTRIL 100MCG/24H B/8DISP.T;3409037;8245
DERMI CHECK 250ML;9042879;5680
DERMIA D CR T/30G;8013717;2510
DERMIA SALICIA CR T/30G;8013746;2140
DERMIPRED 10 10MG CPR APPETENT/96;6756667;76335
DERMIPRED 10MG CPR B/6 PL/16;9780962;11650
DERMIPRED 20MG CPR B/100;7601168;111230
DERMIPRED 5MG CPR B/120;6791729;48390
DERMIPRED 5MG CPR B/120 BL/12 UNIT;1760115;4840
DERMITER 1% CR T/15G;1304451;4270
DERMITER 250MG CPR B/30;8443197;19285
DERMO EXP.AGE PERF.CR NUIT P/50ML;8310697;8755
DERMO-DRAINOL GTES FL/30ML;3191727;4345
DERMOBACTER SOL EXT FL/125ML;3484079;1710
DERMOBACTER SOL EXT FL/300ML;3484085;2080
DERMOCUIVRE FAIBLE PDE T/25G;3029530;8710
DERMOCUIVRE POM 100G;3420576;12810
DERMOFIX CR T/20G;2026127;3185
DERMOLINE CR T/15G;8429211;1790
DERMOSALIC LOTION F/30ML;2027440;2125
DERMOSALIC POM TB/30G;2027457;2125
DERMOSOINS SAV ADOUC MIEL PROPOLIS;8055182;2720
DERMOSOINS SAV EXFOL SON 250G;8055207;2720
DERMOSOINS SAV RAISIN 250G;8292539;2720
DERMOSOINS SAV SURG COLD CR.250G;8055213;2720
DERMOSONE CR T/15G;2027463;1285
DERMOSONE NEO CR T/15G;2027486;1285
DERMOSONE NEO POM TUB/15G;2027492;1285
DERMOSONE POM 0,05% T/15G;2027500;1285
DERMOTHELITE T/30 GR;6274916;2255
DERMOVAL 0,05% CR DERM T/10G;3204329;2130
DERMOVAL CR 0,05% T/15G;1670441;2300
DERMOVAL GEL LOC FL/20ML;3261304;3105
DERMOX FLOREXIL DCHE VAG.140ML;8319103;2890
DEROXAT 20MG CPR SEC.B/14;3352538;11930
DERZOL 150 CP B/1(FLUCONAZOLE);8086024;2785
DERZOL 150MG CPR B/4;8086053;5540
DESAROL SP F/200ML;8445233;3925
DESBLY SP;3029814;1485
DESEFIN 1G INJ B/1;9991713;3475
DESFERAL NECES 500MG FL/5ML;3029837;6080
DESINTOXYL GEL B/30;8545087;6610
DESIROLX GEL B/20;8529183;14895
DESLATYNE 5MG CPR B/10;8442619;1765
DESLOCREAT 0,5MG/ML SOL BUV F/60ML;8445888;3030
DESLOCREAT 5MG CPR PELL B/10;8417219;1790
DESLOR 5MG COMP B/15;8082285;4370
DESLORA-DENK 5MG CPR PELL B/10;8068138;2205
DESLORATADINE 5MG CPR  PELL B/15 BGR;4199903;2480
DESLORATADINE 5MG CPR B/100 CREAT;8417202;12430
DESLORATADINE 5MG CPR PELL B/30 BIOG;4199949;4475
DESLORATADINE GH 0,5MG SP/60ML;8428950;1780
DESLORATADINE GH 5MG CPR B/15;8066062;3130
DESLORATADINE SP 5MG CPR B/10;8081794;1685
DESLORATADINE UBI 0,5MG/ML SOL BUV F/60ML;8486870;2275
DESOGESTREL 75MCG CPR B/28 BIOG;2673648;2210
DESOGESTREL 75MCG CPR B/3X28 BIOG;2673654;8075
DESOMEDINE COLLY FL/10ML;3029955;1885
DESOMEDINE MONODOSE CY 0,6ML/10DOSE;3486799;9535
DESSANGE CONC.NUTR.POINT&ZONE 100ML;9006317;9740
DESYREL SUSP BUV F/200ML;8428944;2755
DETENSIEL 10MG COMP B/30;3588175;5525
DETURGYLONE SOL NEB/10ML;3209686;2840
DEVIT 2000UI GEL B/30;8531895;2500
DEVIT SOLUTION GTTE F/30ML;8634997;2725
DEXACYL-Z 4MG/ML IM/IV B/10;8423326;4980
DEXAFLOX COLLY F/5ML;8078289;3240
DEXAFREE 1MG/ML CY 0,4ML B/30UNID;3747768;5390
DEXAFREE COLLYRE UNID 1PLAQUETTE;7323746;870
DEXALONE SOLUTION F/100ML;8382633;3910
DEXAMETHASON 8MG/2ML INJ IM/IV B/3;9957451;2310
DEXAMETHASONE 20MG/5ML B/10 MYLAN;5630757;8675
DEXAMETHASONE 20MG/5ML B/10 PL/5;7523273;1420
DEXAMETHASONE 4MG/ML B/20 MYLAN;5630763;9540
DEXAMETHASONE 4MG/ML B/20 PL/5 MYLA;7005555;25070
DEXAMEX 0,1% COLLYRE FL/5ML;2274931;1770
DEXAPRIN 0,5/0,1/0,02% COLL F/10ML;8431567;1890
DEXERYL CR T/250GR;3404459;3790
DEXIR SIROP ADULTE FL/125ML;3296018;4570
DEXONE 0,5MG CPR B/100;9035454;16500
DEXONE 4MG/ML INJ AMP B/50 IM/IV;8081995;16435
DEXORICH SP FL/200ML;1326896;2065
DEXPURE 10MG CPR B/30;8487220;4930
DFLEX GEL T/30G;8436501;1340
DHA OM3 CAPS B/60;8393900;20215
DI-DOLEX 37,5/325MG CPR B/20;8432578;4725
DIABETIS PLUS GEL B/90;8702724;12295
DIABETMIN 500MG CPR PELL B/100;8424366;1890
DIABIREL 1MG CPR B/30;8096502;3430
DIABIREL 2MG CPR B/30;8096531;4700
DIABIREL 3MG CPR B/30;8096560;6215
DIABIREL 4MG CPR B/30;8096608;7190
DIABIVIT CPR B/30;1250621;4670
DIACOL 27MG/15ML SP F/200ML;2037289;2645
DIACURE B/60 GEL LEHNING;3232544;11435
DIADERMINE CR EXP RID 3D JR 50ML;2292202;7370
DIADERMINE CR EXP RID 3D NUI 50ML;2292337;7370
DIADERMINE CR LIFT+ SUBLIMANT T/50ML;9025183;9195
DIADERMINE CR LIFT+NRRS T/50ML;2278314;9685
DIADERMINE DEMAQ DCEUR YX 125ML;8102102;2640
DIADERMINE DERMO DCE HYD 50ML PH5;2278320;2980
DIADERMINE LAIT DEM.EXPR.3/1 200ML;90119410;5600
DIADERMINE LAIT DEM.HYDR 200ML;2278366;4800
DIADERMINE LINGET.DEM.EXPR.3/1 HYDR;2278797;3400
DIADERMINE LOT TONIQ APAIS.200ML;2278490;4850
DIADERMINE SAV HAD+AVOC.100G;2273239;1720
DIADERMINE SAV PX SECH 100G;4146079;1435
DIAFORMINE 500MG CPR B/30 (METFORMI;8014697;910
DIAFORMINE 850MG CPR B/30;8014680;2235
DIAFORMINE SL 1G CPR B/30;8014651;2455
DIAGLIM 1MG CPR B/30;8089235;3225
DIAGLIM 4MG CPR B/30;8089287;8705
DIAK PDE T/50;8399094;4180
DIAMEZID LM 60MG CPR PELL SEC B/30;8449857;9365
DIAMICRON 60MG LM CPR B/30;3381468;13750
DIAMICRON LM 60MG CPR SEC B/150;8074481;48105
DIAMIN 1G CPR B/30;8005936;2510
DIAMIN 850MG CPR B/30 (METFORMIN);8020290;2095
DIAMOX 250MG COMP B/24;1609661;6785
DIAMOX 500MG PDRE INJ FL/1;3030533;15515
DIANE 35 CPR PLQ 1X21;3296975;7000
DIANE 35 UMG CPR B/3X21;3296981;31340
DIANTALEX 1% GEL T/30G;8813435;1405
DIANTALEX 500/250/50MG CPR B/10;8069221;1270
DIAPRIDE 1MG CPR B/30;8024796;3625
DIAPRIDE 2MG CPR B/30;8025732;5280
DIAPRIDE PLUS LP 2/500MG CPR/30;8020002;6325
DIAREAL 3G PDR SACH B/30;8020284;2865
DIARTEM IG 120/960MG CPR B/3;8452227;3030
DIARTEM IG 40/320MG CPR B/12;8452256;3170
DIARTEM IG SUSP 1MG/8MG 120ML;3195607;2685
DIARUM 0,2MG/ML SP F/100ML;2287187;1685
DIARUM 2MG GEL B/20;8308335;1340
DIARYL 200MG GEL B/20;2294833;2220
DIARYL SIROP F/60ML;2294856;1725
DIARZIL 2/125MG CPR SEC B/12;8417426;1585
DIASEPTYL 0,5% SOL CUT PULV F/125ML;3691849;2480
DIASTOP SP F/60ML;8066205;1585
DIAVET SACHET B/10;21;6955
DIAZAC 10MG CPR PELL B/30;8497371;13775
DIAZAC 5MG CPR PELL B/30;8497342;11020
DIAZAC M ER LP 10MG/1G CPR B/30;8497483;17425
DIAZAC M ER LP 10MG/500MG CPR B/30;8497477;15840
DIAZAC M ER LP 5MG/1G CPR B/30;8497460;12675
DIBIZIDE 5MG CPR B/30(GLIPIZIDE);2290870;3680
DIBIZIDE M 5MG CPR B/30;8087667;5280
DICACILLINE 0,6MUI SOL INJ+SOL B/1;8005416;1340
DICACILLINE 1,2MUI INJ+SOLV B/1;8005422;1390
DICACILLINE 2,4MUI INJ+SOLV B/1;8005445;1765
DICETEL 100MG CPR B/30;3387620;7660
DICETEL 50MG COMP B/20;3272383;4220
DICLAC 100MG SUPPO B/10;8001849;2605
DICLACOX BIDON 1L;10903;28630
DICLAZURIL 0,5% 100G;9024999;3620
DICLIN 75MG INJ B/2;2289105;975
DICLO 100MG SUPPO B/10 (PHARMA5);8025525;2305
DICLO 50MG CPR B/20 (PHARMA5);8025560;2370
DICLO DENK 100MG RET.CP B/10;8083557;1270
DICLO DENK 100MG RET.CP B/100;2264447;9575
DICLO DENK 100MG SUPPO B/10;2264430;2470
DICLO DENK 50MG CP B/100;2264453;5320
DICLO DENK 50MG CP B/20;8083528;1270
DICLO DENK 75MG AMP INJ B/10;2286242;2925
DICLO PHARMA5 75MG/3ML INJ B/6;8025531;3130
DICLOAS 50MG CPR ENR GAST RES B/20;8425584;1285
DICLOAS-SP 50MG/10MG CPR B/20;8067618;5540
DICLOBERL 100MG SUPPO B/10;2029717;3100
DICLOCED 0,1% COLL F/10ML;9000421;5400
DICLOCHEK 1MG/ML CY F/5ML;8445351;2065
DICLOFEN 100MG SUPPO B/10;8024000;1545
DICLOFEN 50MG CPR ENR B/30;8023992;1545
DICLOFENAC 1% GEL F/100GR TEVA;4913393;3030
DICLOFENAC 1% GEL PRESSURE F/100ML VIATRIS;2741893;4620
DICLOFENAC 50MG CPR B/60 GENERIS;8023354;3515
DICLOFENAC UBI 75MG INJ B/10BL10;8099512;9675
DICLOLEX POWER HEAT GEL DERMIQ T/30G;8450234;1930
DICLOPAL 1% GEL T/50G;2035770;2345
DICLOPAR 500MG/50MG CPR B/10;2289134;975
DICLOPAR PLUS 50/500/500MG CP/30;8071287;2310
DICLOREUM 50MG CP B/30;2023212;2880
DICLOSHA SR 100MG CPR B/20;8010179;1625
DICLOSIM 325MG/50MG CPR B/20;8082138;2095
DICLOSON 50MG B/30;8445285;2065
DICLOSON-P 50MG/500MG CPR B/30;8445291;2615
DICLOSON-S 50MG/10MG CPR B/30;8445316;4135
DICLOTOL 100MG CPR B/10;8486516;2065
DICLOWAL 100MG RETARD CP B/10;2022135;2775
DICLOWAL 100MG SUPPO B/10;8023029;2660
DICLOWAL 4% SOL PULV CUT SPR F/30ML;8476446;5745
DICLOWAL 50MG CP B/20;2021779;2440
DICODIN LP CPR 60MG B/20;3368479;6430
DICOLATE 1% GEL T/30G;8068670;1795
DICOR 50MG CPR B/30;8730206;11950
DICOR M 50MG/1000MG CPR B/30;8730198;11950
DICOR M 50MG/500MG CPR B/30;8730212;11950
DICTIONNAIRE VIDAL;6095622;105655
DICYNONE 250MG INJ AMP B/4;2278656;3440
DICYNONE 500MG GELULE B/20;9000214;4820
DIESEL LOVERDOSE EDPV 75ML;8308720;53390
DIESEL-D BY DIESEL-EDT MIXTE VAPO 100ML+GEL DCHE2X75ML;2255148;65140
DIETAZ SP F/125ML;8309607;4945
DIETER S DRINK  TEA SACHT/30;1325460;5995
DIETER S DRINK TEA SACHET B/18;8572799;4550
DIFAL 1% GEL T/20G;8438635;1100
DIFENASOL COLLYRE F/5ML;8073961;1145
DIFFERINE CREME 0,1% T/30G;3437631;4780
DIFFU K 600MG GEL B/40;3290599;3305
DIFLAMMEX 50MG CP B/40;2291697;4850
DIFLUCAN 150MG GEL B/1;2022158;9150
DIFLUCAN 150MG GEL B/4;2285366;23010
DIFLUSTERO 0,05% EMULS OPHT F/5ML;8497885;4075
DIFLUZOL 150MG GEL B/1 FLUCONAZOL;8024046;2165
DIFLUZOL 150MG GEL B/2 FLUCONAZOL;8024069;3845
DIFLUZOL 150MG GEL B/4 FLUCONAZOL;8024075;7425
DIFRAREL 100MG COMP B/20;3031171;4390
DIFRAREL E DRAG B/24;3031159;3280
DIFTOSEC FL/1000DOSES;1613012;6135
DIGEASE CPR B/30;8502391;6000
DIGEDRYL CPR EFF AD B/30;3154666;5690
DIGEREX SP F/100ML;8474915;2065
DIGESTAT 100MG SUPPO B/10;8427229;1545
DIGESTYME SP F/200ML;8385525;3670
DIGOXINE 0,05MG/ML GTT F/60ML;3116341;1825
DIGOXINE 0,25MG CP B/30;3346609;2520
DIHYDAN 100MG CP B/60(FA);3030303;10510
DILATRANE 100MG ACT PRL GEL.B/30;3031774;2360
DILATRANE 200MG ACT PRL GEL.B/30;3031768;1795
DILATRANE 300MG ACT PRL GEL.B/30;3278799;2110
DILATRANE 50 ACT PRL COMP B/30;3278782;1025
DILATRANE AD SP F/200ML;3031780;3270
DILTIAZEM LP 200MG GEL B/30 MYLAN;2779766;6320
DILTIGESIC 2% GEL T/30GR;8096324;4160
DILUANT PHYS STALLERG 4,5ML(UNITE);9011979;620
DIMET 500MG CPR B/50;8305986;3185
DIMET 850MG CPR B/50 (METFORMIN);8305963;4865
DIMETANE 133MG/100ML SP SS F/200ML;3626651;3010
DIMI 1,16% GEL T/30G;8442068;1435
DIMIDON 40MG/ML BUV F/200ML(IBUPROF;8431254;3445
DIMINAZENE B/10 SACHETS;9550166;4360
DIMITANA POMMADE T/30G;2029870;1760
DIMOXAN BOITE 1KG;9041762;17510
DINDORAL SPF F/1000 DOSES;9038783;24190
DINOPAT 1MG/1ML COLL F/5ML;2271134;3570
DIOR -DIOR H-EDT VAPO F/100ML;9008227;92230
DIOR -EAU SAUVAGE-PARF VAPO F/100ML;9006441;102960
DIOR -SAUVAGE  EDPV -RECHAR 100ML;9011778;100475
DIOR DUNE ONDEE FRAICH DEO 100ML;9005631;18755
DIOR EAU SAUVAGE -EDT VAPO F/100ML;9012022;89565
DIOR FAHRENHEIT EDTV 100ML;1527293;92230
DIOR HOM SPORT EDTV 100ML;9012016;58000
DIOR J'ADORE EDPV 50ML+LAIT 75ML;41789;42000
DIOR J'ADORE EDTV 50ML;9012001;58725
DIOR SAUVAGE EDP 200ML;78457310;132385
DIOR SAUVAGE EDT VAPO 60ML;90195810;67995
DIOR SAUVAGE EDTV 100ML;90022210;77320
DIOR-EAU SAUVAGE-PARFUM VAPO 100ML;129662;104530
DIORISSIMO EDT VAPO 50ML;9002147;25090
DIOVENOR 600MG COMP B/30;3372699;11830
DIP 3 40MG/320MG CPR SEC B/9;8436518;2925
DIPALUQUINE 40MG/320MG CPR B/12;8434991;4505
DIPALUQUINE 40MG/320MG CPR B/6;8434985;2785
DIPALUQUINE 40MG/320MG CPR B/9;8434979;3475
DIPARA CPR B/10 (DICLO/PARAC);8075003;990
DIPHOS 40MG/320MG CPR B/9;8072387;3170
DIPIPERON 40MG COMP B/20;3032319;3170
DIPIPERON 40MG/ML SOL BUV F/30ML;3130045;2157
DIPREZAR 50/12,5MG CP PEL B/28;8089465;5815
DIPREZAR FORT 100/25MG CPR B/28;8089471;21235
DIPRIVAN 20ML AMP INJ IV B/5 UNITE;9060759;8640
DIPRIVAN INJ AMP 20ML BT/5MH;5555837;45350
DIPROLENE 0,05% PDE T/15G;3275826;1820
DIPROSALIC LOTION 30 GR;3239919;4065
DIPROSALIC POM T/30G;3230924;2980
DIPROSONE 0,05% CREME T/15G;3143208;1670
DIPROSONE 0,05% LOT F/30GR;3198439;4905
DIPROSONE CREME 0,05% T/30G;3230901;3170
DIPROSONE LOT FL/15G;3198422;3210
DIPROSONE POM 0,05% T/30G;3230829;3170
DIPROSTENE SUSP INJ SER B/1;3200509;4520
DISLEP 25MG AMP INJ 2,5ML B/6;8060214;6365
DISLEP 25MG CPR B/20;2293839;6365
DISMIGRAS 10MG CPR PELL B/30;8424633;4850
DISMIGRAS 20MG CPR B/30;8433218;6200
DISMIGRAS 5MG CPR PELL B/30;8450180;4820
DISNEY COF STITCH EDTV 50M+1SAS A MAINS;2972807;21720
DISNEY COF STITCH TROUS + EDT 50ML + GEL DCHE 100ML;2884049;25840
DISNEY MINNIE MSSE-EDT VAPO 50ML+GEL DOUCHE 100ML+TROUSSE;3015605;20050
DISNEY-COFFRET MINIE SAC 3D-EDT 100ML+BRILLANT A LEVRES;7603467;21080
DISNEY-FROZEN II EDTV100+GD+TR;3022309;15330
DISNEY-FROZEN II-EDT VAPO 50ML+GEL DCHE 100ML+TROUSSE;2972888;20050
DISNEY-REINE DES NEIGES-EDT VAPO 100ML+BAUME A LEVRES+SAC ADOS;2971182;21080
DISSOLVUROL GTTES;3032437;2860
DISTEM 300/380MG CPR B/50;8083445;4440
DISUF B CR T/15G;8589802;1615
DITROPAN 5MG CPR B/60;3273075;5080
DIURIZONE FL/50 ML;6867740;4030
DIVINA COMP 1PLAQ.21;3344355;6690
DOA VALDA 1% POM T/24G;8393068;1680
DOBUTAMINE 250MG/20ML INJ B/10 MYL;5624432;23725
DODIE BIB PL 3VIT INIT 0-6M 330ML;8391046;5710
DODIE BIB PL A.COL 0-6M DEB1 F/150ML BL;6320988;5690
DODIE BIB PL A.COL 0-6M DEB1 F/150ML ROSE;6320989;5690
DODIE BIB PL A.COL 0-6M DEB2 F/270ML BL;6320990;7010
DODIE BIB PL A.COL 0-6M DEB2 F/270MLROSE;6320991;7010
DODIE BIB PL ANT-COL LARGE +6 330ML;8599137;5315
DODIE BIB PL INIT 0-6M F/150ML BLEU;6173935;5690
DODIE BIB PL INIT 0-6M F/150ML ROSE;6173942;5690
DODIE BIB PLAST COL ETROIT 330ML;8391069;3950
DODIE BIB PLT 3VIT LARGE 0-6M 150ML;8391023;5580
DODIE BIB VER ANTI-COL 0-6M F270;6008148;11310
DODIE BIB VER CPL 1AGE/240ML TS;6613382;4360
DODIE BIB VER SENSAT 0-6M 150ML;8391075;6245
DODIE BOITE DOSEUSE;8390934;4980
DODIE BOUTS SEIN ANATOM.B/2;6350008;10975
DODIE BOUTS SEIN ANATOMIQUE 2;3500027;12995
DODIE COFFRET LES ESSENTIELS;8391017;24190
DODIE COUSS ALLAITEMENT JR B/30;8391098;6140
DODIE COUSS ALLAITEMENT NUIT B/30;9999873;6585
DODIE LINGETTE NETTOY B/70;8390905;4630
DODIE STERILISATEUR ELECTRIQUE;8390897;63460
DODIE SUC CAOUTCH +6MOI A6;8390868;3085
DODIE SUC CAOUTCH +6MOIS NUIT A11;8390874;2860
DODIE SUC CAOUTCHOUT 0-6 MOIS A1;8390727;2865
DODIE SUC DUO SILICONE 0-6 MOIS A31;8390615;5100
DODIE SUC PHYS SIL +18MOIS NUIT P48;8390762;3015
DODIE SUC PHYS SILIC 0-6M NUIT;8390704;2890
DODIE SUC PHYS SILICONE 0-6 MOISP40;8390822;2925
DODIE SUC PHYSIO +18MOIS P42;8390756;2980
DODIE SUC SIL +6MOIS AIR NUIT;8390851;3460
DODIE SUC SIL 0-2 MOIS ;8390710;3085
DODIE SUC SILIC +18 MOIS ;8390779;2980
DODIE SUC SILIC +6 MOIS A15;8390791;3085
DODIE SUC SILIC +6 MOIS NUIT A17;8390839;3085
DODIE SUC SILIC PHYSIO 0-6MOIS;8390590;2830
DODIE TET COL ETROIT +6M DEBIT2 B/2;8390992;3085
DODIE TET COL ETROIT +6MOIS B/2;8390986;2850
DODIE TET COL ETROIT 0-6MOIS B/2;8391000;2890
DODIE TET COL LARG +6MOIS DEB 4 B/2;8390940;4060
DODIE TET COL LARG 0-6MOIS DEB2 B/2;8390963;4070
DODIE TET COL LARGE +6MOIS DEB3 B/2;8390957;4395
DODIE TIRE LAIT ELECTRIQUE;8558405;96070
DODIE TIRE LAIT MANUEL;8390673;39560
DODO BB SOL BUV F/200ML;8272152;8865
DOGMATIL 50MG GEL B/30;3032897;5170
DOGMATIL FORT 200MG CPR B/12;3032880;2790
DOGMATIL SOL BUV F/200ML;3032905;3755
DOIGTIER DOIGT PEAU MM T/4;9012128;1235
DOIGTIER DOIGT PEAU PM T/2;9011821;1235
DOIGTIER LATEX NS B/100;9012134;6500
DOL-P 37,5/325MG CP PEL B/10;8422982;2305
DOLAMINE CPR B/20 (PARA+CAFE+PROM);8080731;2340
DOLBUFEN 400 MG/325MG CPR B/20;8488596;1955
DOLCARE 75MG GEL B/20;8454427;6665
DOLCE VITA EDT VAPO 50ML;9011761;33615
DOLCE&GABBANA F.EDT V 50ML;9011525;32535
DOLCE&GABBANA THE ONE EDPV 75ML;9040053;72000
DOLEX 50MG GEL B/30 (TRAMADOL);8027116;2550
DOLICOX 120MG CPR PEL B/7;8437297;4410
DOLICOX 60MG CPR PEL B/14;8437311;4820
DOLICOX 90MG CPR PEL B/14(ETORICOXI;8437305;6200
DOLIMEX 1000MG CPR EFF B/8;8452285;1100
DOLIMEX 1000MG SACH B/8;1330181;1090
DOLIMEX 125MG SUPPO B/10 ;8452262;1115
DOLIMEX 200MG SACH B/12;8452316;1295
DOLIMEX 250MG SUPPO B/10;1330081;1120
DOLIMEX 300MG SACH B/12;8452322;1310
DOLIMEX 500MG CPR EFF B/16;1341312;1170
DOLIMEX 500MG SACH B/12;8452339;1130
DOLIMEX GORGE PAST GINGEMBRE B/12;8546163;1740
DOLIMEX GORGE PAST GINGEMBRE B/12;8546164;1730
DOLIMEX MIGRAINE CPR EF B/16;8005770;1570
DOLIMEX PERF 10MG SOL POCH/100ML;8423119;2205
DOLIPRANE 1000MG CAPS B/8;4153404;2345
DOLIPRANE 1000MG CPR B/8;8096086;1280
DOLIPRANE 1000MG CPR EFF B/8;3529422;1475
DOLIPRANE 1000MG GEL B/8;4153396;1200
DOLIPRANE 1000MG PDR AD B/8;3624698;1050
DOLIPRANE 100MG BB SACH B/12;3499833;1365
DOLIPRANE 100MG BB SUPPO B/10;3480911;1240
DOLIPRANE 150MG J.ENF SUPPO B/10;3480940;1240
DOLIPRANE 150MG SACH B/12;3499879;1365
DOLIPRANE 2,4% BB SP S/SUC 100ML;3461546;2010
DOLIPRANE 2,4% SP J.ENF F/60ML;2266104;1130
DOLIPRANE 200MG SACH B/12;3499916;1365
DOLIPRANE 200MG SUPPO B/10;3480986;1240
DOLIPRANE 300MG SACH B/12;3499945;1365
DOLIPRANE 300MG SUPPO B/10 (G.ENF.);3481017;1240
DOLIPRANE 500MG CPR B/16;3232018;1210
DOLIPRANE 500MG CPR EFF B/16;3307199;1500
DOLIPRANE 500MG GEL B/16;3450778;2205
DOLIPRANE 500MG PDRE SACH/12;3233153;1185
DOLIPRANE LIQUIZ 1000MG SACHET B/12;3022613;3980
DOLIPRANE LIQUIZ 1000MG ST B/8;30229613;7465
DOLIPRANE LIQUIZ 500MG ST B/12;3022959;7300
DOLIPRANE VITC 500/150MG CP/16 EFF;3766501;1335
DOLIPREX SACH B/8;8015691;1790
DOLIRHUME 500/30MG CPR B/16;3412559;2685
DOLIRHUME PRO CPR B/12;3698604;10500
DOLIRHUME PRO CPR B/16;6986046;8815
DOLKO 1GR CPR B/8;3624669;1460
DOLKO 500MG AD COMP B/16;3338811;1130
DOLKO 500MG AD SACH B/12;3308483;1515
DOLKO ENF/BB SIROP F/90ML;3338194;1320
DOLLANIA LAIT A/AGE ARGAN 500ML;3089124;15000
DOLLANIA LAIT CORP CACAO 500ML;4622046;15000
DOLLANIA LAIT CORP KARITE 500ML;46220310;15000
DOLLANIA LAIT ECL.BUSSER&HAD 500ML;3089147;15000
DOLMED 120/1/5MG SP F/120ML;8442683;2050
DOLMUS 500/500/50MG CPR B/10;8445894;2440
DOLNESS 325/37,5MG CPR PEL B/20;8082322;3170
DOLO 500MG CP B/10;2272547;470
DOLO DENK GEL T/20G;8016029;2325
DOLO DENK GEL T/50G;8492965;4545
DOLO SUSP BUV F/60ML;2268994;950
DOLODENT SOL GING.F/27G;2192920;3805
DOLOFORTE DENK 325/37,5MG CP B/20;8416361;4165
DOLOGAN DENK 250/200/50MG CP B/20;8085148;2410
DOLOGEL GEL GINGIVAL T/25ML;8564877;3550
DOLOMAX GEL T/30GR (DICLOFENAC);8020261;1795
DOLORA 100MG/2ML INJ B/5(TRAMADOL);8077686;3305
DOLORA 100MG/ID LM CP/10 (TRAMADOL);8077611;3610
DOLORA 200ID 200MG LM CPR B/20;8079202;10360
DOLOREN 1% GEL T/30G;8431521;1545
DOLOSEPTYL BDB 10ML B/10UNID.;8538294;3590
DOLOSPASM CPR PELL B/10 (FA);8006999;1815
DOLOSTOP 1G CPR EFF T/8;1710811;1050
DOLOSTOP 500MG CPR EFF T/16;1710801;1090
DOLOSTOP PED 2,4 SB F/90ML;1710791;1140
DOLOTREN 50MG COMP B/20;2026937;2290
DOLOTREN CPR DISPERS.B/40;8005706;5280
DOLOTREN GEL T/60GR;2026966;3045
DOLOTREN INJ AMP B/6;2026972;3170
DOLOTREN RET.100MG GEL B/20;2026943;3680
DOLOWIN PLUS 500/100MG CP B/10;1508341;2630
DOLOWIN PLUS 500/100MG CP B/30;8076439;5540
DOLOWIN SR 200MG CPR B/30(ACECLOF.);8020143;6920
DOLREX 100MG SUPPO B/10;8429346;1940
DOLREX LP 100MG GEL B/20;2276232;2530
DOLTHENE CHIEN M F/50ML;9012157;7480
DOLTHENE CHIEN S F/20ML;6770555;8220
DOLTRAM 37,5/325MG CPR B/20;8437133;2615
DOLVEN 200MG GEL B/20 (IBUPROF.);9003299;955
DOLVEN 20MG/ML  BUV PED 120ML;9003282;1330
DOLVEN 400MG CPR PEL B/20;9003307;1450
DOLVIRAN COMP B/20;2005958;1970
DOLYC 1G CPR B/10;8091522;840
DOLYC 500MG CPR B/20;8092496;635
DOMOSEDAN SOL INJ EQUIN 20ML;6805064;257135
DOMPANTO 40/30MG GEL B/10;8486396;3690
DOMPAWOOD SR  30MG/40MG GEL B/20;8730784;4135
DOMPERIDONE 10MG CP OR./20 MYL;3823446;1125
DOMPERIDONE 10MG CPR B/20 BGR;3006003;1210
DOMPY 10MG CPR B/30;8453221;2275
DOMPY 1MG/1ML SUSP BUV F/200ML;8453238;2480
DONEPEZIL  10MG CPR B/28 MYLAN /VIATRIS;8932348;19260
DONORMYL CPR SEC.B/10;3675193;2590
DONORMYL CPR SEC.EFF B/10;3675201;3170
DONTOMYCINE 1.5MUI CP B/16;8063371;4575
DONTOMYCINE 3MUI CP B/10;8063365;4715
DOPAMINE 200MG/5ML INJ B/50 UNITE;3208103;935
DOPAMINE 50MG/10ML SOL INJ B/50 UNITE MYLAN;5645546;420
DOPPEL HERZ AC.FOL.CPR B/30;3241477;9040
DOPPEL HERZ DIABEVIT CPR B/30;3241460;9590
DOPPLER FŒTAL;25022026;107380
DORCEL PLAIS.LUBR&MASS.ROSE SAUV.SI;1211310;8880
DORCEL PLAIS.LUBR&MASS.YLAN Y.SIL;121100;8880
DORCEL PURE NETT MSS BODY&SEXTOY;121057;6535
DORCEL SENSAT.LUBR.AQUA ELLE 100ML;121040;5600
DORCEL SENSAT.LUBR.EAU CHAUFF.100ML;121028;5600
DORCEL SENSAT.LUBR.SIL.PURE 100ML;12109;8290
DORCEL SEX.EXP.CR DEVEL.SIZE+100ML;121152;7875
DORMYL 3MG CPR B/30;8531820;3670
DORMYL SOLUTION SPRAY F/100G;8635005;5415
DORSUN T 2% 0,5% CY F/5ML;1344531;10290
DORZIMOL 20MG/5ML COLLYRE F/5ML;8463099;8125
DORZO/TIMO BGR 20MG/ML+5ML/ML COLL F/5ML;3012269;8415
DORZODROP 20MG/ML CY F/5ML;21617;6475
DORZODROP T 20MG/5ML/ML COLL F/5ML;21624;9475
DORZOLAMIDE  2% CY F/5ML MYLAN /VIATRIS;3437737;4850
DORZOLAMIDE 2% CY F/5ML ARROW;1537813;5610
DORZOLAMIDE 20MG/ML CY F/5ML BGR;3011901;7825
DOSTINEX 0,5MG CPR B/8;3404287;33600
DOTAXEL 20MG IV SOL INJ 0.5ML+SOL /1,5ML;8083882;13435
DOTAXEL 80MG IV SOL INJ F/2ML+SOL/6ML;8083770;42015
DOUCENUIT SPRAY BUC RONFL 22ML;4363389;33985
DOUCENUIT SPRAY GORGE FL/23,5ML;483;21245
DOUKHO BEURRE CACAO LIESSAN 100G;6000099;7500
DOUKHO BEURRE KARITE P/300ML;9022032;1840
DOUKHO HUILE DE BALANITES 70ML;3060356;3700
DOUKHO HUILE DE CARAPA 70ML;1412101;3700
DOULALLER 50MG/500MG CPR B/100;8466270;7850
DOULEREX GEL T/30G;8474921;1290
DOUXO CALM SHP 200ML;9099307;7000
DOVATO 50MG/300MG CPR B/30;182550;496915
DOVEMIX SOLUTION;9012140;4700
DOXACINE 200/600MG CPR B/20;8484546;5250
DOXAZOSINE 4MG LP CPR MYLAN;2165366;7440
DOXAZOSINE LP 8MG CPR B/28;2165567;8960
DOXINE 200MG CPR SEC.B/10;2277154;1730
DOXIUM 500MG CAPS B/30 (CALCIUM);8023911;4960
DOXORAL 1KG;9060110;44280
DOXORUBICINE 50MG INJ 25ML ARROW;5813179;16310
DOXORUBICINE 50MG/25ML INJ ACCORD;5722117;18530
DOXORUBICYNE 50/25MG;5770145;18070
DOXY 100MG CPR SEC B/30 TEVA;3617528;3405
DOXY 200 100G NEW;6488652;3550
DOXY 200 1KG NEW;9024893;35500
DOXY 200MG CPR B/8;8419997;2370
DOXY DENK 100MG CPR B/20;8011463;3405
DOXY DENK 200MG CPR PEL.B/8;8059553;2095
DOXY GE 100MG CPR B/30;3561644;8710
DOXYC 100MG CREAT CPR B/100;2027517;6920
DOXYC 200MG CREAT CPR B/10;2273251;1680
DOXYC 200MG CREAT CPR B/100;9020197;15185
DOXYCYCLINE 100MG CPR B/15 BIOGARAN;3533286;3500
DOXYCYCLINE 100MG CPR B/30 SANDOZ;2189757;7330
DOXYMED 20% SACH 125G;9042916;6065
DOXYMED 50% SACH 400G;9043063;34790
DOXYMYCINE 200MG GELULE B/10;9012281;6185
DOXYNOR 100MG CPR B/20;2290284;4165
DOXYPALU 100MG CP BT/28;3562939;21960
DOZALGIC 500/300MG SACH/10 (FA);8023271;1375
DPQUINE 40MG/320MG CPR B/9;8455740;3350
DPQUINE 90MG/720MG PDRE SUSP BUV F/60ML;8455800;2310
DR LAIT ECLAIRC CORPS F/180ML;8332954;5100
DR MAGIC CR CARROT.ENTRETIEN 227ML;8372830;5000
DR MAGIC ENF SPRAY F/237ML;8372907;5500
DR MAGIC ENFANT HYDRA+ F/170ML;8372913;5000
DR MAGIC NAPPY MASQ BAIN HUIL P/227;8567901;6545
DR MAGIC NAPPY SH HYDR.F/237ML;8567864;6545
DR MAGIC NAPPY SOIN DEMEL.SPR 237ML;8567887;6545
DR MINT 10G CPR B/10;5193396;3535
DR MINT CPR ORO B/10;1945591;3620
DR'S SECRET BIO.COF. SACH B/8;8500736;13650
DR'S SECRET BIO.COF.PREMIUM B/8;9555248;12510
DR'S SECRET BIO.EXTR.FEM.SACH/6;8549530;9375
DR'S SECRET BIO.HONEY SAC/10;90401210;13120
DR'S SECRET BLACK PLUM 10G*20PCS;9008629;11000
DR'S SECRET ROYAL COFFEE S/8;7170608;12510
DR'S SECRET SLIMMING TEA S/24;9024551;9870
DRAIN DE REDON CH 10;9012329;1950
DRAIN DE REDON CH 14;9012335;1950
DRAIN DE REDON CH 16;9012306;1840
DRAIN PLEURAL JOLY CH 24(THORA CATH;9018473;39000
DRAIN TROCART THOR 30CM CH20;9030037;27155
DRAMAMINE 50MG CPR B/20 (NSFPL);3273282;4445
DRANUDOXY 100MG GEL B/5;9027012;2700
DRAP DE LIT EN COTON 1 PLACE ;25210;23010
DRAP DE LIT HOPITAL;8216900;26000
DRAPS D'EXAMEN ROULEAU UNITAIRE;3028022;15600
DRENOXOL 30MG/10ML SP F/200ML;8060036;3100
DRENOXOL 3MG/ML AB 10ML B/20;8060007;3995
DREZ POMM T/10G;8492304;1720
DREZ SOL F/100ML;38045110;2070
DREZ SOL F/30ML;35317110;1250
DREZ V GEL T/30G;3531614;5500
DRILL PASTILLE B/24;3132570;2500
DRILL RHUM 500/4MG CPR B/16;2243942;2340
DRILL SS SUCRE PASTILLE B/24;3337817;2500
DRIN COMP B/20;2023962;885
DROX 250MG /5ML PDR BUV 100ML;8002286;3845
DRULA SAVON TEINT 75GR;8233904;4270
DUALKOPT 20MG/ML+5MG F/10ML;38345;12775
DUARTEM 80/480MG CPR B/6;8415901;2535
DUBIX 500/250MG CPR B/10;86557750;4440
DUCRAY ANACAPS PROGRES GEL/30;6009203;15960
DUCRAY ANACAPS REACTIV GEL/30;6009205;15720
DUCRAY ANACAPS TRIACTIV B/30;8312093;12685
DUCRAY ANAPHAS SHP F/400ML;1707911;12110
DUCRAY ANAPHASE SH F/200ML;7844965;6245
DUCRAY ANAPHASE+ CHRONIC SH F/400ML;8779922;3000
DUCRAY ANAPHASE+AP SH FORTIF.200ML;8277623;11975
DUCRAY ANAPHASE+SH ANTICHUT 200ML;6006428;9375
DUCRAY CHRONOST.LOT A/CHUT 50ML/2;7750767;24870
DUCRAY CREASTIM LOT A.C.60ML;8380031;34780
DUCRAY DEXYANE BME EMOLL 400ML;8661528;18630
DUCRAY DEXYANE CR EMOL.400ML;8661534;16210
DUCRAY DEXYANE DUO BME 400ML PACK/1;8623918;19375
DUCRAY DEXYANE GEL NET.SURG.400ML;2854663;13500
DUCRAY DEXYANE HLE LAV 400ML;1707941;11620
DUCRAY DEXYANE MED CR REP.AP.100ML;6001472;11190
DUCRAY DUO ICTYANE LAIT CORP 400ML;8514141;16775
DUCRAY GEL CAPIL.RUBEFIANT 30ML;6443224;8730
DUCRAY HIDROSIS CREME T/50ML;1306014;5760
DUCRAY HIDROSIS ROLLON T/40ML;1306008;5300
DUCRAY ICTYANE CR EMOL 400ML;1481551;16875
DUCRAY ICTYANE CR LAV 200ML VIS/COR;4240712;5610
DUCRAY ICTYANE CR LAV PS-PTS 200ML;3282772;10120
DUCRAY ICTYANE CR LAV PS-PTS 400ML;7701088;12910
DUCRAY ICTYANE CR LEGERE HYDR/50ML;4642735;15380
DUCRAY ICTYANE CR MAIN 50ML;8619064;6180
DUCRAY ICTYANE CR PS T/200ML;7611557;10235
DUCRAY ICTYANE DUO LAIT CORP 400ML;8514141;18110
DUCRAY ICTYANE DUO SAV PAIN/100G;8613972;3250
DUCRAY ICTYANE ECLAT LAIT CORP F/400ML;8679787;19805
DUCRAY ICTYANE HD BME CORP 400ML;4472026;16360
DUCRAY ICTYANE HD CR EM F/50ML;7967484;11920
DUCRAY ICTYANE LAIT HYD CORP 400ML;8619087;15405
DUCRAY ICTYANE LAIT HYD CORPS 200ML;1452671;8115
DUCRAY ICTYANE PAIN SURG SS/100G;8621138;5235
DUCRAY ICTYANE PAIN SURG.200G;7538501;4660
DUCRAY ICTYANE PCK/1;8790349;25465
DUCRAY ICTYANE STICK LEVRES 3G;7565604;4505
DUCRAY ICTYNE STICK LEVRES SECH/4G;401318;4570
DUCRAY KELUAL DS CR AP SQUA. T/40ML;7073947;20885
DUCRAY KELUAL DS EMULS VIS 40ML;4715871;22270
DUCRAY KELUAL DS SH 100ML;7963730;20960
DUCRAY KELUAL DS SHAMP A/PEL 100ML;391961;16295
DUCRAY KELUAL EMULSION T/50ML;6470801;14015
DUCRAY KELUAL HD BME LEVR 15ML;8312124;4360
DUCRAY KERACNY CONTROL CR 30ML;8500110;9200
DUCRAY KERACNYL GEL MSS.200ML;5122699;10095
DUCRAY KERACNYL GEL MSS.400ML;8312118;13900
DUCRAY KERACNYL GEL STOP BOUT.10ML;8312130;7240
DUCRAY KERACNYL GLYCOLIC+ CR T/30ML;6255055;10320
DUCRAY KERACNYL LOT NETT 200ML;6264875;11195
DUCRAY KERACNYL MASQ PG 40ML;7632370;6435
DUCRAY KERACNYL MATIF.HYDR JR 30ML;8679103;10760
DUCRAY KERACNYL PACK/1;8558960;16500
DUCRAY KERACNYL PP CR T/30ML;8326244;10505
DUCRAY KERACNYL REPAIR CR VIS 50ML;5123434;19715
DUCRAY KERACNYL SER ANTI-IMP.30ML;8619093;13625
DUCRAY KERACNYL UV 50+ FLUID F/50ML;6287140;11020
DUCRAY KERTYOL PSO BAUM HYD CORPS 200ML;205640;21820
DUCRAY KERTYOL PSO CONC USAGE LOCAL100ML;4208602;18440
DUCRAY KERTYOL PSO SH NEW 2020 200M;7010800;21800
DUCRAY KERTYOL SH PSO TRAITANT 200ML(SOUFRE);9697072;10895
DUCRAY MELASC CONT YX 15ML;1728771;16530
DUCRAY MELASC.CR DEPIGM.T/30ML;4240729;23285
DUCRAY MELASC.CR ECL SPF15 F/40ML;2101372;18605
DUCRAY MELASC.ECL.CR LEGERE 40ML;9731811;15445
DUCRAY MELASC.SPF50+ CR RICHE 40ML;9731805;8405
DUCRAY MELASC.SPF50+CR LEGER.40ML;6320668;8575
DUCRAY MELASCREEN SER T/30ML;2121133;32785
DUCRAY MELASCREEN SERUM ECL ANTI-T F/40ML;8778992;22140
DUCRAY MELASCREEN SPF50+FLD ANTIT T/50ML;8754767;11775
DUCRAY NEOPTID LOT 3X30ML CHUT CHEV;6037151;33560
DUCRAY NEOPTIDE EXP 2X50ML;1709521;49215
DUCRAY NEOPTIDE LOT CAPIL SPR/100ML;6452447;32185
DUCRAY PACK ACNE;1997071;20600
DUCRAY PACK DUO ICTYANE LT 500ML;1674351;35770
DUCRAY PACK GEL CAPILL.RUBEFIANT;8560862;7610
DUCRAY PACK ICTYANE ECLAT DUO;8310355;29500
DUCRAY PACK KERACNYL GEL MSS/LOT;8611795;12780
DUCRAY PACK MELASCREEN ECLAT;8310361;26000
DUCRAY PACK SOIN CAP;1825981;19200
DUCRAY SH EXT DOUX 200ML;9012358;6840
DUCRAY SH EXTR DX FREQ.400ML;8320922;7340
DUCRAY SQUANORM SH PEL SEC 200ML;8319439;7170
DUFENAC 75MG GEL GASTRO-RESIST B/10;9002503;2480
DULCAMARA 15CH DOSE;1276201;965
DULCIPHAK CY FL/10ML;3117866;4780
DULCOLAX 10MG  SUPPO B/6;3396636;12675
DULCOLAX 5MG CPR B/30;3906942;11540
DUO ARTISIN 40MG/320MG B/9;8475317;2615
DUO COTECXIN 40/320MG CPR B/9;8075397;3805
DUO MINTEZOL SUSP FL/15ML B/2;2011367;3480
DUODERM CPRESS HYD.12,5X12,5;9820118;40690
DUODERM CPRESS HYDR 10X10CM;6327067;25360
DUODERM CPRESS HYDR 15X15CM;6326955;55800
DUOFILM SOL US LOCAL FL/15ML;3246374;17110
DUOPAL 40MG/240MG CPR B/12;8440371;2095
DUOPAL 80MG/480MG B/6;8440388;1885
DUOPIL CPR B/21 (ETHIN.EOST+CYPROTE;8091781;4990
DUOPLAVIN 75MG CPR PEL B/30(CLOPIDO;3820637;11910
DUOQUIN 40/320MG CPR PEL B/9;8082486;2510
DUOSKIN 1%/0,1% CR T/15GR;8053088;3115
DUOTAB 40/320MG CPR B/9;8700180;2755
DUOTEM 40/320MG CPR B/9;8431805;3710
DUOTRAV CY 40UI/ML F/2,5ML;8028067;20460
DUPHALAC SACH SUSP BUV 15ML B/20;2769319;2920
DUPHALAC SOL BUV FL/200ML;3523514;1820
DUPHASTON 10MG CPR PELL B/10;3219294;3170
DUPHASTON 10MG CPR PELL B/20;3219302;6310
DURANCE-COFFRET LS ETERNEL-COTON-EDT10ML-SV125G+CR MAINS 30ML;1004880;22510
DURANCE-COFFRETS LS ETERNELLES-MONOI-EDT100ML+SAVON 125G+CR 30ML;6010034;22510
DURAPORE 5MX25MM;7078301;3720
DUREX GEL MASSAGE DCEUR F/200ML;9702092;5790
DUREX GEL ORGASM'INTENS.10ML;4035426;11060
DUREX PERFECT GLISS B/10;9480027;6020
DUREX PLAY GEL PLAISIR HOT 50ML;4035449;15870
DUREX PLEASURE ME B/12;4834315;7140
DUROGESIC 50MCG P/5 DISP TRANSD;3423847;23070
DUROLANE SERING 3ML B/1;6020181;170750
DUSPATALIN 200MG GEL B/30;3494273;4135
DUTASTERIDE 0,5MG CAPS B/30 BRG;3006551;10455
DYARIAM 40/320MG CPR B/10;8418584;3610
DYARIAM 90/720MG PDR BUV 60ML;8423786;3720
DYLAGEL CR ANTALGIQ T/40G;1478441;2205
DYLDES 0,5MG/ML SP F/60ML;8438351;3720
DYLDES 5MG CPR B/15 (DESLORATADINE);8080441;3750
DYLDES 5MG CPR B/7 (DESLORATADINE);8080458;2510
DYMISTA 137MCG SUSP NAS D120;2756311;11520
DYNALGIC COMP BT/20;3154347;1445
DYNAMISAN 3G/10ML B/20 AMP 10ML;3350203;17230
DYNAMOGEN AMP BUV B/20;2025895;4395
DYNAPAR 1% GEL T/30G;8098694;1175
DYNAPAR 50/500MG CPR B/20;8425489;1790
DYNAPAR AQ 75MG/ML INJ AMP B/5;8098659;2690
DYNAPAR QPS 4% SPR EXT 15ML;8433661;3100
DYNAPAR QPS 4% SPR EXT 30ML;8078119;5910
DYNAPAR SR 100MG CPR 10BL10;8098582;11020
DYNAPAR SR 100MG CPR B/30;8444570;3305
DYNAPAR TAB 50/500MG CPR 10BL10;8098702;8430
DYSENTYL 200MG GEL B/30;8069540;2700
DYSMECALM CP B/15;1454671;5230
DYSPNEE-2 10MG/5MG CPR B/10;8495478;2755
DYSPNEE-2 4MG/2,5MG SP F/60ML;8495484;3445
DYSPORT 500UI AMP INJ B/1;5581059;283060
E.A GREEN TEA PISTACHO CRUNCH EDT SPRAY;137298;15940
E.A SUN JAVA ROSE OUD EDP F/75ML;8628287;19010
E.A UNTOLD ABSOLU EDP F/100ML;134777;30930
E.A. 5TH AVENUE EDP SPRAY 30ML LILIAL FREE;130240;22285
E.A. 5TH AVENUE EDP SPRAY 75ML LILIAL FREE;130144;28730
E.A. 5TH AVENUE NYC PULSE EDP SPRAYS F/75ML;133867;27150
E.A. ALWAYS RED F EDT F/100ML;134775;31580
E.A. CERAMIDE VIT C RADIANCE RENEWAL;119546;34100
E.A. GREEN TEA SCENT SPRAY F/50ML;127775;17740
E.A. WHITE TEA EDP SPRAY 100ML;130829;37255
E.A. WHITE TEA EDT SPRAY 50ML;106573;26530
E.A.5TH AVENUE EDP SPRAY 125ML LILIAL FREE;130142;38205
E.A.5TH AVENUE NYC SPRAY 125ML SS LY;122786;23355
E.A.5TH AVENUE NYC VIBE EDP SPRAY 75ML;124854;27155
E.A.CERAMIDE ADV DAILY YOUTH REST;104589;78285
E.A.CERAMIDE ADV DAILY YOUTH REST 30 CAPS;104591;34100
E.A.CERAMIDE ADVANCED LIFT&FIRM NIGHT CR;127780;68810
E.A.CERAMIDE ADVANCED LIGHT DAILY YOUTH ;131304;34100
E.A.CERAMIDE HA HYD PLUMPING SERUM 30 CAPS;119563;34100
E.A.CERAMIDE HYD PLUMPING SERUM 90 CAPS;126100;78285
E.A.CERAMIDE PURIFY TONER F/200ML NEW  2023;131611;30305
E.A.CERAMIDE RETINOL CR CONTOUR DS YX;126296;48605
E.A.CERAMIDE RETINOL SERUM 90CAPS;119122;78285
E.A.CERAMIDE RETINOL+HPR CERAMIDE WATER;133041;66930
E.A.CERAMIDE VIT C RADIANCE RENEW 90 CAPS;126098;78285
E.A.EIGHT HOUR CR BAUME AP REPAR;5425234;24000
E.A.EIGHT HOUR CR S HYD INT ;130881;16725
E.A.EIGHT HOUR LOTION HYD CORPS 380;134567;16425
E.A.EIGHT OUR CR SOIN DE NT HYD;130878;29680
E.A.GREEN TEA  SCENT SPRAY F/30ML;127776;13130
E.A.GREEN TEA COCONUT BREEZE EDT SPRAY;135766;16425
E.A.GREEN TEA COCONUT BREEZE HONEY DR 500ML;135768;27780
E.A.GREEN TEA DEO SPRAY 150ML;127327;11675
E.A.GREEN TEA EAU PARF 100ML+CR 100ML;134527;23675
E.A.GREEN TEA SCENT SPRAY 100ML;127397;23675
E.A.RED DOOR EDT SPRAY F/100ML;130169;49050
E.A.SET 5TH AVENUE EDP SPRAY 125ML+LT;135899;41780
E.A.SET WHITE TEA ORIGINAL EDT 100ML+PURE;133760;40875
E.A.SPLENDOR EDP SPRAY F/125ML;122837;22100
E.A.SUNFLOWERS EDT SPRAY 100ML;127421;17675
E.A.SUNFLOWERS EDT SPRAY F/30ML;127423;11050
E.A.SUNFLOWERS EDT SPRAY F/50ML;127422;13900
E.A.VISIBLE BRIGHTENING CICAGLOW CONCENTR;124477;46730
E.A.VISIBLE DIFF CR COMPLEX HYD;124537;25635
E.A.VISIBLE DIFF LT HYD CORPS;130891;19575
E.A.WHITE TEA  EAU FLORALE EDT SPRAY 100ML;135775;35475
E.A.WHITE TEA EAU FRAICHE EDT SPRAY 50ML;133516;26530
E.A.WHITE TEA EDT 100ML+CR CORPS;135888;49940
E.A.WHITE TEA EDT SPRAY 100ML;106574;35475
E.A.WHITE TEA EDT SPRAY F/30ML;106572;19255
E.A.WHITE TEA FRAICHE EDT SPRAY 100ML;133491;35480
E.A.WHITE TEA FRAICHE EDT SPRAY F/30ML;133518;19255
E.A.WHITE TEA GINGER LILY EDT F/30ML;123076;35475
E.A.WHITE TEA GINGER LILY EDT SPRAY 100ML;123074;35480
E.A.WHITE TEA MANDARIN BLO EDT F/30ML;123067;19255
E.A.WHITE TEA MANDARIN BLOS EDT F/100ML;123065;35475
E.A.WHITE TEA MANDARIN BLOS EDT F/50ML;123066;26525
E.A.WHITE TEA SET EDP SPRAY 100ML+CR 100ML;133762;41475
E.A.WHITE TEA SKIN SOLUTIONS GEL ECLAT CONT;134254;28405
E.A.WHITE TEA WILD ROSE EDT SPRAY 100ML;117984;35480
E.A.WHITE TEA WILD ROSE EDT SPRAY 30ML;118538;19255
EASETEC 10MG CPR B/30;8068003;6890
EASETEC 5MG CPR B/30;8425615;5370
EAU BLANCHE FLACON DE 1 LITRE;1809;3750
EAU DE CHAUX 1LITRE;6662564;33890
EAU DE CHAUX FLACON 125CC;1850;5230
EAU DE FLEUR ORANGER FL. 125CC;2068;1505
EAU DE ROSE 1L CPF;6289556;6570
EAU DE VIE ALLEMANDE FL. 30CC;2387;1485
EAU DE VIE CAMPHREE DE 1 L;2507;4760
EAU DISTIL.ROSE NAT.1L CPF;1612604;26680
EAU DISTILLEE BIDON 10L;2271157;7460
EAU GELIFIEE AROM PECHE;7655402;745
EAU MINERALE 330ML;9048014;100
EAU OXYGENEE 10 VOL CPF 125ML;3559794;1240
EAU OXYGENEE 10V GIL PULV 120ML;3316732;2120
EAU OXYGENEE 10V GILB ET/120ML;3316005;1435
EAU OXYGENEE 10V GILB FL/250ML;3316011;2175
EAU OXYGENEE 20V GILB FL/125ML;6552999;2405
EAU OXYGENEE 20V GILB FL/250ML;2271281;3625
EAU OXYGENEE 30V GILB FL/125ML;6553013;2525
EAU OXYGENEE DP 10V 125ML;2026860;1155
EAU OXYGENEE GIFR 10V F/125ML;3407707;2540
EAU PPI 10ML AMP PLAS B/100;8055408;13230
EAU PPI AMP PLAS 10ML B/100 UNITE;90228210;150
EAU PPI AMP VER 10ML UNITE;9026426;210
EAU PRECIEUSE LOT.F/375ML;7688519;17890
EAU PRECIEUSE PUR GEL NETT T/150ML;4331923;8080
EBASTA 10MG CPR B/10 ORODISP.;8438285;2275
EBASTEL 10MG CPR SEC B/20;8742557;4075
EBASTEL 1MG/1ML SOL F/120ML;1739901;5770
EBASTEL 20MG CPR SEC B/30;8742586;5565
EBASTINE 10MG CPR OROD B/30 TEVA;92168991;4300
EBENE COF.DEFRISAGE SUPER;8250498;4190
EBENE KIT NOIR FEMME;2271298;3660
EBENE KIT NOIR HOMME;2274003;3660
EBIXA 10MG CPR ;3595531;53900
EBURMETHER 40MG/ML IM AMP B/6;8428051;2000
EBURMETHER 80MG/ML IM AMP B/6;8428068;3005
EBUXIME 200MG CPR DISP B/10;8428074;4620
EBUXIME 50MG/5ML PDR BUV 60ML;8428080;3210
ECAZIDE CPR B/30;3974895;7785
ECHARPE IMMO CLAS EP/BRAS T2;7916736;11305
ECHARPE IMMO CLAS EPAU BRAS T1;7916713;15710
ECHARPE IMMO CLAS EPAU BRAS T3;7916742;12140
ECHARPE IMMO CLAS EPAU BRAS T4;7916759;16310
ECHARPE IMMO EPAUL T1 MARINE VELPEA;4663594;23390
ECHARPE IMMO EPAUL T2 MARINE VELPEA;4663602;23755
ECHARPE IMMO EPAUL T3 MARINE VELPEA;4663619;23470
ECLADERMA CLAS. GEL MOUSSANT FL/250ML;5244392;2100
ECLADERMA CLAS.HLE GLYCER.125ML;8308921;3410
ECLADERMA CLAS.LAIT HYD CLAR.250ML;8308909;3410
ECLADERMA CLAS.LOT PUR.125ML;8308915;2450
ECLADERMA CLAS.SAV ATSEP.225GR;8319787;1120
ECLADERMA CLASS SAV SAV MENTHOLISS /170G;8597842;1500
ECLADERMA CLASS.AHA AC.FRUIT 125ML;8396061;3340
ECLAT LIGHT GEL DCHE ECL F/250ML;8351710;2725
ECLAT LIGHT HUIL ECLAIR.60ML;8351696;2725
ECLAT LIGHT LAIT ECLAIR F/250ML;8351673;2815
ECLAT LIGHT SAV ANTI SEPT PAIN 250G;8393298;3000
ECLAT LIGHT V ECLAIR CR POT/50G;8393306;4000
ECONAZOLE EG 1% CREME T/30G;3513409;2220
ECONIF 250MG GEL B/10;8034056;705
ECOPHANE ONG/CHEV CPR/60 CPL ALIM;7849052;20080
ECOPHOS CPR B/30;8812884;1680
ECOREX 1% CR DERM.T/30GR;2027581;2795
ECOREX 1% SOL SPRAY FL/30ML;2027598;3500
ECOREX 150MG OVULE B/3;2027612;3485
ECOREX LAIT DERM F/30ML;2027606;2795
ECOUVILLON STERIL COTON UNITE;9012648;615
ECOVAR 150MG OV B/3 (ECONAZOLE);8427235;2340
ECOX 90MG CPR B/30;8417076;7575
ECOZOLE 150MG OVULE B/3;8062302;2755
ECRINAL ANP2+ AMP 5ML B/8;8156500;43665
ECRINAL ANP2+ LOT FORTIF.200ML;8156641;13005
ECRINAL ANP2+SHP FORTIF 200ML;8156693;11150
ECRINAL CHVX ANP2+ BME AP/SH 150ML;8156581;9985
ECRINAL CR SOIN CROIS ONGLE 10ML;7215904;12485
ECRINAL DURCISSEUR VITAM 10ML;7664111;8310
EDEX 10MCG/1ML PDR+SOLV.2 CART;3431580;21550
EDEX 20MCG/1ML PDR+SOLV 2CARTOUCH;3431858;24705
EDOLFENE 0,3MG/ML CY F/5ML;8005971;3515
EDUCTYL 2G ENF SUPPO B/12;3034867;2135
EDUCTYL AD SUPPO EFF B/12;3034844;2135
EFDOL CAFEINE 500/50MG CPR B/20;8013261;1075
EFFACREME SOIN REEQ/HYDRAT T/40ML;7083153;7965
EFFADOL SOL BUV FL/100ML;2287595;1300
EFFEDERM CR 0,05% T/30G;3176277;2645
EFFEDERM LOTION FL/50ML;3227069;5330
EFFERALGAN 150MG J E SUPO B/10;3390579;1255
EFFERALGAN 150MG J.ENF SACH/12;3390562;1170
EFFERALGAN 1G CPR EFF T/8;3529178;1460
EFFERALGAN 1G FRUITS ROUGES CPR EFFEV T/8;8475197;1325
EFFERALGAN 1G SACH/8 CAPUCHINO;3000617;5050
EFFERALGAN 1GR CPR PELL B/8;3648546;1390
EFFERALGAN 250MG SACHET B/12;3400390;1350
EFFERALGAN 3% BB SOL BUV 90ML;3205435;1310
EFFERALGAN 300MG G E SUP B/10;3390585;1390
EFFERALGAN 500MG CPR B/16;3256757;1390
EFFERALGAN 500MG CPR EF B/16;3257001;1570
EFFERALGAN 500MG GEL B/16 ANF;8069505;1310
EFFERALGAN 600MG AD SUPPO B/10 ANF;8069534;1420
EFFERALGAN 80MG BB SUP B/10;3390556;1170
EFFERALGAN 80MG SACH B/12;2277935;1090
EFFERALGAN CODEIN CPR EF/16;3283949;2415
EFFERALGAN CODEINE CPR B/16;8415396;2195
EFFERALGAN PED 3% SOL BUV F/90+PIPETTE;8496845;1580
EFFERALGAN PLUS 500MG/65MG CPR PEL B/10;8487390;1295
EFFERALGAN VITC 500/200MG CP EF/16;3637324;1500
EFFERALGAN VITC CP EFF B/8X2(DECAPI;3268424;1370
EFFERCAL 250MG/200UI CPR EFFV B/20;8022426;3030
EFFERRONA C 1000MG CP EFF B/12;8061343;1210
EFFEXOR LP 37,5MG GELULE B/30;3465633;5980
EFFEXOR LP 75MG GEL BT/30;3465567;11090
EFFICANIS GRANULES B/300 GR;6003459;4565
EFFICORT CR HYDROPHILE T/30G;3423735;6120
EFFICORT LIPOPHILE CR T/30G;3306900;4140
EFFLUVIUM ANT CHUTE + VITALITE GEL B/168;34373060;40860
EFFORTIL 5MG CPR B/30;3035016;2840
EFFORTIL GTTE BUV FL/30ML;3035022;3735
EFICEF 100MG/5ML PDRE SUSP BUV F/60ML;8483498;3800
EFICEF 200MG CPR DIS B/10;8483506;3800
EFIENT 10MG CPR B/30 (PRASUGREL);3987969;44790
EFIRUB SACH B/8 (COUPS DE FROID);8179671;5820
EFLAVYL 200UI GEL B/50;8279912;4065
EFLOZIN 10MG CPR B/30;8436263;12030
EFLOZIN 25MG CPR B/30;8436286;21025
EFUDIX 5% CR T/20GR;3218432;30505
EKTOGAN PDRE FL PDREUR /19G;3035080;1900
EKTOGAN POM T/35G;3035097;1960
EL PODOX 200MG CPR B/10;2477151;5510
EL-COXIB 90MG CPR B/7;8481766;4820
EL-DOXY 200MG CPR B/8;8481772;2615
EL-FLOXA 500MG GEL B/20;8481720;3790
EL-FUDIC 2% CR T/15G;8481737;2410
EL-MAGDOX 470MG/5MG CPR B/50;8481660;2890
EL-METMOX 750MG/500MG CPR B/40;8481677;7025
ELANCYL CEL.SLIM VENTR PLAT 150ML;4136469;14590
ELANCYL CELLUL.SLIM CR.200ML;9940093;15410
ELANCYL CONTROL MINCEUR FL/200ML;7111346;22770
ELANCYL CR CORP.PREV.VERGET.150ML;8364871;11530
ELANCYL CR FERM.CORP.200ML;7085761;24070
ELASCOGIB 2,5M X10CM;9012602;7455
ELAVIL 25MG COMP B/60;3035163;4130
ELCLAVE 500/625MG CPR B/14;9991446;5275
ELDOPER 2MG GEL B/20;80060910;2750
ELECTRODE CARDIAQ AD PF-100-B UNITE;900181;550
ELECTRODE CARDIAQ.ENF W40 P/25 UNIT;3052440;550
ELGYDIUM CHEWING GUM X10NSFP;6017971;5100
ELGYDIUM CLINIC SENSIL.GEL 30ML;6023769;6000
ELGYDIUM DENT 150G PACK DUO;3001715;7390
ELGYDIUM DENT A/PLAQ 100ML;8564274;4505
ELGYDIUM DENT A/PLAQ 2X75ML;1426491;4500
ELGYDIUM DENT A/PLAQ 75ML;8564268;4125
ELGYDIUM DENT BLANC.T/75ML;7919255;5010
ELGYDIUM DENT GENCIV.IRRIT.75ML;3722642;6485
ELGYDIUM DENT MULTI-ACT.75ML;8648309;6525
ELGYDIUM DENT REVEL.PLAQ 50ML;8648290;4445
ELGYDIUM DENTIF.T/150G (FA);3223172;4000
ELGYDIUM GEL DENT SENS T/75ML;7914039;4720
ELGYDIUM JUN 7-12ANS BUB.DENT 50ML;4839366;3425
ELGYDIUM KIDS 2/6ANS MENTH 50ML;4835581;2765
ELGYDIUM KIDS 3/6ANS FR GIVREE 50ML;8171936;3495
ELGYDIUM KIDS GRENAD 3/6ANS 50ML GRENADINE;6168372;3830
ELGYDIUM PACK FRAICHEUR;1144981;11000
ELGYDIUM PROTECT CARIE 75ML;7969684;4180
ELICA 0,1% CR T/30G;8078680;3940
ELICA 0,1% PDE T/30G;8078651;4165
ELICA M CREME T/30G;8078668;5235
ELICASAL PDE T/30G;8078639;4465
ELIGARD 45MG SOL INJ  6MOIS;3826338;747475
ELIQUIS 2,5MG CPR B60;4194567;90100
ELIQUIS 2,5MG CPR PELL B/10;4194544;16330
ELIQUIS 5MG CPR B/60;9267841;57000
ELISOR 20MG CPR SEC B/28;3322129;9170
ELISOR 40MG CPR B/28;3511416;12360
ELIXIR DU SUED.GRAN.B/200G;6084914;11250
ELIXIR DU SUEDOIS BIO AMP B/10;4831608;10350
ELIXIR PAREGORIQUE  DE 30 CC;2513;1080
ELIXIR PAREGORIQUE CPF FL/1L;6662618;37190
ELIXIR PAREGORIQUE DE 125 CC;2542;3210
ELIXIR PAREGORIQUE DE 250 CC;2559;5760
ELIXIR PAREGORIQUE F/500ML VALD;8261183;7355
ELIZABETH A.A BEAUTY EDPV 100ML;578534;19580
ELIZABETH A.GREEN TEA EDTV 100ML+LO;80554510;25000
ELIZABETH A.SUNFLOW.EDTV100+LAI100;1110009;25000
ELIZABETH A.WHIT.T.VANIL O.EDTV100;522284;33135
ELIZABETH A.WHIT.T.W EDTV 100ML + CR CRP;522842;34000
ELIZABETH A.WHITE TEA SET XMAS 23EDTV 100ML;555733;35030
ELIZABETH ARDEN-GREEN TEA- EAU  PARF VAPO 100ML+CR NECTAR AU MIEL F/100ML;261170;18545
ELLA PROTH MAM FORME OVALE T/90;7208867;58635
ELLAONE 30MG CP B/1 (ULIPRISTAL);3945037;5510
ELLYA INTIMA HYG INTIM 100ML;8598014;3545
ELMEX BAT INTERDENT POC 3X38;8051824;6210
ELMEX BDB ANTI-CARIES 400ML;5116054;7110
ELMEX BDB JR 6-12ANS 400ML;4087274;11270
ELMEX BDB SENS ORIGINAL F/400ML;258;11920
ELMEX DENT ANTI-CARIES 100ML;6625267;7225
ELMEX DENT ENF 0-2ANS 500PPM 50ML;5138344;4710
ELMEX DENT JR 6-12ANS F/75ML;1736481;3650
ELMEX DENT JR PRO 75MLX2;1522992;11230
ELMEX DENT JUNIOR 2X75ML;8714785;9720
ELMEX DENT SENSITIVE F/75ML;1690271;3460
ELMEX DENT SS MENTHOL 75ML;7226670;3260
ELMEX DENT.A.CARIE F/75ML;1690261;3450
ELMEX DENT.CARIE T/2X125ML;51031610;6110
ELMEX DENT.ENF 2-6ANS T/2X50ML;6370376;11410
ELMEX DENT.PROT.CARIES 2X75ML;6550730;15255
ELMEX DENT.PROT.EROSION 75ML;9939121;11480
ELMEX DENTIF JUNIOR T/75ML;4313173;3120
ELMEX DENTIF.ENF T/50ML 3/6ANS;4320575;5905
ELMEX KIT DENT ENF BAD+DENT+SABLE;6255408;8810
ELMEX SENSITIV. BAIN BCHE 400ML;7628859;8200
ELMEX SENSITIV.DENT.T/100ML VERT;7212194;8310
ELMEX SENSITIV.DENT.T/2X75ML;5127318;9835
ELMEX SENSITIV.DENT.T/50ML;4067840;3765
ELMEX SOL DENT EROSION FL/400ML;9723533;8320
ELOXATINE 5MG/ML SOL PERF F/10ML;5659838;216150
ELOXEN 500MG CPR B/30;1352781;5430
ELTEANS CAPS B/60;6360701;19430
ELUDAY CARE BAIN BCHE F/500ML;8704456;5145
ELUDAY PROTECT BAIN BCHE F/500ML;8704433;5835
ELUDRIL COLLUT PRESS FL/55ML;3115749;1625
ELUDRIL PRO BDB F/200ML;3482382;3470
ELUDRIL PRO BDB F/500ML;3512143;6750
EMAIL DIAM BLANCH ABSOLUE T/75ML;8179524;3660
EMAIL DIAM CURE BLANCH INTENS502534;8176566;5465
EMAIL DIAM DBL BLANCH 75ML;4206;3685
EMAIL DIAM MAGIC CHARBON F/75ML;6602527;3710
EMAIL DIAM WHIT BOOST 75ML;1228871;3765
EMAIL DIAM WHIT+FRESH 75ML;8105112;2975
EMAIL DIAM.A-TACHES T/50ML;6452967;3505
EMAIL DIAM.CODE WHITE 75ML;2299670;2225
EMAIL DIAM.PATE ROUGE 75ML;6465912;3500
EMAIL DIAM.REPLEN T/75ML R500326;2251982;5375
EMAIL DIAM.TRADI BLANC 75ML;1228863;3050
EMBOUT CAC CAN/BEQ GRIS CONF;4402310;2190
EMBOUT DE CANNE NO4;9032119;1690
EMBOUT DE CANNE NØ2;9012625;710
EMBOUT PR CANNE BEQ GRI/BLEU PETIT;7472506;1655
EMBOUT PR CANNE FIXOSOL BEIGE UNITE;9011844;11505
EMCOF SP F/100ML;8471213;3235
EMLA 5% CR T/5GR+2PANS.ADH.;3329232;4505
EMLAPATCH PANS ADH CUTANE B/1;3400071;3860
EMOFORM DENT / 125 GR;3222988;4215
EMPAG 10MG CPR B/28;8474536;15155
EMPAG 25MG CPR B/28;8474542;20940
EMPAGLI 10MG CPR B/30;1239864;10330
EMPAGLI 25MG CPR B/30;1901461;13090
EMPLATRE AMERICAIN GM;3041175;975
EMPLATRE ST BERNARD GM;7037035;7950
EMULSIFIANT CIRE EMULSIFIANTE N°3;9027851;8350
ENA DENK 10MG CPR B/30;8087986;5400
ENA DENK 20MG CPR B/30;2255483;9160
ENA+HCT DENK 20MG/12.5MG CPR B/30;8071465;9260
ENALAPRIL 20MG CPR B/28 BGR;3549962;3335
ENALAPRIL 20MG CPR SEC B/30 SANDOZ;3731448;4450
ENALAPRIL/LERCA 20MG/10MG CPR B/30 MYLAN;130506;7085
ENANTONE LP 11,25MG SER INJ;3012212;237450
ENANTONE LP NEC 3,75MG 2ML B/1;3757525;125650
ENCIFER 5ML SOL INJ AMP B/5;8105023;14950
ENDOMELIA GEL B/60;8729752;31030
ENDOPANC 40 ZN PROT T/10ML B/1;3035660;5495
ENDOPROST 125MCG/0,5ML INJ IM/1;8444914;2715
ENDOPROST 250MCG/1ML INJ/1;1345111;4670
ENDOTELON 150MG CP B/60;3636709;16940
ENDOXAN 1000MG INJ B/5 UNITE;5579312;55765
ENDOXAN 100MG INJ B/50 1AMP UNITE;90126910;1100
ENDOXAN 1G PDRE INJ F/1;5583704;54915
ENDOXAN 500 MG INJ;3211973;45450
ENDOXAN 500MG INJ+SOLV;3158204;20130
ENDOXAN 50MG CPR B/50;3035890;14400
ENEAS 10/20MG CPR B/30;8053645;7605
ENEOMEY;3970006;56230
ENEOMEY ;7418352;61750
ENEOMEY DAYLIGHT C20 EMULS 30ML;7407710;62430
ENEOMEY PERF BODY 15 LAIT F/150ML;33381210;49990
ENEOMEY PERF BODY 30 LAIT 150ML;39800010;95265
ENEOMEY PUR CLEAN NETT 150ML;3950009;49510
ENEOMEY PURIF GEL SEBO FL/50ML;9052139;35640
ENEOMEY SOFT CLEAN DOUX FL/150ML;3940005;38745
ENEOMEY STIM RENEW 30 CR 50ML;7418381;71785
ENEOMEY STIM RENEW 8 P/50ML;60263910;75440
ENEOMEY STIM RENEW15 CR NUIT;3960002;58080
ENERGIDEX SOL INJ FL/500 ML;6847588;3765
ENHANCIN 1,2G INJ B/1;2264499;2660
ENHANCIN 1G CPR B/12;2285426;6325
ENHANCIN 562,5MG CPR B/16;8091203;4810
ENO SEL DE FRUIT FL/228G;3036010;2815
ENO SEL DE FRUIT SACH 5G B/24;3036056;2395
ENOXA 4000 SOL INJ SER B/2;8056230;7565
ENOXAPARINE 4000UI/0.4ML SOL IJNARW;9039653;23500
ENRIET 10% F/1L;9019432;14450
ENRO 20% F/500ML;90322510;13775
ENROFLOX 10 FL/100ML;7392167;2485
ENROPLUS 1L;9013381;28330
ENROSOL 10% F/1L;9014920;9165
ENROUEX SP F/125ML;8361312;2740
ENTAMIZOLE 250/200MG CPR B/30;8081512;3280
ENTAMIZOLE 250/320MG SP 100ML;8081541;2950
ENTAMIZOLE DS 500/400MG CP/15;8081481;3280
ENTERAL 200MG GELULES B/12;2033015;1685
ENTEROBIOCINE COMP B/20;6857753;2175
ENTEROGERMINA 2MLRD/5ML B/10;8093219;3495
ENTEROMYL T.A.300MG 50 SACH/4CPR;2024393;250
ENTRESTO 24MG/26MG CPR B/28;3003790;62415
ENTRESTO 49MG/51MG CPR PEL B/56;3003795;104705
ENTRESTO 97MG/103MG CPR PELL B/56;37928;104170
ENZAPROST T 50ML FRA;8367119;27680
ENZAR CPR B/20;8398539;6000
EOSINE 2% ACQ FL /250ML;9024634;4965
EOSINE AQ 2% AMP 2ML B/10 CPF;3396837;2000
EOSINE AQ 2% AMP 2ML B/10 GILB;3376585;2040
EOSINE AQ 2% F/50ML CPF;6010824;2425
EOSINE POUDRE F/250G;7423554;102160
EOSINE SPRAY FL/15ML;4747262;1540
EPHEDRINE 30MG/ML 1ML INJ B/10 AGT;5639020;13910
EPHEDRINE 30MG/ML B/10 AMP ARROW;5805808;8340
EPHEDRINE 30MG/ML INJ B/100 UNITE;14841;660
EPIBRYL B/10 SACHETS 10 GR;6023901;5840
EPICRAN 5/10 25G ORANGE LABELL;8214806;130
EPICRAN 6/10 23G BLEU LABELL;8214812;130
EPICRAN 7/10 22G ANGIPL.NOIR S/1;8325925;110
EPICRAN 7/10 22G NOIR LABELL;8214829;130
EPICRAN 8/10 21G VERT LABELL;8214835;130
EPICREME CR DEPILAT 100ML;670607;4490
EPICREME CR POST EPILAT 100ML;670606;2800
EPIDUO 0,1%/2,5% GEL F/45G;2761128;44670
EPIDUO 0,3%/2,5% GEL F/30G;1601;34270
EPIDUO GEL FL POMPE 30GR;2761111;30815
EPIPHANE 7 SACHET B/10;3343025;12600
EPIPHANE FREQ SHAMP 200ML;7085867;4100
EPIRUBICINE 50MG/25ML ACCORD;5760247;28290
EPIRUBICINE 50MG/25ML F/25ML ARROW;5725185;39270
EPISIO CR T/20G;8830149;2000
EPISOFT A S.RESTRUCT.CORP 200ML;4831873;23010
EPITOMAX 100MG CPR B/28;3563442;14520
EPITOMAX 15MG GEL B/28;3197486;14015
EPITOMAX 25MG GEL B/28;3483068;7275
EPITOMAX 50MG CPR PEL B/28;3563413;6970
EPITOMAX 50MG GELULE B/28;3483074;8760
EPITOPIC 50MG CREME T/15G;3210293;1890
EPIVIR 150MG COMP B/60;3414529;116600
EPIVIR 300MG CPR PELL B/30;5848819;59405
EPLERENONE  25MG CPR B/30 MYLAN;12437;19830
EPLERENONE 25MG CPR B/30 ARROW;3000977;15200
EPLERENONE 25MG CPR B/30 TEVA;7969317;19860
EPLERENONE 25MG CPR B/90 ARROW;3000994;52920
EPLERENONE 25MG CPR B/90 TEVA;7969775;39305
EPLERENONE 25MG CPR PEL B/30 BGR;3003335;18630
EPLERENONE 25MG CPR PELL B/30 ZENT;388;15200
EPLERENONE 50MG CPR B/30 ARROW;3001017;19990
EPLERENONE 50MG CPR B/30 MYL;3001248;19830
EPLERENONE 50MG CPR PELL B/30 BGR;297;21105
EPLERENONE 50MG CPR PELL B/30 TEVA;7973109;19430
EPLERENONE 50MG EG CPR B/30;820;18665
EPREX 4000 UI B/6;5571109;70020
EPROUVETTE GRADUEE PL 50ML;9039251;19500
EPURAM CPR B/40;3036889;3355
EQUANIL 250MG COMP B/100;3036926;2085
EQUATION CR INCOL IND4 T/30ML;6563218;4275
EQUIPALAZONE SACH B/100 UNITE;6859947;2350
EQUISHAMP 1 LITRE;9003193;5820
EQVALAN DUO 1SERING;90173810;17510
EQVALAN PATE ORALE 1SERING;6969251;12290
ERAZOL 400MG/10ML SUSP BUV F/10ML;8494987;945
ERBITUX 5MG/ML SOL PERF F/20ML;5707508;114290
ERCEFURYL 200MG GEL B/28;3213251;3195
ERCEFURYL SUSP BUV FL/90ML;3144900;3375
ERECTAB STIMULANT SEXUEL CPR B/20;8545259;27200
ERECTOR 100MG CPR B/2;8024520;6915
ERECTOR 100MG CPR B/4;8006048;13805
ERECTOR 25MG CPR B/1;8024483;1680
ERECTOR 25MG CPR B/4;8005988;4985
ERECTOR 50MG CPR B/1;8094259;1960
ERECTOR 50MG CPR B/2;8024514;3885
ERECTOR 50MG CPR B/4;8006019;6640
EREKTA 50MG CPR B/4;4215772;2095
EREKTA RAPID 100MG CPR DISP B/12;8801188;3445
ERESTRID 5MG CPR B/10 (FINASTERIDE);8063945;4850
EREXIL SOL BUV F/10ML B/14;8236038;12490
ERGYDRAINE SOL BUV F/250ML;5136750;20490
ERGYPHILUS GST  GEL B/60 NUTERGIA;4000457;22555
ERLEADA 60MG CPR B/120;3095436;1575195
ERLUS 2,5MG/5ML SP F/60ML;8083971;3060
ERLUS 5MG CPR B/14;8083994;3060
ERLUS 5MG CPR B/7 (DESLORATADINE);8084019;2065
EROCAB 120MG CPR PELL B/7;8473519;3830
EROCAB 60MG CPR PELL B/10;8473525;3320
EROCAB 90MG CPR PELL B/10;8473531;3610
EROXON GEL 4 DOSES ERECTION;4055509;30190
ERVA 250MCG SUSP INH 120DOSES;8060869;5855
ERY 125MG GLE SACH B/24;3242560;3265
ERY 250MG GLE SACH B/24;3242554;3280
ERY 500MG COMP B/20;3223887;5155
ERY 500MG CPR B/10;3223870;3365
ERYACNE 4% SOLUTION FL/30ML;9012884;1635
ERYCYL 250MG SACH B/24(ERYTHROMIC);8017796;2715
ERYFLUID SOL EXT FL/100ML;3267100;4795
ERYLIK GEL T/30G;3424344;23335
ERYSEPT 4% GEL T/30GR;8431538;2925
ERYTH CREAT 500MG CPR B/100;2271312;15045
ERYTHROGEL 4% GEL 30G;3267092;2385
ERYTHROMYCINE BASE CPF SACH/25G;6662647;11855
ES-ULCIZONE 20MG CPR B/14;8416734;4025
ES-ULCIZONE 40MG CPR B/14;8416740;5125
ES-ULCIZONE PLUS 20MG/30MG GEL B/14;8444340;4410
ES-ULCIZONE PLUS 40MG/30MG GEL B/14;8444357;5510
ESAMVIT SP F/200ML;8099127;5840
ESBERIVEN CREME T/30G;3206529;1110
ESBERIVEN FORT CP B/30;3361951;8210
ESCABEAU(2 MARCHES);3267347;156000
ESCABOT 2 MARCHES INOX;9032467;84370
ESCADA 50ML;40040;45000
ESCADA CHERRY IN JAPAN EDT VAP F/30ML;8689478;24325
ESCADA DESIR ME EDP F/50ML;8397310;30810
ESCADA ESPECI.DELIC.NOTE EDT/50ML;8397267;35100
ESCADA ESPECI.DELIC.NOTE EDT/75ML;8397273;45620
ESCADA ESPECI.ELIXIR EDP F/50ML;8397296;29040
ESCADA ESPECI.ELIXIR EDP F/75ML;8397304;47100
ESCADA JOYFUL EDP F/50ML;8397244;36110
ESCADA JOYFUL EDP F/75ML;8397250;48150
ESCITALOPRAM 5MG CPR B/28 ZENTIVA;2773373;6000
ESCODYNE CPR EFF B/10;2297346;2095
ESFAR 200MG T.A.B/50 SACH/4CP;9010170;250
ESFAR 400MG T.A. 50SACH X 4 CP;9010187;415
ESIDREX 25MG CPR B/20;3037357;2390
ESIDREX 25MG CPR B/30;3719654;3220
ESMERON 50MG/5ML B/10 UNITE;6255830;5365
ESMERON 50MG/5ML INJ IV 5ML B/10;5715212;53655
ESMYA 5MG CPR B/28 (ULIPRISTAL ACET;2225789;52375
ESOCON 20MG GEL B/20 (ESOMEPRAZOL);9994628;6040
ESOFAG-D 40/30MG GEL B/30;8471526;8195
ESOFAG-KIT 1G/500/20MG CP/6 KIT/7;8471503;7880
ESOGEN 20MG GEL GAST RES B/14;8422692;6660
ESOGEN 40MG GEL GAST RES B/14;8422700;7440
ESOMECRO 40MG GEL B/30 (ESOMEPRAZOL;8084574;5205
ESOMED 40MG CPR B/30;8091798;8295
ESOMEPRAZOLE 40MG GEL B/28 BGR;4971887;7650
ESOMERAL 40MG CPR B/30;8428938;7025
ESOMEX 40MG CPR B/10;8490481;1075
ESOPHINE 20MG GEL B/14;8450122;4160
ESOPHINE 40MG GEL B/14;8450139;6255
ESOPRA 20MG CPR B/14(GAST.RESIST.;8417981;5900
ESOPRA 40MG CPR B/14(GASTRO.RESIST.;8417998;6585
ESOREZ 40MG GEL B/30;8474051;8265
ESOREZ-D 40MG/10MG GEL B/30;8474074;7135
ESOSON 20MG CPR B/30;8489555;5510
ESOSON 40MG CPR B/30;8489578;8265
ESOWEL 40MG CPR B/14;8439617;4620
ESOXX ONE SAC MONO 10ML B/20;9859333;25140
ESOZ 20MG CP B/10;4210036;4780
ESOZAP 40MG CPR B/30;8748637;3900
ESOZOL 40ML CPR B/10;1472951;2070
ESOZOLE 20MG CPR PELL B/30;8487680;3120
ESOZOLE 40MG CPR PELL B/30;8487697;5715
ESPROCID 40MG CPR B/10 (ESOMEPRAZOL;8427442;2480
ESSENCE BERGAMOTE F/250ML CPF;7471984;221690
ESSENCE CITRONELLE DE 30 CC;2588;1710
ESSENCE CITRONELLE DE 60 CC;2594;3120
ESSENCE CITRONNELLE 1L CPF;7472185;138185
ESSENCE CITRONNELLE FL/125ML;9000674;6050
ESSENCE EUCALYPTUS FL/1L;7425122;29235
ESSENCE N.AXO WH.LAIT HYD 400ML;9999382;12000
ESSENCE N.AXO WH.LT ECL.400ML COFFR;7011010;29845
ESSENCE N.CITR/PTIGRAIN EDPV 100ML;8319600;27000
ESSENCE N.CORIAND/CEDR EDP 50ML;8319675;15000
ESSENCE N.HUILE DORE 50ML;8334137;11000
ESSENCE N.PAMPL/BASIL.EDPV 50ML;8319698;15000
ESSENCE N.PR.OUDANGKOR EDPV 50ML;8319764;24000
ESSENCE N.PR.OUDKYARA EDPV 50ML;8319770;27000
ESSENCE N.VETIVER&PATCHOUF/ 50ML;8319735;15000
ESSENCE N.WHIT LEAF CR ECL 40ML;2474852;22345
ESSENCE ORANGE DOUCE FL/1L;8827704;32900
ESSENCE TEREBENTHINE NAT.900ML CPF;7425464;10500
ESSENTIAMAG PDRE SOL B SH B/20;8635011;6360
ESTA 20MG CPR B/14 (ESOMEPRAZOLE);8062992;5785
ESTIMA 100MG CAPS B/30;3521828;4590
ESTIMA 200MG CAPS B/15;3567138;4585
ESTIMA GE 100MG CAPS B/30;5218285;5220
ESTIMA GE 100MG CAPS B/90;3741501;15960
ESTIMA GE 200MG CAPS B/15;8454663;4740
ESTIMA GE 200MG CAPS B/45;3741487;16595
ESTREVA GEL FL-DOSEUR 50G;3391308;6230
ESTROFEM 1MG CPR B/28;3396317;11145
ESTROFEM CPR 2MG BTE 28;3254876;14100
ETE DE VENTILO EDT VAPO 100ML;6202006;21960
ETHER RECTIF.F/125ML CPF;8452983;4400
ETHER RECTIF.METAL 110ML;8293148;3970
ETHER RECTIF.METAL 200ML (FA);3517175;5835
ETHER RECTIF.METAL 400ML (FA);3517181;10720
ETHICLAV-S 1000/125MG PDR SUSP S B/12;1254768;6645
ETHIDIUM B/100 CP UNITE VETO;90255410;400
ETHILON 2/0 DEC 3/0 TRIA F2418;2285484;2400
ETHILON D0,2 (10/0) 3/8C CMP;9012565;24050
ETHILON DEC 2 3/0 F2419;2285478;2400
ETHINYL OESTRAD.50MCG CPR B/15;3517531;6750
ETHNODERM CRE MAIN HYD T/100ML;6475388;15180
ETIAXIL A TR PS SS AL SPR 150ML;1692471;5200
ETIAXIL A TRANS PS ROLLON 50ML;1692501;8550
ETIAXIL A.TRANS HOM ROLLON 50ML;1692531;7430
ETIAXIL A.TRANS PS STICK F/40ML;1692441;7690
ETIAXIL AER HOM 48H F/150ML;1391921;7410
ETIAXIL DEO BILLE PN F/15ML;6274483;10000
ETIAXIL DEO BILLE PS F/15ML;6649144;10000
ETIAXIL DEO DCHE CITRUS F/200ML;1692432;8560
ETIAXIL DEO SS ALC AERO 150ML;6124275;5510
ETIAXIL DEO VAPO F/100ML;1166311;5510
ETIAXIL PIED TRANSP.PS 100ML;6649173;11745
ETIKEN 16/12,5MG CPR SEC.B/30;8424567;14495
ETIKEN 8MG/12,5MG CPR B/30;1409071;17810
ETIMIB-DENK 10MG CPR B/30;1078477;11710
ETIOVEN CPR 10MG B/90;3301736;9085
ETIQUETTE A4 65X100MM;8443151;20000
ETOILE SAVON BIOMEDIC.200GR;8018407;1700
ETOPOSIDE 100MG/5ML B/10 MERCK;5602577;55570
ETOREX 120MG CPR PELL B/10;8436464;5485
ETOREX 90MG CPR PELL B/10;8436458;4990
ETORIB 120MG CPR PELL B/10;1258032;4340
ETORIB 90MG CPR PELL B/10;1258025;4285
ETOSTRI 120MG CPR B/30;2483375;5610
ETOSTRI 60MG CPR B/30;8786661;3995
ETOSTRI 90MG CPR B/30;2483377;4680
ETUMAX 450MG CAPS B/10;9016422;29190
EUCALYPTINE ENF SUPPO B/10;3254534;2280
EUCAMENTHOL  5X10;128990;3000
EUCARBON COMP B/30;8056365;3445
EUCERIN ATOPI CONT CR CAL INT 100ML;6223837;16580
EUCERIN ATOPIC BAUM CORP/400ML;4187217;32740
EUCERIN ATOPIC CONT. CR INTES 40ML;9960612;13425
EUCERIN ATOPIC CR VISAG F/50ML;8000784;25655
EUCERIN ATOPIC.CORP CR 400ML;8000778;20740
EUCERIN ATOPIC.EMOL COR 250ML;4137167;19320
EUCERIN ATOPIC.HUIL NETT.BAIN 400ML;4137138;15820
EUCERIN CR MAIN 5% UREE 75ML;3432;10500
EUCERIN DERMATO CLEAN LOT 200ML;9848766;13210
EUCERIN DERMO-DENS SOIN CONT 15ML;4805462;30070
EUCERIN DERMOPUR GEL NETT 400ML;9884650;20925
EUCERIN EMOL.CORP 10%UREE 250ML;9960629;25655
EUCERIN EMOL.CORP 5% UREE 400ML;9960635;18380
EUCERIN EMOL.HYD INT10% UREE 400ML;9960641;27000
EUCERIN GEL NET 5% UREE 200ML;7739961;10600
EUCERIN GEL NETT 5% UREE 400ML;8001625;15950
EUCERIN PH5 HLE DE DCHE F/1L;631191;33305
EUCERIN PH5 HUILE DCHE PS 400ML;4563421;26650
EUCERIN PH5 HUILE DOUCH PS 200ML;4543128;13990
EUCERIN SUN  SENS SPF50+ CR T/50ML;65545;18770
EUCREAS 50/1000MG CPR B/60;2734901;31275
EUFORIX B/48 GELULES;6871457;4315
EUPHON MENTHOL PAST B/70;3527133;3235
EUPHON PAST S SUCRE B/70;3232691;3335
EUPHON SP FL/300ML;3748331;3800
EUPHYTOSE COMP B/120 GM;3289716;15320
EUPHYTOSE FL/82ML;3038569;2350
EUPHYTOSE NUIT CPR B/30;8163109;15900
EUPRESSYL 30MG GEL B/30;3609316;7625
EUPRESSYL 60MG GEL B/30;3609322;10965
EURARTESIM 320/40MG CP PEL B/12;2175198;3720
EURARTESIM 320/40MG CP PEL B/9;8083675;3335
EURAX 10% CR T/40G;3290642;11620
EURAX CREME T/60G;3038629;2880
EURICAN CHPPI2 L F/1DOSE;1927;4715
EURICAN CHPPI2 LR F/1DOSE;7489381;4730
EUROBIOL 250MG CPR B/40 (NSFPL);3116252;2150
EUROBIOL PDR ORAL FL/5G B/2;3038658;2135
EURYTHMIC 200MG CP/30(AMIODARO;8007728;8710
EUTHYRAL CPR SEC B/50;3748377;4840
EUVANOL SPRAY NASAL 15ML;3181350;2560
EVA DCHE HYG INT F/147ML;8360784;3815
EVA MYCOSIS OVULE B/10;8648752;6360
EVA RESTORE OVULE VAG.B/10;8033878;5815
EVALONE HUIL CLARIFIANTE 125ML;2476397;4750
EVAMAX OVULES VAG B/6;8438316;4145
EVELIN  VIT C 3ACT PURIF FACE GEL T/150ML;1239444;6170
EVELIN BEAUTY&GLOW SMOOT BDY LOT 350ML;1239420;7990
EVELIN HYAL CLIN DAY/NIGHT CR 30+ F/50ML;1239451;11100
EVELIN HYALUR CLIN DAY/NIGHT CR 40+/50ML;1239468;11360
EVELIN LIFT BOOST COLL FIRMING 50+ F/50ML;1238980;9090
EVELIN LIFT BOOST COLL ULTR LIFT 60+ F/50ML;1238997;9285
EVELIN LIFT BOOST COOL SMOOTH 40+ F/50ML;1238973;8895
EVELIN SER SHOT 15% VIT C+CG ILLUMIN F/30ML;1239413;13025
EVELIN SER SHOT 2% HYALUR MOISTURIZ F/30ML;1239406;13025
EVELIN VIT C 3ACT MICELLAR WATER F/500ML;1239437;7780
EVELIN WHITE  PRESTI 4D DAILY GEL F/250ML;1239475;6840
EVIAN BRUMISATEUR ATO 400ML GM;6400485;5660
EVIAN MINI BRUMISATEUR FL/50ML;6482193;2015
EVIDAN 10MG CPR B/40(DOMPERID);8087199;2205
EVIT 200MG GEL B/50 (VIT E);8502310;3500
EVOFIX 400MG GEL B/5;8473672;6185
EVOLUDERM LOTION TONIQUE PUR F/250ML;682953;4500
EVRA DISP TRANSDERMIQUE SACH/9;3605152;45460
EVRA PATCH CONTRACEPTIF;3605146;12380
EVRSEE PLUS SOL MULTIF LENTILLE FL/360ML;1130123;9150
EWANY CONCELER R30 F/5,3ML;580004;4600
EWANY CONCELER R40 F/5,3ML;58000;4600
EWANY CONCELER R50 F/5,3ML;5800;4600
EWANY FDT N20 F/30ML;9021512;15600
EWANY FDT N30 F/30ML;9021825;15600
EWANY FDT N40 F/30ML;9022799;15600
EWANY FDT N45 F/30ML;90266410;15600
EWANY FDT N50 F/30ML;4024925;15600
EWANY FDT N60 F/30ML;9330963;15600
EWANY FDT N65 F/30ML;9008440;15600
EWANY FDT N75 F/30ML;9033254;15600
EWANY FDT N90 F/30ML;9033248;13175
EWANY PRIMER 24H F/30ML;580002;6800
EWANY PRIMER FIXATEUR F/100ML;580003;6050
EXACYL 1GR AMP BUV 10ML B/5;3115755;4405
EXACYL 500MG COMP B/20;3285552;4715
EXACYL 500MG IV AMP 5ML B/5;3115761;8635
EXAIR 10MG CP.CROQ.B/30(MONTELUKAST;8436122;10360
EXAIR 5MG CPR A CROQ.B/30;8436116;6920
EXAKT 1L;9007937;10595
EXAKT 5L;9013955;48690
EXCIPIAL DEOFORT CR TRANSP.50ML;9796207;6000
EXCIPIAL KIDS CR T/50ML;9950134;7160
EXCIPIAL KIDS LOT F/150ML;9950140;12595
EXCIPIAL KIDS MOUSS NETT 250ML;3414156;11235
EXCIPIAL PRURILOTION 200ML;9596075;9055
EXCLUSIV F&W.CR F/50ML;8328527;3925
EXCLUSIV F&W.CR VIT C F/50ML;8328533;3925
EXCLUSIV F&W.DEO F ROLL ON 50ML;8292657;2885
EXCLUSIV F&W.GEL CR 30GR;8295532;3665
EXCLUSIV F&W.LAIT CORP F/500ML;8295495;10800
EXCLUSIV F&W.SAV 200G;8295561;3625
EXCLUSIV F&W.SAV VIT C 200G;8295590;3615
EXCLUSIV F&W.SERUM 30ML;8295621;7370
EXELINE ELECTROLYTE PDRE ST B/10;8571972;4350
EXELINE FERTILADY PDR SACH/60;8571966;20580
EXELINE FERTIMEN ADV PDR S/30;8571989;16260
EXELON 1,5MG GELLE B/56;3474690;32430
EXELON 3MG GEL B/56;3474721;28850
EXELON 4,5 MG B/28 GEL;3474744;16670
EXELON 9,5MG/24HD/TRANSD 30;209189;52790
EXEMESTANE 25MG CPR B/30 MYLAN;9931859;37915
EXFORGE 10/160/12,5MG CPR B/30;3973306;23445
EXFORGE 10/160MG CP PEL B/30;3781819;20250
EXFORGE 10/160MG CP PEL/28;8083876;15870
EXFORGE 5/160MG CP PEL/28;8083853;15870
EXFORGE 5/160MG CP PEL/30;3781788;20290
EXFORGE 5/80MG CP PEL/28;8000175;15870
EXFORGE 5/80MG CP PEL/30;3781759;25170
EXFORGE 5MG/160MG/12,5MG CPR B/30;3973275;40695
EXFORGE HCT 10/160/12,5MG CP/28;8078243;21850
EXFORGE HCT 10/160/25MG CP/28;8078208;21850
EXFORGE HCT 5/160/12,5MG CP/28;8078214;21850
EXFORGE HCT 5/160/25MG CP/28;8078237;21850
EXHELM II 150MG PAR COMP;9013151;130
EXHELM II 750MG PAR COMP;9013168;385
EXHELM PDRE 1 SACHET 20G;9013174;725
EXIFOL GEL B/30;8010357;3790
EXIFOL SP F/200ML;8010305;4530
EXILAR 5MG CPR PELL B/30;8463194;4135
EXJADE 180MG CPR PEL B/30;3006174;341000
EXJADE 360MG CPR PEL B/30;3006176;662000
EXODERIL CREME T/15G;2016206;3235
EXODERIL SOL FL/10ML;2018352;2935
EXOFENE TALC B/160G;3038948;2440
EXOMUC 100MG NN SACH BT 10;3380440;1310
EXOMUC 200MG GRAN.SS SACH/30;3271780;3910
EXOSEPTOPLIX PDRE PDREUR B/10G;9013180;3375
EXTASIC GEL LUBRIF 2EN1 MASSAGE F/125ML;8685718;5055
EXTASIC GEL LUBRIF CHOCOL S/5ML;8685799;1455
EXTASIC GEL LUBRIF CHOCOLAT 100ML;8685670;4270
EXTASIC GEL LUBRIF HERB S/5ML;8685753;1455
EXTASIC GEL LUBRIF MENTHE S/5ML;8685807;1455
EXTASIC GEL LUBRIF NATUREL 100ML;8685658;4270
EXTASIC GEL LUBRIF NATUREL S/5ML;8685776;1455
EXTASIC GEL LUBRIFIANT MENTH 100ML;8685687;4270
EXTENCILLINE 2,4M PDR+SOLV B/1;3039095;13890
EXTRAMAG TRIPLE ACTION CPR B/30;8814156;7688
EXTRANASE 900 NK B/80 COMP;3039155;7280
EXTRANASE DRAG B/40;3039149;4930
EXXIB 200MG CPR B/10 (CELECOXIB);8430591;2785
EXYT 400MG CPR CROQ B/4;8471839;1195
EYEBRIGHT HERB CAPS B/100;9013122;6850
EYECOPEN CAPS B/30;8387990;9570
EYESTIL+ 0,4% COLL F/10ML;8450760;11020
EZETIMIBE 10MG CPR B/30 BGR;212;20870
EZETIMIBE 10MG CPR BT/30 ZENT;3010395;19695
EZETIMIBE MYL 10MG CPR B/30;224755;19695
EZETROL 10MG CPR B/28;3622707;22840
EZO 20MG CPR GAST B/30;8482062;2940
EZOMAG 40MG CPR B/30;1330951;7840
EZOMAG 40MG INJ B/1;1330961;4530
EZYWRAP CONFORT PLUS PP DR T1;8000155;64500
EZYWRAP CONFORT PLUS PP GCH T1;6033031;64500
EZYWRAP FEETPAD HALLUS NOCT GCHE TL;5912199;14500
EZYWRAP PEETPAD HALLUS NOCT DRT TL;5912168;14500
F BACH ASPEN N02 F/20ML;3004332;23790
F BACH CONCENTRATION GTT BUV 20ML;8536734;9010
F BACH DEPRIME GTT BUV 20ML;8536757;9010
F BACH DETOX GTT BUV 20ML(FLEUR BAC;8536728;9010
F BACH ENF CALME PAST SS FRAISE/45G;8536668;6575
F BACH LIBIDO GTT BUV 20ML;8536711;9010
F BACH MOTIVATION GTT BUV 20ML;8536763;9010
F BACH MUSTARD N21 F/20ML;8810554;16855
F BACH SOMMEIL GTT BUV 20ML;8536786;9010
F BACH STRESS GTT BUV 20ML;8536697;9015
F LIGHT HUILE CLARIF F/125ML;8523536;5195
F LIGHT LAIT CLARIF F/250ML;8523559;6865
F LIGHT LOT CLARIF F/125ML;8523542;5195
F LIGHT SAV CLARIF PAIN/200G;8523565;1115
F LIGHT SAV GOMMANT PAIN/200G;8801225;1670
F&W SO WHITE LAIT M 250ML;2474449;10705
F.O FABULOUS EDP 100ML WOMEN;2370311;23760
F.O. BLACK TOUCH MEN EDT F/100ML;2128110;18430
F.O. OUD VANILLE EDP F/100ML;1717315;18425
F.O.BELLA WOMEN EDP F/75ML;1542320;19010
F.O.BLACK TOUCH SET(EDT 100ML+DEO 250ML;2218903;25255
F.O.BLUE TOUCH MEN EDT 100ML;2130113;18425
F.O.EXCELLENCE EDT F/100ML;2064111;21395
F.O.NIGHT TOUCH MEN EDT F/100ML;2117114;18425
F.O.ONE KISS EDP F/75ML;1926328;18425
F.O.OUD TOUCH EDP F/100ML;1417314;18425
F.O.OUD TOUCH SET(EDT100ML+DEO 250ML);2217906;25255
F.O.PURE ADDICTION EDP F/100ML;2063312;21395
F.O.PURE FEMME EDP 100ML;2062315;21395
F.O.PURE HOMME EDT 100ML;2062117;21395
F.O.SUN JAVA INT MEN EDP 75ML;1811327;18425
F.O.WHITE TOUCH WOMEN EDP F/100ML;2117312;18425
FABERGE BRUT CLASSIC AR+EDC88+DEO+S;2000004;23000
FACA AD 160MG GEL B/100;4015487;7700
FACONNABLE CLASSIQ EDTV 50ML;8554465;31965
FAGARICINE 532 GEL B/21;8835158;18255
FAIR&B DESIRE LAIT ECLAIRC F/500ML;8680431;10810
FAIR&W GLUT SAV PAIN/200G;8620185;4840
FAIR&W GOLD ARGAN HUILE REVELATR F/200ML;8620357;8855
FAIR&W GOLD GEL CR SPECIFIC 30ML;8348381;3755
FAIR&W GOLD GEL DCH EXFO 940ML;8389523;7180
FAIR&W GOLD GEL DOUCHE ARGAN F/1L;8569627;6720
FAIR&W GOLD LAIT REVELATEUR 500ML;8348375;12670
FAIR&W SAV NOIR PAIN 200G;8260338;4255
FAIR&W.BABY HUIL SOIN 300ML;8391603;6915
FAIR&W.BABY LAIT TOILET 300ML;8391595;5135
FAIR&W.BABY SAV PAIN/250G;8391626;2725
FAIR&W.CONC.A-TACHES 30ML;8260261;3515
FAIR&W.GEL CR ECLAIRC T/30ML;8320402;3515
FAIR&W.GEL CR ECLAIRC.50ML;8217549;3415
FAIR&W.GEL DCHE CARROT 1L;8358793;6110
FAIR&W.GOLD CR ECLAT AHA 75ML;8348317;6185
FAIR&W.GOLD CR MAIN ARGAN 75ML;8348412;4180
FAIR&W.GOLD CR SOLAIR 50ML;8348429;13105
FAIR&W.GOLD GOMMAGE 75ML SUCR;8348300;7695
FAIR&W.GOLD LAIT ECL.AHA 350ML;8348323;9835
FAIR&W.GOLD SAV ARGAN EXF.200G;8399214;4375
FAIR&W.GOLD SAV SATIN EXF.200G;8348292;4375
FAIR&W.GOLD SER ARGAN ACTIF 30ML;8348369;8965
FAIR&W.KIT DERMACNE(GEL+CR+LOT);8293579;34115
FAIR&W.LAIT AHA ECL 500ML;8217360;7420
FAIR&W.LAIT ALOE ECL.500ML;8217331;7790
FAIR&W.LAIT CAROTTE 500ML;8358741;7575
FAIR&W.LAIT ECLAIRC.500ML;8235530;7790
FAIR&W.LAIT MAXITONE 250ML;8217503;7790
FAIR&W.POCK.DEO ROLL ON 24H 50ML;8249791;2885
FAIR&W.SAV AHA PAIN 200G;8217437;4255
FAIR&W.SAV ALOE 200G;8235004;3945
FAIR&W.SAV CITRON PAIN 200G;8399125;4640
FAIR&W.SAV GOMM CARROT 200G;8309866;5110
FAIR&W.SAV GOMM ECLAIRC.200G;8217472;3945
FAIR&W.SAV GOMM OLIVE 200G;8293869;4055
FAIR&W.SAV OLIVE PAIN 200G;8309872;4400
FAIR&W.SAV PAPAYE PAIN 200G;8399131;4000
FAIR&W.SERUM ECLAIRC.30ML;8217302;3985
FAIR&W.SERUM VITC 30ML;8235903;7830
FAIR&W.SO CARROT CR ECLAIRC.50ML;8399266;3665
FAIR&W.SO CARROT LAIT ECL 500ML;8399237;8795
FAIR&W.SO CARROT LAIT MAXIT.300ML;8399243;7990
FAIR&W.SO CARROT SAV GOMM 200G;8399272;4375
FAIR&W.SO CARROT.SER.ECL.30ML;8521632;4775
FALCIART 180MG/1080MG SP F/60ML;8004569;2510
FALCIART 80/480MG CPR B/6;8000554;2235
FALCIART DT 20MG/120MG CPR DIS B/6;8015679;720
FALCORIA 80MG/480 CPR DISP B/6;8454930;2340
FALOXIM 100MG/5ML PDRE SUSP BUV F/60ML;8480459;5910
FALOXIM 200MG GEL B/16;8480442;8830
FALQUIN 300MG CPR BT/18;2276628;1805
FALSIBAN 80MG/480MG CPR B/6;8083468;2380
FAMCAL 250MG/100UI CPR PELL B/30;8445345;4270
FAMOS 23 EAU DE COLOG. LAVAND F/200ML;8595808;1155
FAMOS 23 EAU DE COLOG. VETYVE F/200ML;8595926;845
FAMOS 23 EAU DE COLOG. VIOLET F/200ML;8595978;1155
FAMOS 23 EAU DE COLOG.FRESCOR NATURAL F/200ML;1307991;1200
FAMOS 23 EAU DE COLOGNE VETYVER F/500ML;8559936;2155
FAMOS 23 EDC FL ORANGER 200ML;1308051;1040
FAMOS 23 EDC LAVANDE 500ML;8559907;2155
FAMOS 23 EDC NATURELLE 200ML ;8595866;1155
FAMOS 23 EDC NATURELLE 500ML;8559913;2155
FAMOS 23 EDC VETIVER 200ML;1308031;1040
FANGID CR T/15G (CLOTRIMAZOLE);8091812;1380
FANIGAN FAST 10/50/100/30MG GEL T/30G;8486522;1100
FANSIDAR 500/25MG CPR B/3 QUADRISEC;3004889;1240
FANSIDAR 500MG/25MG CPR B/150;2292969;30310
FANSIDAR INJ AMP 2.5ML B/2;3180787;2850
FANTEM 180/1080MG SUSP F/60ML;8059702;2330
FANTEM 20/120MG CPR B/12;8059524;1410
FANTEM 20/120MG CPR B/24;8059613;2125
FANTEM DS 40/240MG CPR B/6;8013232;1270
FANTEM FORTE 80/480MG CPR B/6;8013226;2125
FANTRINE 80MG/480MG CPR B/6;8494993;2350
FARCO-CAINE 100MG SPR F/100ML (LIDO;1229;3275
FARCO-CAINE 50MG PDE T/20GR;8438138;925
FARETI LOTION N2 F/125ML;2293561;2550
FARETI MYCO SAVON 225G;2293644;1510
FARETI MYCO-LOTION F/125ML;2293584;2380
FARINOR BLE SOJA LAIT 200GR;8221120;975
FARINOR MAIS SOJA B/200G;2269077;1070
FARINOR RIZ SOJA LAIT BT/200G;8261817;1070
FASIDE PDE T/15G (FUSIDATE NA);8013752;2785
FASIGYNE 500MG CP B/12;3179399;7345
FASIGYNE 500MG CPR B/4;3179382;3500
FAST UP EXTEND CPR EFF B/20;8803299;5815
FAST UP L-ARGININE 1,5G CPR EFF B/20;8803253;7835
FAST UP MELATONINE CPR EFF B/20;8803282;4400
FAST UP MULTIVIT CPR EFF B/20;8803514;4100
FAST UP RECOVER CPR EFFV B/20;8803276;7585
FAST UP RELOAD CPR EFFV B/20;8803230;4265
FAST UP VIT C D ZINC CPR EFFE B/20;8803307;4380
FASTORIK GRAN SACH B/8;8073487;1955
FASTOSIL 25MG/500MG/200MG GR SACH B/8;8774942;2560
FAT BLOCKER GELULES B/90;7239448;26265
FAUTEUIL COMMODE CHAIR FS891;8215533;191000
FAUTEUIL COMMODE CHAIR FS970;8215527;395000
FAUTEUIL MOBICLINIC A SEAU;8565535;76700
FAUTEUIL ORTHOPEDIQUE;8283411;325000
FAUTEUIL ROULANT STANDARD;8215510;295000
FAUTEUIL ROULANT STD LBX;8607799;253110
FAVLEKAST 5MG/10MG CPR PELL B/20;8479568;8760
FAVNAC PLUS 10MG/500MG CPR B/10;8479574;2355
FAZOL 2% CREME DERM T/30G;3222304;3995
FAZOL EMULS FLUIDE 2% FL/30G;3318754;4060
FEBREX PLUS CPR B/10;8050753;1335
FEBREX PLUS CPR B/4;8050718;330
FEBREX PLUS SP F/60ML;8050693;1100
FEBREX TM 325/37,5MG CPR B/10;8061662;1860
FEBREX TM 325MG/37,5MG CPR B/20;8436926;2850
FEBREX TM ET 325/37,5MG CPR EF/20;8436955;4725
FEBRILEX 500MG/5MG/2MG B/20X4;8491813;8405
FEBRILEX CPR POCH/4 BL/50;8096092;21005
FEBRILEX JUNIOR SP 150ML;8068807;1710
FEBRILEX+ SP F/150ML;2294968;1665
FEBSTAT 40MG CPR PELL B/20;8496265;7575
FEBUXOSTAT 120MG CPR PELL B/28 BIOG;3010109;9920
FEBUXOSTAT 80MG CPR PELL B/28 BIOG;3010107;7825
FEDATE GEL B/30;8007504;2580
FEDATE SP FL/200ML;8055147;3060
FEDROX 250MG/5ML PDR BUV 60ML;8009756;3095
FEFOL CAPS B/30 (FA);2007012;2920
FEKEY 33/1,5MG/7,5MCG/1,5MG SP 200M;8022975;2580
FELDENE 10MG GELULE B/20;5543774;4435
FELDENE 20MG DISP.CPR B/15;3319392;4165
FELDENE 20MG GELULE B/15;3263697;3815
FELDENE 20MG IM INJ 1ML B/2;3286103;2070
FELDENE 20MG SUPPO B/10;3266804;5855
FELDENE 20MG SUPPO B/15;3263823;6820
FELODIPINE  LP 5MG CPR B/30 ZENT;3799529;7060
FELODIPINE 5MG LP CPR B/30 WINT;7995290;5095
FELODIPINE LP 5MG CPR B/30 SAND;3785970;4300
FELODIPINE LP 5MG CPR B/90 WINT ;7995412;11835
FELODIPINE LP 5MG CRP B/90 SANDOZ;7895875;15270
FEMARA 2,5MG COMP B/30;3414742;126500
FEMFRESH DEO INTIM SPR 125ML;8245623;3530
FEMIBION GROSSESSE METAFOLIN +DHA CPR+CAPS;5155285;41980
FEMIFER SP F/200ML;8424107;3500
FEMIGESTON 100MG CAPS MOL.B/10;8440454;2370
FEMIGESTON 200MG CAPS MOL.B/10;8440460;4850
FEMIGESTON 300MG CAPS MOL.B/10;8440477;7630
FEMIGESTON 400MG CAPS MOL.B/10;8440483;10965
FEMILYANE BAUME A.VERGET 150ML;6601366;11030
FEMINAT COUCHE CULOTT PERIOD TL B/10;1237525;8180
FEMINAT COUCHE CULOTT PERIOD TXL B/10;1237396;8180
FEMINIC 7 GEL TOIL.INTIM.200ML;7328488;5740
FEMINIC 8 GEL APAISANT 200ML;7328471;6445
FEMISTAR CAPS B/30;8388009;10565
FEMSEPT 100UG/24H DISP TR B/4SACHETS;3461055;6015
FENAC-P 50MG/500MG CPR B/10;8482932;1515
FENO TG 160MG CPR B/30 (FENOFIBRATE;8091479;9160
FENOFIBRATE 160MG CPR B/90 BIOG;9028359;16470
FENOFIBRATE BIOG.100MG GEL B/30;3565263;1980
FENOTHYL 160MG CPR B/32(FENOFIBRATE;8024253;5785
FENTANYL 0,1MG/2ML INJ B/10 UNITE;9026886;890
FENTANYL 0,5MG/10ML INJ B/10 UNITE;9026892;2750
FENUGREC VZ SP F/150ML;8360695;2600
FER IN SOL GTTE FL/30ML;2019280;3135
FER PLUS 100MG/7ML BUV SACH/32;8081191;6680
FER PLUS 71MG/5ML SOL BUV F/250ML;8081216;6710
FERACFOL 125MG/5ML SP F/150ML;8479284;2065
FERACID GEL B/36;8092148;1935
FERAMALT 100MG GEL B/20;8099771;5440
FERAMALT SOL BUV F/100ML;8043925;6345
FERAMORE SP F/150ML;8498442;3445
FERAT-UNE 125MG SIROP F/100ML;8478965;3150
FERBOVIT SP F/225ML;8503077;3155
FERCEFOL CPR B/30;2269580;1750
FERCEFOL SP FL/150ML;2269597;1915
FERDEX PLUS F/100ML;9024284;2870
FEREMI CPR PELL B/30;8034381;1885
FEREMI SP F/200ML;8015975;2340
FERFOL SIROP 200ML;8476587;2755
FERFOLTONE GEL B/30;2289217;1045
FERFOR PLUS SIROP F/200ML;8492439;2985
FERFOR SIROP F/200ML;1014003;1555
FERLIX B12 SUSP BUV F/200ML;2863774;1930
FERMED 100MG/5ML INJ AMP B/5;8096413;18040
FEROGEST 80MG CPR B/30;8069497;3130
FEROGLOBIN B12 GEL B/30;8007852;6955
FEROGLOBIN B12 SP F/200ML;8007875;7245
FEROGRAD RET 500MG CPR B/30;3118794;2480
FEROKEM SP F/150ML;8496779;4135
FEROLIK 231MG/1.50MG/15MCG CPR B/30;8475240;2410
FERON B9 150/0,5MG GEL B/28;8065074;3085
FEROX CAPS B/30;8061538;3570
FEROX SP F/200ML;2291792;3745
FEROXYDE B9 SP F/150ML;8475702;3580
FEROXYDE SP F/100ML;8456366;2840
FEROZEN B9 GEL B/30;8397853;5050
FERPLEX 40MG AMP BUV 15ML B/10;8060651;6060
FERRAVIT SP F/200ML;8090913;3570
FERRE BY F.EDT V.100ML 431136;9024462;45695
FERRETAB-FOLIC CAPS B/30;8036919;2605
FERREX FORTE CPR B/30;8452641;2615
FERREX FRTE 30MG/1500/50MCG SP/200M;8418727;1930
FERRO BLOC 100BOLUS;28659;31115
FERRO BOV PLUS CPR B/50BOLUS;9006582;27940
FERRO DENK 50MG CPR B/50;8088566;3030
FERRO VITAL+DENK CPR CROQ/30;8359338;5280
FERROFIT PLUS SP F/200ML;8441689;2500
FERROFIT SP F/200ML (FE+VIT B12+ACF;8430616;1305
FERROLEX SP F/200ML;8092510;1735
FERROMIX SP FL/120ML;8066300;2805
FERROSTRANE 0,68% SP F/200ML;2269769;2940
FERROSTRANE SP FL/125ML;3039698;4455
FERRUM PHOSPHORICUM 9 CH D;8249319;945
FERTAB 50MG CPR SEC B/10 (CLOMIFEN);8077321;5195
FERTILO FRTE DENK CAPS B/60;8502988;13820
FERTILO FRTE DENK PDR SACH B/30;8359344;13965
FERTIMAX 2 GEL B/60;8299286;30015
FERTITOP FEMME FERTILITE GEL B/60;1491939;17085
FERTITOP HOMME FERTILITE SEX CPR B/60;8523306;17245
FERTYCARE FEMME GEL B/120;8748910;28355
FERTYCARE HOMME GEL B/120;8748904;28355
FERVEX AD GRAN.SACH B/8;3270591;2590
FERVEX AD GRAN.SACH B/8 GOUT FRAMB;4989835;2590
FERVEX ENF GRAN.SACH B/8;3351579;2560
FERVEX GRAN.S/SUCR SACH B/8;3335959;3060
FERVITAL SP F/100ML;8009615;1515
FERVITAL SP F/200ML;8010618;2410
FERVITI SP F/150ML;8495099;1680
FESTIV SP F/100ML;8007160;3160
FEUILLE DE S.CORI.VERRUCIDE 10G/100;3181114;3176
FEUILLE DE SAULE TT PRET DURIL;3039764;2640
FEVAROL 125/1/2,5MG SP 100ML;8431219;1545
FEVAROL 500/2/30/5MG CPR B/200;8431225;13115
FEVAROL 500/2/30/5MG CPR B/80;8472388;5235
FEVASTIN 10MG IV INJ F/100ML(PARACE;8099676;1465
FEVERLET FORTE CPR B/12;8446008;1995
FEXIHIST 120MG CPR B/10;2291800;2645
FEZEE 100MG/1500MCG/100/22,4MG CAPS B/10;8776697;2365
FEZOMIN C GEL B/30;8041033;1790
FFLAM BROSS A ONGLE SOIE NAT;6240774;2830
FFLAM CISEAUX BB COUL.R39;7222755;3580
FFLAM COUP ONGL RR 62;7662454;2480
FFLAM COUP ONGLE CHROM R61;6669750;1740
FFLAM COUP ONGLES GM REF 72;6669767;2350
FFLAM LIME EMERIS PM B/6 REF 6;6667946;3300
FFLAM PINCE E M CAR;6667998;2600
FFLAM PINCE EPIL DORE CRAB R14;6668035;2910
FFLAM RAPE PLANT D/FACE REF 79;7222873;4630
FFLAM TIRE C GILB;6672048;2830
FIDOL 125MG/5ML SP F/100ML;8425733;1195
FIDOL 250MG/5ML SP F/100ML;8425756;1375
FIFER GEL B/30;8432130;2755
FIFER SP F/200ML;8026559;2410
FIGOCARE DS CPR B/10;8812890;5040
FIGURIN GELULES B/60;8215711;12475
FIL DENT.MINT EASYFLOSSERS B/30;4507339;3500
FILGRASTI-M 300MCG SER INJ (NEUPOG.;9060707;44880
FILTRE ANTI BACTERIEN;9013872;10000
FINANEMI 20MG INJ AMP 5ML B/5;8433282;5125
FINANEMI 300MG/1MG CPR B/30;8433276;1515
FINANEMI SP FL/200ML;8418420;2315
FINASTERIDE 5MG CP PEL B/28 ARRW;3873473;11065
FINASTERIDE 5MG CPR PEL/28 BIOG;3756141;15065
FINASTERIDE 5MG CPR PELL B/28 VIATRIS;7714136;21550
FINE'S BIOTIN S HAIR B B/60;273117;11500
FINE'S CHAMOMILE SL AID B/60;273100;11000
FINE'S CURCUMIN + JOINT CARE B/60;273124;10000
FINE'S ECHINACEA SP IMM B B/60;273056;10500
FINE'S FE+ IRON SUPP B/60;273094;11500
FINE'S K2+ ,CA+ D3 BONE B B/60;273030;10500
FINE'S LUTEIN EYE CARE B/60;273118;12000
FINE'S MULTIVITAMIN B/60;273025;10000
FINE'S NIGELLA SAT. SORE THRO. REL B/60;273148;10500
FINE'S PASSIFLORA SL W B/60;273155;11500
FINE'S PREBIOTIC AD B/60;273087;9500
FINE'S SPIRULINA AP B B/60;273070;10000
FINE'S ULTRA OMEGA B/60;273063;10500
FINIFAT 500MG CP A CROQ B/25X4;8473815;5250
FINISPA 500/10MG CPR B/10;8445902;1475
FIPRO SPRAY F/100ML;6767984;9230
FIPROKO PLUS 100ML;9026975;3450
FIPROKO PLUS 225 ML;9014280;7415
FIPROTIK 100ML;9027733;7100
FIPROTIK 1L;9022204;17040
FIPROTIK 250ML SOL;9023333;7100
FIRMAGON 80MG PDR SOL INJ B/1;9432687;188180
FIRST AID KIT EU/CAT C KIT I;1055343;56780
FIRST AID KIT EU/CAT C KIT II;1055344;35125
FIRST AID KIT RFD CAT. C/MED;4840091;77180
FIRST AID KIT.SOLAS KIT I;1056105;33460
FIRST AID KIT.SOLAS KIT II;1056106;26450
FITJOY GEL B/30;8560744;3925
FITOFORM DEPUR.AMP BUV B/20;7935840;21280
FIXEF 200MG CPR PELL B/10;8457070;4615
FIXICAL 1000 VIT D3 CPR B/30;36424722;7275
FIXIES CHGE CPLT JUNIOR 11-25KG/18;8347660;6300
FIXIFAVDT 200MG CPR DISP B/10;8479580;7065
FIXIM 100MG/5ML PDR BUV F/40ML;8081050;5885
FIXIM 100MG/5ML PDR BUV F/60ML;8090267;6640
FIXIM 200MG CPR B/10;8046160;4990
FIXIM 400MG CPR B/5;8439327;7920
FIXIM 40MG/5ML PDR BUV F/40ML;8448935;4135
FIXINECT 200MG CPR PELL SEC B/10;8061277;4230
FIXODENT PRO COMPLETE FIXA FORTE FRAIS T/47G;6621014;8520
FIXODENT PRO CPR NETT.B/88;2168022;6885
FIXODENT PRO CR ADH A/PARTIC.40G;7471797;15150
FIXODENT PRO CR ADH.A/PARTIC.57G;4365833;9090
FIXODENT PRO CR ADH.DUO PROTECT.40G;9848476;13170
FIXODENT PRO CR ADH.NEUTR 40GR 0%;9848482;8520
FIXODENT PRO CR ADH.SOIN.CONFOR.47G;9848513;15720
FIXODENT PRO CR SOIN CONFORT 70G;4033167;7065
FIXODENT PRO FIXA FORTE FRAISE F/40G;3069000;8750
FIXODENT PRO FIXA FORTE FRAISE T/70,5G;690000;7875
FIXODENT PRO FIXA FORTE NEUTRE T/40G;6900000;5990
FIXODENT PRO PLUS ANTI PART CR ADH   40G;4033131;7795
FIXODENT PRO PLUS BARR ANTI-PART FRAISE T/40G;2028890;11050
FIXODENT PRO PLUS BARRIERE ANT-PART NEUTRE T/57G;6621076;11000
FIXODENT PRO PLUS BARRIERE ANTI-PART FRAISE T/57G;6620963;12255
FIXODENT PRO PLUS BARRIERE ANTI-PART NEUTRE T40G;6620857;7165
FIXODENT PRO PLUS MORDANT IMBA NEUT 57G;6620680;12255
FIXODENT PRO PLUS MORDANT IMBAT T/40G;6620598;8570
FIXODENT PRO PROF CR 40G;4033179;7705
FIXODENT PRO ULTIMATE  ANT-P NEUTRE F/57G;6620635;12070
FIXODENT PRO ULTIMATE FRAIS T/40G;6621137;9645
FIXODENT PRO ULTIMATE FRAIST/57G;6620789;9900
FIXODENT PRO ULTIMATE NEUTRE 40G;4033163;10000
FIXODENT PRO+ CR DUO ACTION 60G;40331071;18240
FIXORINOX 50MCG/DOSE PULV NAS.15ML;3975831;6340
FIXXE 100/5MG PDRE  BUV F/60ML;8082517;3980
FIXXE 200MG CPR DISP B/10;8082500;4880
FIXXE 400MG CPR DISP B/6;8469618;5495
FIZACID 125/250/50MG BUV F/200ML;8435772;2410
FIZACLAV 1125MG CPR G/16;8432199;7605
FIZACLAV 250MG/31,25MG SUSP BUV F/60ML;8492698;3790
FIZO 20MG CPR B/10 (RABEPRAZOLE);8097766;2785
FIZO 20MG CPR B/30;8024425;5540
FLACON CPTE GTTE VER BLANC 30ML;6395531;1825
FLACON CPTE GTTE VER JAUNE 30ML;9013464;1120
FLACON CRUCHON PLAST 125ML;7415632;1690
FLACON CRUCHON PLAST 250ML;7709724;2300
FLACON DE REDON CPLET 200ML;6325588;5850
FLACON DE REDON CPLET 400ML;9003968;9205
FLACON DE REDON CPLET 600ML;9013487;7800
FLACON PR URINE 24H 2L;90085310;7800
FLACON ROND VR JAUNE 125ML;6673065;535
FLACON SPRAY EN VERRE BLEU F/100ML;734770;2765
FLACON STER PREL 150ML;8280513;1000
FLACON VB POLYVISS BLCHE 100ML;6395577;770
FLACON VB POLYVISS BLCHE 125ML;6395583;990
FLACON VB POLYVISS BLCHE 1L;6395666;2845
FLACON VB POLYVISS BLCHE 250ML;6395620;1125
FLACON VB POLYVISS BLCHE 30ML;6395554;600
FLACON VB POLYVISS BLCHE 500ML;6395643;1870
FLACON VB POLYVISS BLCHE 60ML;6672947;865
FLAGENTYL 500MG CPR B/4;3228198;4865
FLAGENTYL SUSP. 500MG;3355689;1965
FLAGENTYL SUSP. 750MG;3355672;2500
FLAGIMAX 4% SUSP BUV F/120ML;8493143;1745
FLAGIMAX 500MG CPR B/15;8493137;1745
FLAGYL 0,5% INJ IV 100ML;8030319;3180
FLAGYL 250MG CPR B/20;3040000;2700
FLAGYL 4% SUSP BUV FL/120ML;3131694;2635
FLAGYL 500MG CPR B/14;3311568;2125
FLAGYL 500MG OVULE B/10;3040017;2565
FLAMAR MX CPR B/10(PARA.CHLORZ.DICL;8437512;3650
FLAMMAZINE 1% CREME T/50G;3207026;3280
FLANID 100MG CPR SEC B/30;3530709;2865
FLANID 200MG CPR SEC B/15;3530690;2945
FLATORIL 0,5/200MG GEL B/45;8017454;4820
FLAVIASTASE COMP B/50;3040106;2665
FLAVO C CR HYDR AGE T/30ML;9723562;30760
FLAVO C SERUM REPARATEUR/15ML;7665518;38470
FLAXEDIL AMP INJ 2ML B/5;3272555;1430
FLAXOR 200MG/500MG CPR B/10;8466241;4135
FLECAINE 100MG COMP B/30;3263622;7790
FLECAINE LP 100MG GEL B/30;3580564;15615
FLECAINE LP 150MG GEL B/30;3580541;16000
FLECAINE LP 200MG GEL B/30;3580587;16750
FLECAINE LP 50MG  GEL B/30;5805294;10725
FLECAINIDE 100MG CPR B/30 SANDOZ;8248593;9405
FLECAINIDE 100MG CPR B/30 VIATRIS;3642526;10535
FLECAINIDE LP 150MG GEL B/30;2758741;12580
FLECTOR 1% GEL APPL LOC 100GR;3778421;3935
FLECTOR 1% GEL APPL.LOC T/60G;3338461;3920
FLECTOR TISSUGEL 1% GEL B/5;3,40094E+12;18640
FLECTOR TISSUGEL 1G/40000UI B/3;4939889;13205
FLECTOR TISSUGEL EP 1% EMPL B/10;3782256;36900
FLEMING 1,2MG INJ AMP B/5;8094727;8640
FLEMING 1G/125MG CPR PELL B/16;2252740;6300
FLEMING 500/62,5MG CPR PELL B/16;2283864;4165
FLEMING 500/62,5MG SUSP BUV 60ML;2252734;4165
FLERIXIME DT 200MG CPR DISP B/10;8476995;3150
FLEX GEL B/30;8635028;6360
FLEXABENZ GEL T/30G;8470024;2065
FLEXDOL CPR B/10 (METHOCARBAM.IBUPR;8091189;2000
FLEXIMAX 250MG/200MG GEL B/30;8719854;10630
FLEXPAR 500MG/400MG CPR B/12;8469765;3100
FLEXPRO EXTRA 400/500MG CPR/20;8440520;3445
FLIPTOR 10MG CPR B/30 (ROSUVASTATIN;8443518;5510
FLIPTOR 20MG CPR B/30;2484842;5510
FLIPTOR 5MG CPR B/30;8443501;4135
FLIXONASE 50MCG SUSP NAS.120DOSE;3355873;5790
FLIXOTIDE 125MCG INH 120DOSES;3367066;20535
FLIXOTIDE 250MCG SUSP INH 120DOSES;3367089;34315
FLIXOTIDE 50MCG SUSP INH AERO 120D;3367037;11360
FLIXOTIDE DISKUS 100MCG 60DOSES;3393307;7015
FLIXOTIDE DISKUS 250MCG 60DOSES;3393336;17070
FLOBAXINE 200MG CPR SEC B/10;8065507;4430
FLODIL LP 5MG CPR B/30(FELODIPINE);3714361;7845
FLOGENCYL GEL GINGIVAL T/20G;3253428;7160
FLOMIST 50MCG SPR NAS 100DF/10ML WA;8079828;2785
FLORA SAV SUPER EMBELL 200GR;2285797;755
FLORABELL GEL VAG T5G/5;8571995;7770
FLOREA GEL B/30 (TRANSIT INTESTINAL;8355412;5070
FLORESS AIDE MINC.GEL B/45;8178275;5620
FLORESS AMINC.INTENSIF CPR B/30;12984810;10860
FLORESS APHRODIS.GEL B/40;8152146;5610
FLORESS BRULEUR MINC.GEL B/45;8170925;7010
FLORESS DEPURATIF FOIE SACH/20;1298467;4200
FLORESS DESTOCK CELLUL.GEL B/45;8170931;7170
FLORESS DESTRUC GRAISS CPR B/30;8170948;10970
FLORESS EXPRESS MINC.F/500ML;8170434;10730
FLORESS INF SOMMEIL REPAR B/20;3456309;5520
FLORESS INF VENTR PLAT S/20;9016534;4230
FLORESS KILO TENACE 500ML 10JOURS;8170440;10980
FLORESS KILO TENACE 500ML 7JOURS;1233321;13760
FLORESS KILOS TENACES THE B/20;8154352;4230
FLORESS KONJAC PERTE POIDS B/42;1230127;7245
FLORESS LEVURE DE BIERE GEL B/60;8170380;7210
FLORESS MACA LIBIDO CPR B/60;8170397;5595
FLORESS PUISSANCE 4G CPR B/45;8170960;4990
FLORESS SOMMEIL SERENITE B/45;8170405;7140
FLORESS SPECIAL BALLON.GEL B/45;12985410;7630
FLORESS STOP FAIM GEL B/45;8154323;6490
FLORESS THE BIO BRUL GRAISS B/20;8170411;4670
FLORESS THE VERT MINC.GEL B/60;8170500;6995
FLORESS TIS DRAIN.INTENS.SACH/20;3453009;4960
FLORESS TIS THYM MIEL CITRON B/20;8170428;4310
FLORESS TIS.AID MINC SACH/20;6202302;4230
FLORESS VENTR PLAT ARGIL F.GEL/45;8154369;5600
FLORESS VENTR PLAT FENOUIL F.GEL/60;8173243;7010
FLORFENICOL 20% 1KG;1004690;35500
FLORGYNAL GEL VAGINAL B/14;3461049;6165
FLORVET 10% F/100ML;7538228;3520
FLOTAC HGC 75MG CAPS B/20 (DICLOFEN;8012155;6905
FLOTRAL 10MG CPR B/10(CHLOR.ALFUZO.;8094265;6515
FLOTRAL LP 10MG CPR B/30;8488403;9890
FLOXAMED 200MG CPR PELL B/20;8442890;7575
FLOXAPEN 125MG SP F/100ML;2266452;3570
FLOXAPEN 250MG SP F/100ML;2266469;5320
FLOXAPEN 500MG GELULES B/20;8032844;4315
FLOXEDOL 3MG/ML GEL OPHT F/10ML;8005994;4950
FLOXIA DISCO ECLAIRC EMULS F/40ML;8315364;9520
FLOXIA DISCO LAIT UNIF HYDR F/500ML;8371960;19395
FLOXIA GEL PURIF PG F/200ML;8280200;7490
FLOXIA GEL REGULATOR T/40ML;8204765;7160
FLOXIA SAV EXFOL DISCO 125GR;8395765;5850
FLOXIA SAV EXFOL REGUL 125G;8204966;6555
FLOXIA STRIEX RESTRUCT CR F/125ML;8315370;11585
FLOXINE 400MG CPR B/10;2276025;7230
FLOXO-OZ 200/500MG CPR SEC B/10;8423585;4165
FLOXOPTIC 0,3% COLL F/10ML;8491606;3855
FLOXSOL 0,3% COLLYRE F/5ML;2266475;1145
FLOZIP 10MG CPR B/10;17689;7575
FLOZIP M 5MG/850MG CPR B/30;8547496;8985
FLUB 100MG CP B/6;8001499;2370
FLUB 600MG SUSP BUV F/30ML;8001453;2385
FLUBENDAZOLE 3 SAC 25KG QALIAN;7074390;71850
FLUBIFEN COLL 0,03% F/5ML;2476986;3885
FLUCA COLL F/5ML;8078697;4200
FLUCAND 150MG GEL B/1(FLUCONAZOLE);8052551;2095
FLUCAP 150MG GEL B/1;2289246;3180
FLUCAZOL 100MG GEL B/10;2291823;2605
FLUCAZOL 150MG PDRE SUSP BUV STICK/20;8491546;10470
FLUCAZOL 50MG/5ML PDR BUV 60ML;8048816;2605
FLUCESS 150MG CPR B/1;2297381;6160
FLUCESS 50MG CPR B/7;2297398;14285
FLUCOGEN 250MG/5ML PDRE SUS F/100ML;8434689;3015
FLUCOGEN 500MG GEL B/12;8085243;1765
FLUCOLD 2,5MG/125MG/25MG SIROP F/100ML;8731772;990
FLUCOLD 500MG/30MG/5MG/2MG CPR B/80;8731789;5925
FLUCOMYC 150MG CPR B/1(FLUCONAZOLE);8063974;400
FLUCON COLLYRE FL/3ML;3242028;1420
FLUCONA DENK 100MG GEL B/10;8113560;2375
FLUCONA DENK 150MG GEL B/1;8000465;1545
FLUCONAZOLE 100MG GEL B/7 MYLAN;3703245;2375
FLUCONAZOLE KABI 2MG/ML PERF.100ML;8025287;5100
FLUCORTAC 50MG CPR B/60;8215415;128250
FLUCTINE 20MG GEL B/12;8065269;4440
FLUCTOR PDR SUSP BUV SACH/10;9001627;2490
FLUDEX 1,5MG LP CPR ENR B/30;3382746;5280
FLUDEX 2,5MG CPR B/30;3144372;14940
FLUDIMAX 2% SP F/100ML;8435921;905
FLUDIMAX 5% SP F/100ML;8440773;905
FLUDITEC 0,15% SP TX SECH F/150ML;3405654;2985
FLUDITEC 2% ENF SIROP F/125ML;3383467;1790
FLUDITEC 5% AD SP F/125ML;3383473;1900
FLUDITEC 5% AD SP F/300ML;3538148;4270
FLUDITEC 750MG SP SACH 10ML B/15;2192989;3195
FLUDOGREL 75MG CPR PELL B/30;8431751;8265
FLUDOL 300MG CAPS B/100;8055489;6890
FLUDOL DM SP F/120ML;8075090;2700
FLUDOL EXPECTORANT SP 120ML;8022343;3030
FLUDOL P+ 5/1/120MG SP 120ML;8075115;1970
FLUGEN 100MG CPR B/10 (FLUCONAZOL);8097571;2785
FLUGEN 50MG/5ML BUV F/60ML;8099831;2095
FLUIDABAK 1,5% COLL F/10ML;9027584;4290
FLUIDIBRONC 2% SP ENF 125ML;8043902;1660
FLUIDIBRONC 5% SP AD F/250ML;8043919;2585
FLUIMUCIL 2% ENF BB SP F/100ML;3531956;3070
FLUIMUCIL 200MG AD SACH B/18;3506869;2935
FLUIMUCIL 200MG SACH B/30;3237369;3955
FLUISEDAL SIROP FL/125ML;3063107;2340
FLUISEDAL SS PROMET SP 125ML;3206096;2200
FLUKOCIN 250MG/5ML BUV F/100ML;8074529;2785
FLUKOCIN 500MG GEL B/20;8094704;3750
FLUMINOC 20/120MG CPR B/24;8431260;3750
FLUMINOC 80/480MG CPR B/6;8431277;3750
FLUMYC 150MG CPR B/1;8078941;2095
FLUOCARIL BDB BIFLU.MENTH 300ML;8686072;6575
FLUOCARIL BI 145 BLANCH.75ML;8551975;3490
FLUOCARIL BI 145 DENT SENS 75ML;7482321;2925
FLUOCARIL BI 145 MENTH 2X75ML;9034674;4105
FLUOCARIL BI 250 MENTH 125ML;3500861;4585
FLUOCARIL BI 250 MENTH 2X125ML;3627389;10145
FLUOCARIL BI 250 MENTH 2X75ML;3627395;7690
FLUOCARIL BI 250 MENTH 75ML;3500849;4950
FLUOCARIL DENT BI 250 ANIS T/75ML;3625640;6790
FLUOCARIL DENT GEL BI 250 125ML;9033515;10470
FLUOCARIL DENT GEL BI 250 75ML;3625611;5490
FLUOCARIL DENTIF.BLANCH.125ML (FA);7574796;9310
FLUOCARIL JUN 6/13 F.ROUG 75ML;4763295;3560
FLUOCARIL JUN.6/12 GEL 2X75ML BBL;7641015;3990
FLUOCARIL JUN.7/12 FRUI.RGE 50ML(FA;7641009;1830
FLUOCARIL JUN.FRUIT RGE 6/13 75ML;6038333;3545
FLUOCARIL KIDS 0/6 FRAISE 2X50ML;9056663;3790
FLUOCARIL KIDS 3/6AN.FRAIS.50ML;1627801;2560
FLUOCARIL SPRAY BUCCAL;6085316;7380
FLUOGEL DENT 125ML;8349340;2120
FLUOGEL DENTIF T/75ML;2271418;1040
FLUOGEL GEL DENTAIRE 2000MG;3240986;13945
FLUOJNIOR GEL DENT.7/12ANS 50ML;8295791;1165
FLUOKID DENTIF 2-6ANS T/50ML FRAISE;8295762;1165
FLUOMAC 150MG GEL B/1;8020462;2755
FLUOMIZIN 10MG OV B/6;8416409;4850
FLUORESCEINE 0,5% B/100 UNIDOSES;3257544;88565
FLUORESCEINE 0,5% B/5 UNIDOSE;8762696;9915
FLUOROURACILE 1G/20ML INJ ACCOR;9001001;15160
FLUOROURACILE 500MG INJ F/10ML MERC;3557921;10725
FLUOROURACILE 500MG/10ML GENR;5000720;11550
FLUOROURACILE 500MG/10ML INJ ACCOR;9000504;3465
FLUORYL BI-FL.PATE 30ML;1010414;500
FLUORYL BI-FL.PATE T/125ML;8216165;2110
FLUORYL BI-FL.PATE T/75ML;8216225;1455
FLUORYL BLANCH.PATE T/75ML;8180042;1500
FLUORYL GEL T/125ML;2271424;1835
FLUORYL GEL T/75ML;6327848;990
FLUOXETINE 20MG GEL B/14 BGR;3548572;4360
FLUOXETINE 20MG GEL B/30;8092088;3915
FLUOXETINE BIOG 20MG GEL B/14;3548572;3870
FLUOXETINE BIOG SOL BUV 70ML;3645335;5540
FLUOXETINE VIR 20MG GEL B/28;8469357;3445
FLUOXINE 500MG CPR B/10;2291852;2370
FLUOXINE 750MG CPR B/10;8485089;3110
FLUOXINE T 500MG/600MG CPR B/10;1238058;2495
FLURIFEN 100MG CPR PELL B/15;8053119;2755
FLUSKIN GEL T/30ML;2027687;1390
FLUSTAPH 125MG PDR SUSP BUV 100ML;8001921;1775
FLUSTAPH 250MG SP F/100ML;8088626;3635
FLUSTAPH 500MG GEL B/12;8088649;3020
FLUSTAPH 500MG GEL B/24;8001938;5265
FLUSUM 150MG CPR B/1;8486539;1930
FLUTIAIR 0.05% SOL P NAS F/120;8026714;3750
FLUTIFORM 125/5MCG SUSP INH D/120;8450205;43650
FLUTIFORM 250/10MCG SUSP INH 120DOS;8450116;24245
FLUTIFORM 50/5MCG SUSP INH 120DOSES;8450197;15155
FLUTINI KIT 150MG/600MG/500MG CPR B/4;8476914;3790
FLUVERMAL 100MG CPR B/6;3234017;3380
FLUVERMAL 20MG/ML SUSP FL/30ML;3244079;3690
FLUZON 150MG CPR B/2;2252220;3060
FLUZYN 20MG GEL B/30;8470432;3925
FOCE 100MG CPR B/10;8490937;4410
FOCE 200MG CPR B/10;8490943;5510
FOCE 40MG/5ML PDRE S BUV F/100ML;8491948;5370
FOCE 40MG/5ML PDRE SUSP  B F/50ML;8491931;3855
FOFEC 308/4/200MG CPR ENR B/30;8434235;1040
FOLICANAD 5MG CPR B/50;99577147;3310
FOLICIL 5MG CPR B/20;8416415;1765
FOLIFER CPR B/60;2237295;5210
FOLIGRAF 150UI PDR SOL INJ SC/1+SOL;8058909;31715
FOLIGRAF 75UI PDR SOL INJ SC/1+SOL;8058878;17250
FOLIMAX 5MG CPR B/30;8462668;1940
FOLINATE CA 100MG INJ B/10 AGT;3572748;17655
FOLINATE CA 50MG INJ B/10 AGT;3486434;82650
FOLINATE CA AGUET;3490393;6240
FOLIO 1 FORTE FILMTABLETTEN B/90;1081951;17615
FOLLICULINUM 15CH DOSE;315206;3685
FOLLICULINUM 9CH GR;315100;3795
FONCITRIL 4000 GLE SACH B/30;3040939;23665
FONGICIL 1% CR T/30G (ECONAZOLE);8024098;1790
FONGICIL 1% LAIT F/30ML(NITR.ECONAZ;8024112;1790
FONGICIL 150MG OV B/3(ECONAZOL);8024129;2780
FORADIL 12MCG PDR INH BUC 30DOSES;3377337;15180
FORADIL 12MCG PDR INH BUC 60DOSES;3377343;28875
FORCAN 150MG CAPS B/1 TLG;2294997;1380
FORCIVITOL PDRE ORAL 1KG;6778516;17220
FORCIVITOL PDRE ORAL SACH 100G;3005920;2690
FORCIVITOL PDRE ORAL SACH 250G;6778545;4690
FORCIVITOL PDRE ORALE S 500G;3005914;7640
FOREVER A-BETA CAR.E GEL/100 R054;9005192;19000
FOREVER ABSORBENT-C CPR/100 R048;9021127;12820
FOREVER ACTIV HA GEL B/60 R264;9018697;25275
FOREVER ACTIV PRO-B CAPS B/30 R610;9011531;25000
FOREVER ACTIV PROBIOTIC R222;9006375;19000
FOREVER AIL-THYM GEL B/100 R065;9006205;12000
FOREVER ALOE ACTIVATOR 130ML R612;9023758;11890
FOREVER ALOE FIRST 473ML R040;9017479;14680
FOREVER ALOE HAND SOAP R523;419526;10000
FOREVER ALOE HEAT L.R064(EMUL.THER.;9036749;8500
FOREVER ALOE LEVRE R022 4,25GR;99954810;2500
FOREVER ALOE LIQUID SOAP F/473ML R633;9026633;13200
FOREVER ALOE MSM GEL R205;9004850;17390
FOREVER ALOE PROPOLIS CR 113G R051;9013814;12500
FOREVER ARGI+ R504 STICK PACKS;9002762;49000
FOREVER ARTIC SEA R376 B/120GEL;9004732;24000
FOREVER AVOCADO SAV VIS/COR R284;9006292;5000
FOREVER BEE HONEY 500G R207(MIEL);90054610;11500
FOREVER BERRY NECTAR 1L R034;90365910;18585
FOREVER BRIGHT ALOES R028 130GR;90186010;5500
FOREVER CALCIUM B/90 R206;9042026;16500
FOREVER COEUR D'ALOES 1L R077;9012861;16000
FOREVER CR LAVANTE 473ML R038;9005068;7000
FOREVER DAILY CAPS B/60 R439;9995409;13000
FOREVER DEO STICK ALOES R067;90315010;5690
FOREVER EMULS.ALOES LOTION R062;9005105;8500
FOREVER EMULS.THERM.ALOES R064;9002124;10500
FOREVER FAB 250ML R321;9045518;3000
FOREVER FABX 250ML R440;904405;2000
FOREVER FREEDOM 1L R196;9004703;27130
FOREVER GARCINIA PLUS GEL/70 R071;9023847;17000
FOREVER GELEE ALOES 118ML R061;9013783;10000
FOREVER GELEE ROYALE CPR/60 R036;9005200;17000
FOREVER GIN-CHIA CPR B/100 R047;9004324;10500
FOREVER GINGKO PLUS CPR/60 R073;9005559;19500
FOREVER IMMUBLEND REF355 B/60;411248;16440
FOREVER KIDS CAPS B/120 R354;2000553;11145
FOREVER LYCIUM PLUS CPR/100 R072;9005401;20460
FOREVER MULTI-MACA CPR/60 R215;9045091;19880
FOREVER PROPOLIS CPR B/60 R027;9002035;21000
FOREVER PULPE ALOES 1L R015;9004749;18585
FOREVER SAV LIQ ALOES R038;4192580;7500
FOREVER THERM CPR F/60 ;35091;19440
FOREVER VISION CPR B/60 R235;9001283;17000
FOREVER VITOLIZE MEN 374;9042968;24000
FORLAX 10G BUV SACH B/10;2027084;2355
FORLAX 10G BUV SACH B/20;3389978;4075
FORMAG FORT AD STICK A DILUER B/15;5601615;16685
FORMOL CPF FL/1L;6441389;3055
FORSEX 100/60MG CPR B/4 (SILDEN.DAP;8436027;5385
FORTADINE 4MG CPR B/30;8475257;1930
FORTADOL 37,5/325MG CPR B/16;9003342;1900
FORTALINE PLUS 500MG CAPS B/20;8146341;3860
FORTALINE SP FL/100ML;2292811;6685
FORTE PH DETOX 5 ORG F/500ML;6003595;14230
FORTE PH NUIT 8H CPR B/15;6035572;10450
FORTE PH.CHVX EXPERT CPR VIT/28;4851189;12630
FORTE PH.ENERGI P.50+ CPR B/28;8337868;10135
FORTE PH.LIXIFOR GEL B/30;8337874;8965
FORTE PH.MELATONINE 1000 CPR/30;2941675;5430
FORTE PH.MINCEUR 24 45+ CPR/28;9640008;16270
FORTE PH.MINCEUR 24 MEN CPR/28;4314540;16890
FORTE PH.MINCEUR 24+JR/NUIT CP/28;4574991;16960
FORTE PH.TIGRA+ MEN CPR B/28 ;4785239;16040
FORTECAL 500MG CPR B/30;8477888;2750
FORTEPHARMA FORTADIGEST CRP EFF B/20;8731157;10075
FORTEPHARMA FORTEBIOT+FLO INTES GEL B/30;8781675;13460
FORTEPHARMA FORTENUIT 8H GEL B/15;8556240;11235
FORTEPHARMA TURB S BUV F/500ML;8359166;14950
FORTEREC 20MG CPR ENR B/10;8436010;4965
FORTICOL BUV AMP 10ML B/20;2295011;3955
FORTIGEN SIROP F/120ML;9002437;2270
FORTIMEL DIACARE AROM FRAISE UNIT;9005614;2650
FORTIMEL EXTR 2KCAL FRUIT FORET UNITE;4550223;4390
FORTIMEL JUCY FRUIT FORET B/4 UNITE;6449416;3845
FORTIMEL PROT.AROM TROP GING. UNITE;1075;4605
FORTIMEL PROT.FRUIT ROUGE UNITE;8177560;4730
FORTIUS 10MGVCPR B/28;1240211;6200
FORTRANS PDR SACH/4;3288622;10605
FORTZAAR 100/12,5MG CPR PEL B/28;3774848;7880
FORTZAAR 100/25MG CPR PEL B/28;3518625;8295
FORTZAAR 100/25MG CPR PELL B/90;3714088;19705
FORTZAAR 100MG/12,5MG CPR PELL B/90;3774883;15455
FORVITAL COMP B/15;3294976;5250
FORXIGA 10MG CPR PEL B/30;8749476;16530
FOSAMAX 70MG COMP B/4;3595637;12790
FOSAVANCE 70MG/5600UI CPR B/4;3820181;25020
FOSFOMYCINE 3G GEL BUV SAC MONURIL ARROW;3941826;3860
FOSTIMON 150UI 1ML INJ B/1;4204314;36490
FOSTIMON 150UI/1ML PDR SOL B/5;3760970;172770
FOSTIMON 75UI/1ML INJ B/5;3760941;121275
FOURREAU PENIEN ADH SIL 29MM;8250937;3960
FOURREAU PENIEN ADH SIL 32MM/1;8250943;4785
FOURREAU PENIEN D25 SMALL;8104489;3135
FOURREAU PENIEN D30 MEDIUM;6557028;1700
FOURREAU PENIEN D35 LARGE;6557034;1700
FRACTAL 40MG GELULE B/28;3395803;24050
FRADEXAM CY F/5ML;5450274;8850
FRADEXAM PDE T/5G;4545021;7220
FRAGONARD EAU HONGRIE H EDTV 100ML;8285806;23265
FRAGONARD F EDTV 100ML;8285999;20675
FRAGONARD FRAGON F EDTV 100ML;8285545;20915
FRAGONARD SANTAL H EDTV 100ML;8285775;20670
FRAKIDEX COLLYRE FL/5ML;3473495;2330
FRAKIDEX POM OPHT T/5G;3264521;3375
FRAMOPTIC D SOL OPHT/AURIC F/10ML;8003989;2290
FRANCE LAIT 1 B/900G;6179029;9305
FRANCE LAIT 1ER AGE B/400G;8302261;4320
FRANCE LAIT 2 B/900;6192829;9300
FRANCE LAIT 2EME AGE B/400G;8302290;4320
FRANCE LAIT 3AGE CROISS.900G;8303421;9305
FRANCE LAIT 3EME AGE B/400G;8653807;4320
FRANCE LAIT AR B/400G 0-12MOIS;8303088;5430
FRANCE LAIT BLE BISC.250G(CEREAL);8296603;2075
FRANCE LAIT BLE FRUIT 250G(CEREALE);8296566;2090
FRANCE LAIT BLE MIEL 250G(CEREALE);8296508;1825
FRANCE LAIT CONFORT 1AGE 400G;1580361;4625
FRANCE LAIT CONFORT 2AGE 400G;8681181;4625
FRANCE LAIT DIASTASE CEREAL 250G;8352879;1840
FRANCE LAIT LF B/400G;8204593;5675
FRANCE LAIT PDR PREMIUM 1 B/400G;8358729;4010
FRANCE LAIT PDR PREMIUM 2 B/400G;8358735;4010
FRANCE LAIT PREMAT B/400G;8309613;5925
FRANCE LAIT RIZ FRUIT 250G(CEREAL);8233815;1825
FRANCE LAIT RIZ MIEL 250G(CEREAL);8233784;1840
FRECARDYL INJ  F/50ML VETOQUINOL;6867912;3230
FREESENS EMULS CORP ULT HYD 500ML;8354588;9180
FREESENS EMULS CORP ULT NOUR.1L;6016605;12000
FREESENS GEL DCHE COTON 1L;8354654;7670
FREESENS GEL DCHE SURG LOTUS 1L;8378560;6000
FREESENS GEL DCHE SURG MONOI 1L;6016604;7690
FREESENS GEL SURG ALOE VERA 1L;8354648;7835
FREESENS HUILE DCHE F/400ML;6016603;6000
FREESENS SAV MARS PROVENCE 1L;8354619;6000
FREESENS SAV MARS THE VERT 1L;8354625;7755
FREESENS SAV MARS.KARITE 1L;8368343;8240
FREESENS SAV MARS.LAVAND 1L;8354594;7500
FREESENS SAV MARS.ORANGE 1L;8354602;7620
FREESENS SAV MARS.VANIL.MIEL 1L;8354631;9020
FREESENS SOIN DES LEVRES;9033840;3435
FREESTYL OPTIUM ELECTROD B/100;9972489;31210
FREESTYLE LIBRE SELECT CAPTEUR;2000175;41590
FREESTYLE LIBRE2 LECTEUR GLYCEMIE;6036335;48000
FREESTYLE LIBRE2+ CAPTEUR;9100051;58835
FREESTYLE LITE B/50 BANDELETTE;5021797;31350
FREESTYLE OPTIUM NEO LECT GLYC;4133382;32740
FRESHEYE 0,5% COOL F/5ML;8495202;2310
FRICTION F. CREME PODO T/50ML;6209592;4930
FRICTION F. HUIL MASS REVIT 200ML;4794735;9975
FRICTION F.GEL JAMB LRDE 150ML;7759863;11390
FRICTION F.LOT.CORP 250ML;6402969;10530
FRICTION F.LOT.CORP 500ML;6402975;19540
FRIDIAL 30MG CPR B/20;9001828;2755
FRIDIAL ENF 250MG BUV F/50ML;9001811;4655
FRONTLINE SPRAY 100ML;90136210;9145
FRONTLINE SPRAY 250ML;9013808;17635
FRUCTINES 5MG COMP B/30;2029628;2730
FRUIT DU J.GARCON EDT/VAPO 50ML;8289974;6355
FRUIT DU J.GEL BAIN/DOUC VANIL;8281961;3990
FRUIT DU J.LAIT CORP VAN 200ML;8216745;1000
FRUIT/JARD EDT CLEMENTINE 15ML;8216886;1500
FRUIT/JARD EDT ORANG/CANN 15ML;82169310;1500
FRUIT/JARD EDT PAMPLEMOUS 15ML;82168710;1500
FRUIT/JARD EDT PASS/PATCH 15ML;8216923;1500
FRUITS DU JARD.EDT VANIL V 50ML;8275162;8500
FRUTY LINE GELULES B/120;7174677;27260
FUCA DRAGEES B/45;3333624;2515
FUCANOL 250MG/5ML PDRE SUSP F/100ML;8450091;3540
FUCANOL 500MG GEL B/12 (FLUCLOXA);8450085;2340
FUCICORT 2% CR T/15G;9001484;3705
FUCIDINE 2% CREME T/15G;3293184;2400
FUCIDINE 2% POMMADE T/15G;3041703;2400
FUCIDINE 250MG CPR PEL B/10;3676637;8790
FUCIDINE 250MG/5ML BUV F/50ML;9000958;9480
FUCIMED 2% CR T/15G;1405511;2140
FUCITHALMIC 1% GEL OPHTA T/3G;3319133;2825
FUCLO 1G PDRE SOL INJ F/1 + SOL 20ML;8450613;2755
FUCLO 250MG SUSP BUV F/100ML;8002205;3885
FUCLO 500MG GEL B/24;8003417;4025
FUCLO 500MG INJ B/1;2471383;1655
FUCUS GELULES B/50;9013607;2640
FUMAFER 200MG CPR B/100;3041809;1900
FUMAFER PDRE CHOCOLAT B/50G;3041815;1600
FUMARATE AC.FOL 200MG CP/100 TM;2293236;1575
FUMIGANT 20L;9065366;171180
FUNGIFEN 1% CR T/15G;8093981;1130
FUNGILYSE CREME 1% T/25G;8006901;2130
FUNGIZONE 100MG/ML BUV F/40ML;3041867;7115
FUNGIZONE NN SUSP BUV F/40ML+PIPETT;3462422;7115
FURADANTINE 50MG GEL B/21;3296449;4790
FURALINE 1000MG CPR B/1 20-40KG;9005720;10650
FURALINE 250MG CPR B/1 4,5-10KG;20088410;6390
FURALINE 500MG CPR B/1 10-20KG;9011235;8095
FURO DENK 40MG CP 10BL10;2291875;6420
FUROSEMIDE 40MG CPR SEC B/30 ARROW;6476769;4320
FUROSEMIDE 40MG CREA CPR 10BL10;5567740;3060
FURTERER COMPLEXE 5 REGEN.FL/50ML;6626396;32580
FURTERER KARITE CONC NUIT 100ML;7822633;14960
FURTERER KARITE NUTRI HUILE F/100ML;8275966;30520
FURTERER KARITE NUTRI INTEN 75ML;6019466;23290
FURTERER KARITE REVIT CR POT/200ML;4448157;18010
FURTERER MELALEUCA GEL EXFOL 75ML;4839343;12590
FURTERER TRIPHASIC PROGRESS 8 FLAC;6027810;76630
FURTERER TRIPHASIC SER.ANTICHUT.;6600132;67720
FUSIBACT 2% CR T/15G;1397121;1970
FUSIBACT 2% PDE T/15G;8453273;1970
FUSIDERM CR T/15G (AC.FUSIDIQ);9995421;3075
FUSIGEN 20MG CR T/10G;8087839;2075
FUSON 2% POMMADE T/15G;6838922;2560
FYTOBACT 2G INJ F/20ML;1737191;6890
G;4081053;6660
G-ABZOLE 400MG CPR B/1;8076540;720
G-CEFTRIA 1G IM/IV PDR SOL 10ML/1;8007533;2095
GABACET AMP BUV 10ML B/20;3220185;4440
GABAGESIC M CPR PELL B/30;8789470;5510
GABAPENTINE  BGR 600 B/90;13432;34800
GABAPENTINE ARROW 600MG B/90;2674263;41860
GABEN 75MG/750MG GEL B/100;8440402;7410
GABPEN 10MG CPR B/10;8476877;1515
GABRENE 600MG COMP B/40;3271194;16360
GAG-PR 1,5%10%3%5% GEL 30G;8454798;2480
GAGNERVE P 75/1,5MG CPR PEL/30;8476222;10745
GAIACOL PUR 250G;9422010;26825
GALACTOGIL LACT PDR BUV SACHT B/24;6023700;15980
GALANTAMINE LP 8MG GEL B/28 ARROW;2201286;12580
GALCIPRO 500MG CPR 1BL10;8061828;2440
GALIPETTE BABY CR LAV.500ML;1031379;2565
GALIPETTE BABY LAIT 500ML;1031511;2405
GALIPETTE BABY SH 500ML;1062374;2280
GALIPETTE BAIN MOUSSANT F/500ML;8380999;2275
GALLIA BB EXPERT AC TRANSIT1 800G;9147471;28635
GALLIA CALISMA 1AGE B/800GR;9090039;23400
GALLIA CALISMA 2 6-12 MOIS 1.2KG;9147710;27500
GALLIA CALISMA 2 B/800G;9147715;24720
GALLIA CALISMA 2 SYSTEME IMMUNITAIRE B/800G;6013914;16320
GALLIA CALISMA 3 B/1200G;9109972;37045
GALLIA CALISMA CROISSANCE 3 B/800G;9666781;22130
GALLIA CALISMA JNIOR4 B/900G;9073472;11610
GALLIA CALISMA RELAIS 1AGE 800GR;7595083;29680
GALLIA CALISMA RELAIS 2AGE 800GR;9089993;20800
GALLIA EXPERT AR1 800G;9148206;31590
GALLIA EXPERT AR2 800G;1482020;45670
GALLIA GALLIAGEST 3 B/800G CROISS.;9666806;19925
GALLIA GALLIAGEST PREMIUM 1 B/800GR;4684596;22835
GALLIA GALLIAGEST PREMIUM 2 B/800GR;9015523;20860
GALLIFEN 200MG/ML 125ML UEMOA HUVEPHARMA;1116537;8385
GALLIMUNE 208 ND/FLU 0,3ML 1000D;2281300;25805
GALLIMUNE 407 1000D;9023497;57220
GALLIMUNE H9+ ND 300ML;2042283;27875
GALLIVAC IB88 NEO 1KDS BL/10;8272838;8740
GALLIVAC IBD88 F/1000D;20422810;9725
GALOCID 40MG CPR B/100;8061952;7525
GALPEN 1GR PDR INJ+SOLV B/1;8061834;10635
GALVUS 50MG CPR B/28;8078177;8875
GALVUS MET FCT 50/1000MG CP B/30;8004718;8970
GALVUS MET FCT 50/500MG CPR B/30;8004724;8970
GALVUS MET FCT 50/850MG CPR B/30;8004693;8970
GALZOLE 200MG/5ML BUV F/10ML;8440448;1005
GAMALATE B6 COMP B/20;8007020;4310
GAMALATE B6 SOL BUV FL 80ML;2030695;4035
GAMETIX F SACH B/30;6641065;43985
GAMETIX M Q10 SACH B/30;5359409;44935
GAMMA NOR IGG INJ F/100ML;2416052;139700
GAMMA TETANOS INJ SER 2ML;3289219;27670
GAMOFLO 200MG CPR PEL SEC B/10;9001892;4710
GAMOK 1000MG/125MG CPR B/14;90051110;4710
GANFORT 0,3+5MG/ML 0,4ML CY UNIDOSE B/30;9026188;14280
GANFORT 0,3+5MG/ML CY SOL F/3ML;3757413;21125
GANIDAN 500MG CP B/20;3042387;1000
GANT EXAM NITRILE S/PDR TL B/100;8684251;17640
GANT MASSAGE LE KESSEL;9006530;3700
GANT MENAGE CAOUT.T/8 PAIR RR;8251954;865
GANT SPA KESSA LA SULTANE DE SABA;9223693;4000
GANTS CHIR STER  KING T/7,5 PAIR;8326043;455
GANTS CHIR STER KING T/8 PAIR;8326066;365
GANTS CHIR STER LABEL T/7 PAIR;8252037;695
GANTS CHIR STER LABEL T/7,5 PAIR;8007065;615
GANTS CHIR STER LABEL T/8 PAIR;8218017;490
GANTS CHIR STER LABEL T7,5 P/20;8218371;15000
GANTS D'EX. LABEL 6/7 P/100 LATEX;8255691;7940
GANTS D'EX. LABEL 7/8 P/100 LATEX;8255716;9020
GANTS D'EX. LABEL 8/9 P/100 LATEX;8255722;7625
GANTS D'EX. N/S (7-8) P/100 SANTEX;9019121;9100
GANTS D'EX. N/S (7-8) P/100 SURGIPAL;9005051;5000
GANTS D'EX. N/S 6-7 P/100 N. PDRE;9004560;4550
GANTS D'EX. N/S 7-8 P/100 ALLIANCE;8218187;9970
GANTS D'EX. N/S 7-8 P/100 N. PDRE;9004212;4950
GANTS D'EX.N/S  7/8 P/100 BALISA ;8325948;5455
GANTS D'EX.N/S 7/8 P/100 CPF;8140315;6870
GANTS DE REVISION UTERINE P/2;9042282;3900
GANTS N/S POLYETHYL.MED P/100 UNITE;9014067;100
GANTS SUPER KRUTEX B/100 UNITE;9014038;105
GANVIR 1,5MG GEL OPHTALMIQ STE T/75ML;8479485;6515
GANYMOL 1000MG SUPPO B/10;8004799;3690
GANYMOL 125MG SUPPO B/10 (PARACETAM;8004747;1390
GANYMOL 250MG SUPPO B/10;8004753;1075
GANYMOL 500MG SUPPO B/10;9013949;3265
GARDASIL 9 INJ SER PRER 0,5+2AIG 26ANS REMB;56202;115700
GARDENAL 100MG CP B/20;3042536;2560
GARDENAL 10MG CP B/80;3042507;1710
GARDENAL 40MG PDRE LYOPH INJ/1;3286209;10800
GARDENAL 50MG CP B/30;3042513;1060
GARNIER BODY TONIC LAIT CORP/250ML;9062178;10300
GARNIER LAIT HYD HLE MERV.250ML PS;8563286;4625
GARNIER LAIT MIEL REPAR.250ML P.E.S;85632710;5995
GARNIER LAIT NOUR.OLIVE 250ML PTS;8563263;3000
GARNIER PACK VISAGE;2471583;12915
GARNIER PUR ACT EAU MIC 400ML PGS;4159499;4960
GARNIER PUR ACT SOIN CORR T/40ML;4189342;6320
GARNIER PUR ACT. SOL MICELL PG 400ML;8556642;5270
GARNIER PUR ACT.CR 3/1 NET.150ML PG;9400008;6660
GARNIER PUR ACT.GEL NETT.200ML PG;90552810;6660
GARNIER PUR ACT.POINT NR MASQ/150ML;8556636;5820
GARNIER PUR.ACT INT CR NET T/150ML;4029199;6660
GARNIER PURE LOT ASTRING.200ML;9050376;6150
GARNIER SKIN ACT.BIPH.100ML PS;4210415;2350
GARNIER SKIN ACT.EAU MIC.400ML PMS;59497510;3945
GARNIER SKIN NAT.EAU MIC.BIPH.400ML;4174458;6570
GARNIER SOL MICEL.PG 400ML;8121080;3950
GARNIER SOL MICEL.PS 400ML;8556599;4035
GARNIER SOL MICEL.PSS 400ML;9062155;4035
GARROT CAOUTCHOUT;8267576;1535
GARROT TOURNIQUET;9048008;1415
GASDEP GEL B/30;8393163;4725
GASEC 10MG CPR B/14;2289826;4850
GASEC 20 GASTROCAPS B/14;2027138;4850
GASEC 20 GASTROCAPS B/7;2027144;5680
GASEC 20MG GASTROCAPS B/28;2269137;8985
GASPRAL 20MG GEL B/15;8066151;2880
GASPRAL 20MG GEL B/30;2277378;5525
GASPRAL 40MG INJ IV PDRE+SOLV/1;8084261;3185
GASTRALGINE COMP B/40;3336462;3210
GASTRICID CPR MACHER P/4 B/50;8011894;31715
GASTRIDIN 150MG CPR B/20;8021065;2790
GASTROMAG 250/250MG SP 200ML;2289312;1260
GASTROPAX PDRE 100G;3043085;6050
GASTROPULGITE PDRE SACH B/30;3042855;3635
GATISTAR CY F/5ML (GATIFLOXACINE);8008001;3595
GAVISCON 500MG CPR MENTH B/20;3679096;2120
GAVISCON ADVANCE ANIS F/150ML;1003199;3515
GAVISCON ADVANCE MENT 150ML ;1198421;3515
GAVISCON SUSP BUV FL/250ML;3228502;4350
GAVISCON SUSP BUV NN F/150ML;3375367;4500
GAVISCON SUSP BUV SACH B/24;3309525;4960
GAVISCONELL BUV MENT SS SACH/24;3385176;17325
GAVISCONELL BUV SACH B/12;3825451;14150
GAVISCONELL MENT CPR CROQ/24;3679274;11150
GAVISCONPRO SUSP BUV SACH MENT B/10;3762176;12180
GBACTIN 500MG CPR  B/24;2038768;4960
GDUEZE KIT B/7;8774988;11000
GEL ANTI BACT 300ML NEVADERM;12821;825
GEL ANTI BACT 350ML BACTIGEL;53264;825
GEL ANTI BACT 500ML VIRUSTOP/SIVOD;54600;1540
GEL ANTI BACT 85ML SIVODERM;32757;410
GEL ANTI BACT BLEU 70ML;1299662;410
GEL ANTI BACT BLEU FL/450ML;1299656;1230
GEL ANTI BACT JAUNE 450ML;12996410;1375
GEL ANTI BACT JAUNE 70ML;8626153;385
GEL DE CALAMINE T/50ML;3397630;10670
GEL HYDROALC.475ML PHARMADERM;8628264;1100
GEL LARMES OPHTALMIQUE T/10G;3319481;3310
GEL LARMES UNIDOSE B/30;3565062;4280
GEL LUBRIF INTIMY FL.COTON 70ML;8511042;3490
GEL LUBRIF INTIMY POWER T/70ML;8381852;3655
GEL LUBRIF INTIMY T/70ML;8381415;3210
GEL LUBRIF.INTIM 50ML VENDOME;8218833;3455
GEL MAIN ANTIBACT.470ML SIVOP;8147599;1280
GEL MASS INTIMY POM. AMOUR 200ML;8306537;3320
GEL ROSE F/500ML (GEL DCHE VIT E);8298884;3460
GEL TRIO F/250ML (ATSEP/GYNEC.DERMA;8396500;2455
GEL+ GEL MAIN DESINF INCOL 450ML;8629565;1375
GEL+ GEL MAIN DESINF INCOL 70ML;8629571;410
GEL+ GEL MAIN DESINF INCOL F/1L;8629588;2310
GELDENE 0,5% GEL EXT T/50G;3316703;2510
GELDERM 0,5G/0,2 SOL F/200ML;1871231;2850
GELDERM 0,5G/0,2G SOL MOUSS F/125ML;8816758;1850
GELEE ROYAL AMP BUV 10ML B/20 CPF;1228311;12770
GELIOFIL GEL VAGINAL B/7;7435296;13125
GELOFUSINE SOL INJ 4% FL/500ML;5574705;4200
GELSEMIUM 30CH DOSES;1333241;1430
GELSEMIUM SEMPERV 15CH DOSE;333204;1390
GELSEMIUM SEMPERV 15CH GR;333793;2910
GELSEMIUM SEMPERV 9CH GR;333109;1450
GELTIM LP 0,1% CY UNID B/30;3706829;8665
GELULES IVOIRE N 1 B/1000;6113107;21660
GELULES IVOIRE N 1 B/5000;4667132;95170
GELULES IVOIRES N 3 B/1000;9036784;10720
GELULES PULULANE NEUTRE T0 B/100;1400871;3620
GELULES PULULANE NEUTRE T00 B/80;1400925;3620
GELULES SANIPH N0 IVOIRE B/1000;6113099;25885
GELULIER MANUEL T0 B/24GELULES;9003879;20900
GELULIER MANUEL T00 24GELULES;90025110;20900
GELUPRANE 500MG GEL B/16;3258615;1400
GEMCITABINE 1000MG INJ PDR ACCOR;5722672;72080
GEMCITABINE 1000MG INJ PDR ARROW;5737219;40610
GEMCITABINE 200MG INJ IV ACCOR;5725653;9730
GEN M 15/90MG PDR BUV 30ML;8024572;1395
GEN M 20/120MG CPR DISP B/24;8048986;2635
GEN M 40/240MG CPR DISP S.B/12;8024543;2385
GEN M 80/480MG CPR B/6;8024537;2510
GEN M DS 30/180MG PDR BUV 30ML;8024589;2010
GENACID SUSP BUV F/200ML;8066033;1380
GENACOL ANTI DOULEUR CAPS/90;7510106;22960
GENACOL OPTIMUM BUV F/450ML;7515003;22960
GENACOL PLUS CAPS B/90;5003003;57775
GENACOL SOMMEIL ARTIC.CAPS B/90;5130003;24605
GENART 80MG/ML SOL INJ 1ML B/6;8072393;4755
GENCLAV 1/200MG IM/IV PDRE SOL INJ F/1;8467803;2205
GENCLAV 1G/125MG BUV SACH/16;8437794;6890
GENCLAV 250/31,25MG PDR BUV S/12;8437771;3445
GENCLAV 500/62,5MG PDR BUV S/12;8437788;4820
GENCLOBEN 1/0,5/10MG CR T/30GR;8076698;3690
GENCLOBEN 500/65000UI/150MG OV/7;8469759;4640
GENEM 1G IV PDRE INJ PERF/1;8473146;13790
GENERVE CPR B/30;8544811;6170
GENES FER CPR EFF B/12;2286029;3925
GENES GROSSESSE CPR EFF B/12;2286041;4105
GENES JUNIOR CPR EFF B/10;2286012;2840
GENES MULTI AD CPR EFF B/10;2286006;2855
GENES PLUS CPR EFF B/12;2286035;3955
GENES VIT+MG 300MG CP EFF B/10;8248633;3190
GENESIA GEL B/20;8555565;5365
GENFER 100MG/2ML AMP INJ B/5;8065938;11570
GENFORTE 100/125MG BUV F/120ML;8060757;1285
GENFORTE 400/500MG CP/100(IBUP.PARA;8076497;9675
GENOUIL ANAT.T4 NOIR VELPEAU;4658400;15555
GENOUIL ARTIC.T1 R1430 PHARNEA;7356875;37485
GENOUIL COOPER GLR ART.T5 NOIR;9966307;61390
GENOUIL COOPER GLR T4 NOIR;4443438;27165
GENOUIL COOPER GLR T5 NOIR;4443444;26245
GENOUIL DYNASTAB T2;6253892;31780
GENOUIL GENU DYNAS GRISE T3;7066657;27100
GENOUIL GENU DYNAS GRISE T4;7066806;29685
GENOUIL GENU DYNAST T2 GRISE ;7066640;26855
GENOUIL GENU DYNAST T6 GRISE ;7066864;29730
GENOUIL GENU DYNASTAB GRIS T5;8659684;29790
GENOUIL GENU IMMO GRIS H50CM TL;8307034;33625
GENOUIL GENU IMMO GRIS H50CM TM;8307028;32765
GENOUIL GENU IMMO GRIS H60CM TM;8307057;33710
GENOUIL GENUACT ROTULE GRIS T2;9614525;9275
GENOUIL GENUACTION GRIS T3;8665495;9275
GENOUIL GENUACTION GRIS T4 ;8665503;9345
GENOUIL GENUACTION GRIS T6;8665532;9280
GENOUIL GENUACTION T1 GRIS;8665472;8035
GENOUIL GENUEXTREM ROT GRIS T 4 THU;8316062;11480
GENOUIL GENUEXTREM T5 GRIS REF2321;9614695;12180
GENOUIL GTHO V5-11 T10 R5763;9015233;10610
GENOUIL LIG GTHO T1 R6212;6381925;37285
GENOUIL LIGA ROTUL BLANC T3;9966098;46715
GENOUIL LIGACT CITY ARTIC T3 MARRON;9739847;61615
GENOUIL LIGACT PRO T3 BLE/N VELPEAU;4658570;60460
GENOUIL LIGACT T1 NOIR VELPEAU;4658475;39300
GENOUIL LIGACT T2 NOIR VELPEAU;4658481;38485
GENOUIL LIGACT T3 NOIR VELPEAU;4658498;40500
GENOUIL LIGACT T4 NOIR VELPEAU;4658506;40800
GENOUIL LIGAFLEX T4L FERM GRIS THUA;7075171;54550
GENOUIL LIGASTRAP DBL SANGLGE T2;6253898;31260
GENOUIL LIGASTRAP DBL SANGLGE T3;6253899;31260
GENOUIL LIGASTRAP DBL SANGLGE T4;6253900;31260
GENOUIL LIGASTRAP DBL SANGLGE T5;6253901;31260
GENOUIL SALVA ACT.GL 300-2 T/4 H/F;9015144;18335
GENOUIL SALVA ART OUVERTE T2;4051230;62185
GENOUIL SALVA CONT CONF ACT T1;8701558;10305
GENOUIL SALVA CONT CONF ACT T3;8701570;10345
GENOUIL SALVA CONT CONF ACT T5;8701593;8415
GENOUIL SALVA CONT CONF ACT T6;8701601;10875
GENOUIL SALVA CONTENT CONF ACT  T4;8701587;10380
GENOUIL SALVA CONTENT.T1;4319744;7360
GENOUIL SALVA CONTENT.T2;4319750;8000
GENOUIL SALVA CONTENT.T5;4319796;8990
GENOUIL SALVA GL T2 BLANC;7332231;20820
GENOUIL SALVA GLR ART.T1 NOIR;9966253;63745
GENOUIL SALVA GLR ART.T3 NOIR;9966282;65595
GENOUIL SALVA GLR ART.T4 NOIR;9966299;53215
GENOUIL SALVA GLR T2 NOIR;9966201;38080
GENOUIL SALVA GLR T3 NOIR;9966218;31900
GENOUIL SALVA L+ROT ACT T6 COOPER;8702486;38970
GENOUIL SALVA LIG/ROTU ACT T3;6314978;71650
GENOUIL SALVA LIG/ROTU ACTIVE T4;9966276;38970
GENOUIL SALVA LIG/ROTU ACTIVE T5;9966313;44925
GENOUIL SALVA LIGA ACTIVE T2;9966081;25460
GENOUIL SALVA LIGA ACTIVE T3;6314985;26710
GENOUIL SALVA LIGA+ACTIVE T/6;8702500;29870
GENOUIL SALVA LIGA+ACTIVE T6;9528234;31745
GENOUIL SALVA PROGRESS T2;7640553;46715
GENOUIL SALVA PROGRESS T3;7640576;46715
GENOUIL SILISTAB G2 FERM ROTUL T2;4745961;27765
GENPAR 1000MG INJ F/100ML;8098346;1380
GENPRESS 1,25MG CPR B/30;8097269;5540
GENPRESS 2,5MG CPR B/30;8097298;6020
GENPRESS 5MG CPR B/30;8097329;6845
GENSET 10MG CPR B/30 (CETIRIZINE H.;8009590;2510
GENSET SUSP BUV F/60ML;8009609;1410
GENSIL M GORGE OR P B/24;8653919;2660
GENSIL MAUX GOR MENTH P B/24;8653902;2705
GENSKIN CR EMOLL PROTECT 250G;8569857;3910
GENSKIN CREME SOL ANT-AGE T/50G;8663237;10680
GENSKIN ECLAT CR NRISSANTE 250G;8604594;6450
GENSKIN EXFOL CREME VISAGE CHARBON/100G;8664484;7270
GENSKIN GOLD HUILE CORPS CHVX F/100ML;8678598;8990
GENSKIN LOTION HYDR VISAGE/CORPS T/500ML;8590573;10925
GENSKIN MASQ CURCU/SANTAL 100G;1591941;7265
GENSKIN NETT VISAGE EXTRA DX 100G;8686037;4545
GENSKIN SAV EXFOL ALOE KARITE/150G;8663220;4520
GENSKIN SAVON PRIF CHARBON 150G;8663214;4230
GENTA 0,3% GTTE F/5ML (YX/OREIL);8113867;1410
GENTAGAM 80MG INJN AMP 2ML B/1;8029960;970
GENTALLINE POM OPHT T/5G;3244412;1435
GENTAMED 0,3% COLL F/5ML;8420339;1065
GENTAMED 0,3% PDE OPHT T/5G;8420345;1395
GENTAMICINE 40MG INJ B/10 PAN;2277326;5790
GENTAMICINE 80MG INJ 2ML B/1 PANPH;3269501;2150
GENTAMICINE 80MG INJ B/10 PANPHARMA;5568248;4160
GENTAMICINE 80MG/2ML INJ B/25 TM;8014349;4960
GENTAMICINE TM 0,3% CY F/5ML;8014355;725
GENTAMOX INJ 100ML UNITE B/12;9027029;8640
GENTASOL 0,3% COLL F/5ML;8095891;1200
GENTOVIR 300MG CPR B/30 (TENOFOVIR);8435111;7605
GENTYL 0,3% CY F/5ML;8454203;1000
GENUPHIL 375MG/300MG/375MG CPR B/20;8442507;5470
GENVAS 10MG CPR B/30;8451558;6200
GENVAS 20MG CPR B/30;8451564;8940
GESIL DENTIFRICE PLANTES MENTH T/200G;8720834;3920
GESKAN CREME T/15G;6801540;3870
GESTANE GROSSESSE CAPS B/30;8352253;5375
GESTARELLE G CAPS B/30;7104754;5440
GESTARELLE G GROS.CAPS B/30;9836562;13600
GESTID CPR BT/20;8007409;1100
GESTREL 1,5MG CPR B/1;8475501;785
GEZID 80MG CPR B/30;8456550;6985
GIAGRA 50MG CPR B/4;8428163;4135
GIANT 20MG/5MG CPR PELL B/28;8787442;13305
GIANT 40MG/10MG CPR PELL B/28;8787465;15840
GIANT 40MG/5MG CPR PELL B/28;8787459;14575
GIEFFEFFE EDT V 100ML;9014630;19265
GIL DENTACTIV 4PDRE F/75G;8771211;3730
GILBERT CPRESS ALCOOL B/12;3186525;2435
GILET CONTENT.EPAULE ENF SALVA;2029166;13885
GILET CONTENT.MEMB SUP T2;7934467;20000
GILET CONTENT.MEMB SUP T3;7934473;17940
GILET CONTENT.MEMB.SUP.T1 CPF;7934450;18910
GILET IMMO COUD/EPAUL T1;6333009;9585
GILET IMMO COUD/EPAUL T2;6333008;9675
GILET IMMO EPAULE VELP EPBLOC NR/VERT T2;6089658;13585
GILET ORTHOP T0 MARINE VELPEAU;4662270;48825
GILET ORTHOP T1 MARINE VELPEAU;4662287;48955
GILET ORTHOP T2 MARINE VELPEAU;4663536;37920
GILET ORTHOP T3 MARINE VELPEAU;4663542;48995
GILET STAB EPAUL T3 121-150 THUASNE;9951613;10830
GILLETTE BLUE II PLUS P/5;8754164;1925
GILLETTE RASOIR BLUE III  S/3;8154932;2960
GILLETTE RASOIR BLUE2+ P/3 MEN;8359404;1195
GILLETTE RASOIR MACH3 1UP;8318055;4930
GILLETTE RECH MACH3 P/2;8318032;5500
GILLETTE RECH MACH3 P/4;8318049;9820
GINGEMBRE MOULU PDRE;9333424;2000
GINKGO 40MG CPR PELL B/30 BIOG;4982135;5150
GINKOCER 40MG CPR B/30;2291898;4200
GINKOPRIM MAX CPR B/30;8079633;7855
GINKOR FORT GELULE B/30;3304321;7575
GINKOR MOMO CAPS CAPITAL CEREBRAL B/60;2853511;20585
GINKOR PROCTO SUPPO B/10(NSFPL);3173899;3695
GINSENG GELEE ROY.AB 10ML B/10;4704235;4990
GIORGIO ORIG EDT ATO WW035 50ML;9020866;39585
GIORGIO RED MEN EDT SPRAY 100ML;90050010;62000
GIORGIO WINGS EDT VAPO 50ML;9003974;15000
GIORGIO WINGS FOR MEN EDT VAPO 50ML;9004991;27930
GIOTRIF 40MG CPR B/28;7565878;1626970
GIVENCHY AMARIGE EDTV 100ML;9005803;70055
GIVENCHY ANGE&DEMON F EDPV 500ML;9043726;72940
GIVENCHY GENTL EDPV100ML+EDP15;6233490;80360
GIVENCHY GENTL EDPVB100+EDPV12,5;7243521;85305
GIVENCHY GENTL SOCIET EDTV100+GD75ML;2277711;89630
GIVENCHY GENTLEMAN EDTV 100ML;9024083;56190
GIVENCHY HOT COUTUR EDPV 50ML;7928231;55000
GIVENCHY L'INTERDIT -COFFRET EDP 50ML+LT CORPS 75ML+MINI ROUGE A LEVRES LE ROUGE INTERDIT 333;9024108;91690
GIVENCHY LIVE IRR.EDTV50+LAI75;7238153;65000
GIVENCHY-IRRESISTIBLE-COFFRET EDP 50ML+LT CORPS 75ML+MINI ROUGE A LEVRES ROS PERFECTO;141404;91690
GIVENCHY-L'INTERDIT ROUGE-COFFRET EDT 50ML+MINI LE ROUGE A LEVRES DEEP VELVET N°37;9021794;89630
GLAM'S BATONNETS SACH/10;4014401;800
GLAM'S BROSSE;9009468;600
GLAM'S COFFRET FETE MERES;9330035;5000
GLAM'S CR CONF.MAIN/ONGL 200ML;10866;2000
GLAM'S CR CONF.MAIN/ONGL 75ML;10843;2000
GLAM'S CR MOUSSE (FDT);3819516;9000
GLAM'S CRAYON PERFECT LINE;118658;4440
GLAM'S CRAYON SOUCILS;9002176;4440
GLAM'S CRAYON SOURCIL LINE UP;108921;2000
GLAM'S DISSOLVANT A/ACETONE 200ML;6148850;2000
GLAM'S DISSOLVANT S/ACETONE 200ML;6200378;2370
GLAM'S EAU DEMAQ VIS/YX F/200ML;40666;3625
GLAM'S EPONGES 24 MORCEAUX;9003773;2520
GLAM'S EPONGES 8 MORCEAUX;9131726;1500
GLAM'S EYE CONCEALER;9047049;2500
GLAM'S EYE LINER FEUTRE;1146;6070
GLAM'S EYE PENCIL TRACE IT 14H;8058648;2145
GLAM'S EYE PENCIL TRACE IT 24H;9638738;2500
GLAM'S EYELINER F/4ML;9036459;5480
GLAM'S EYES LENER MAT;1939877;5000
GLAM'S FARD A JOUE B/3,5G;9010307;1000
GLAM'S FARD QUATRO 4,5G;1176379;2500
GLAM'S FARD TRIO B/1,3G;9017574;1200
GLAM'S FARD TRIO VIOLET 1,3G (PROMO;1115811;1040
GLAM'S FIXATEUR;9021995;5000
GLAM'S FLUID MATT PERFECT.30ML(228,230,232,234);1165559;5000
GLAM'S GLOSS;1400150;2500
GLAM'S GLOSS GM;9006903;2600
GLAM'S GOLD EYE L.PENCIL 1,14G;2000174;3400
GLAM'S GOMMAGE EXF.250ML;8140887;1500
GLAM'S KAJAL PERFECT;11423;2500
GLAM'S KAJAL SUBLIME;7580207;1500
GLAM'S KAJAL T/1ML;9035046;2500
GLAM'S LIME P/2;4023469;2000
GLAM'S LINGETTE;8001950;1200
GLAM'S LIP CONTOUR;5361553;2145
GLAM'S MAKE UP HIGHLIGHTER;239221;4290
GLAM'S MASCARA 400 T/8,5ML;9035052;5000
GLAM'S MASCARA 411;9034408;6500
GLAM'S MASCARA 412;9034489;7000
GLAM'S MASCARA 413;9021848;7000
GLAM'S MASCARA 414;9028879;7000
GLAM'S MASCARA 415;9033337;7500
GLAM'S MASCARA N401-402-403;9060558;1000
GLAM'S MASCARA WOW 10ML;2000116;8290
GLAM'S MATT OBSESS;3443347;5705
GLAM'S PDRE CPACT INVISIBLE 195;117535;4145
GLAM'S PDRE LIBRE IRISEE;116665;4735
GLAM'S PINCEAU 640;90150110;4000
GLAM'S PINCEAU 641;6500198;10360
GLAM'S PINCEAU 642;9014788;6000
GLAM'S PINCEAU 644;9016617;5000
GLAM'S PINCEAU 644;9021981;2500
GLAM'S PINCEAU 646;9743286;4000
GLAM'S PINCEAU 648;9014802;3700
GLAM'S PINCEAU 650;9021050;7000
GLAM'S PINCEAU 650;9021989;4000
GLAM'S PINCEAU 651;9002006;1700
GLAM'S PINCEAU GOUPILLON 652;112861;1560
GLAM'S PRIMER;9228650;6330
GLAM'S PRIMER PORE MINIMIZER;9028141;6660
GLAM'S RAL 936 ,930 3,5GR;9037625;1800
GLAM'S RAL BE MINE;1135305;2500
GLAM'S RAL CRAYON;11452;1500
GLAM'S RAL KEEP IT MATT';4702331;3250
GLAM'S RAL LQ MAT;1820001;3960
GLAM'S RAL MAT OBSESS;9060400;1800
GLAM'S RAL SEMI MAT;11661;4000
GLAM'S RAPE PEDICURE;9021185;2500
GLAM'S ROUGE A LEVRE F/3,5G;9045300;2500
GLAM'S ROUGE A LEVRE MAT;3190343;2500
GLAM'S TAILLE CRAYON;3557080;2600
GLAM'S TROUSSE ST VALENTIN;9039676;15980
GLAM'S TWO CARE CAKE B/10G;9330012;7500
GLAM'S VERNIS;9024835;2100
GLAM'S VERNIS BYE BYE;9041638;2100
GLASSES CLEANING FLUID 50ML;9022055;2960
GLEMPA 10MG CPR B/30;8752900;7575
GLEMPA 25MG CPR B/30;8752917;10330
GLEVO 500MG CPR B/5;4047613;6890
GLIBENCLAMIDE 5MG CPR B/100 TM;8035073;1505
GLIBOMET 400MG/2,5MG COMP B/40;8040223;3475
GLICAMET 80MG/500MG CPR B/30;8730169;5405
GLICAMOL 80MG CPR B/10 (GLICLAZIDE);8085390;2755
GLIDE LP 60MG CPR B/150;8472017;27550
GLIDE LP 60MG CPR B/30;8084350;7785
GLIDE M LP 60/850MG CPR B/30;8084396;12400
GLIDE M LP 60MG/500MG B/30;8084367;12400
GLIDIABET 5MG COMP B/30;5015466;1640
GLIFLOZ 10MG CPR B/30;3720896;9650
GLIFLOZ M 10MG/500MG CPR B/30;3735596;11435
GLIM FRTE 800/80MG CPR B/30;8066837;6920
GLIMEPIRIDE 4MG CPR B/30;7657433;5020
GLIMEPIRIDE DENK 2MG CPR B/30;8071519;4850
GLIMEPIRIDE DENK 3MG CPR B/30;8071554;5265
GLIMERON 2MG CPR B/30;8482197;4135
GLIMERON 3MG CPR B/30;8482205;5510
GLIMERON M2 2MG/500MG CPR B/30;8482228;5370
GLIMERYL M 500MG/2MG CPR PELL B/30;8473382;5855
GLIMIWEL 2MG CPR B/30 (GLIMEPIRIDE);8417567;2660
GLIMIWEL 4MG CPR B/30;8417573;3805
GLIMSY 2MG CPR B/30;8432070;4440
GLIMSY 4MG CPR B/30 (GLIMEPIRIDE);8432087;6325
GLIZAR MR LM 60MG CP SEC B/30;8467499;8265
GLOBIFERINE SP F/200ML;8544840;4270
GLONOINUM GR 7CH;3428148;5390
GLORION 4MG COMP B/30;8055696;10210
GLUCAGEN KIT;9030600;19220
GLUCART CPR B/10;8555312;1710
GLUCO-EDGE NOLAN B/50 BANDELETTES;8544900;11665
GLUCO-EDGE NOLAN GLUCOM. B/1;8544892;19995
GLUCOBAY 100MG CPR B/90 (ACARBOSE);8083942;19630
GLUCOBAY 100MG CPR B/90 PL/10;7342761;2185
GLUCOBAY 50MG CPR B/90 (ACARBOSE);8083936;11295
GLUCOBAY 50MG CPR B/90 PL/10;8104791;1260
GLUCOMETRE CODE FREE SD LECT GLYC B/1;8365801;15000
GLUCOPHAGE 1000MG CPR B/30;8480206;3470
GLUCOPHAGE 500MG CP B/50;3044788;1905
GLUCOPHAGE 500MG CPR B/30;8481849;1210
GLUCOPHAGE 850MG COMP B/30;3044802;3280
GLUCOPHAGE 850MG CP B/100;2289849;10950
GLUCOR 100MG COMP B/90;3375315;18760
GLUCOSAMINE CHONDR.CPR B/60;4404817;25225
GLUCOSE PUR ANHYDRE S/50G B/20 ;6576480;16630
GLUCOVANCE 1000MG/5MG CPR B/30;1215122;4915
GLUCOVANCE 500/2,5MG CPR B/30;3580162;4520
GLUCOVANCE 500/5MG CPR B/30;3580280;4520
GLUKOTEST BANDE B/50;9016451;8790
GLURENOR 30MG COMP B/20;8020858;3390
GLUSIMET 50/1000MG CP B/56;8455906;13775
GLYCERINE 125ML DP PHARMA;7731008;1420
GLYCERINE GILB F/60ML;2025352;2600
GLYCERINE IODEE DE 30 CC;2921;970
GLYCERINE OFF DP PHARMA 60ML;7731014;1020
GLYCERINE OFFIC.PHARMA 1L;4270156;6950
GLYCERINE PURE DE 125 CC;2884;2430
GLYCERINE PURE DE 30 CC;9000183;895
GLYCERINE PURE DE 60 CC;2861;1420
GLYFERON 1000MG CPR B/30;8444908;2840
GLYFERON 850MG CPR B/30 (METFORMINE;8444883;2755
GLYMAX LP 500MG/2MG CPR B/30;8438109;4165
GLYREE-M 2 CPR B/30;8020189;5430
GLYSET 2MG CPR B/30;2299718;4755
GLYSS ADULTE SUPPO B/10;2033274;1155
GLYSS BEBE SUPPO B/10;2033280;950
GLYSS ENF SUPPO B/10;9000208;950
GLYTEC 100MG CPR B/30;8752946;8265
GLYTEC-M 50MG/1000MG CPR B/60;8781882;13775
GNEB 5MG CPR B/28;8491871;3445
GO SPAS MAX 80/250MG CPR B/20;8434614;2925
GOLDEN GLOW CAPS B/100(HLE FOIE MOR;8023621;4840
GOMENOL SOLUB AERO AMP 5ML B/5;3045687;2590
GOMME D'ACACIA VANIL 50G GOUT A L'ANCIEN;6167764;3235
GOMME XANTHANE (GRADE TRANSPARENT);9028721;3820
GONADO CHORIO ENDO 1500 INJ/3;3045842;5555
GONADO CHORIO ENDO 5000 INJ/1;3045807;21115
GONAL F 75UI NEC INJ B/1;3577929;24245
GONAL F 900UI 66MCG STYLO INJ;3634811;264482
GONAL F STYL 300UI/0.5ML+8AIG;3634797;88160
GONAL-F 450UI/0,75ML INJ B/1;3634805;149430
GONAPEPTYL 3,75MG SER 1ML;3584467;85185
GOOD BURN BRULE GRAIS GUM B/60;1657421;15820
GOOD CLEAN A.IMPERF GUM B/60;1657361;15820
GOOD DETOX ESS BOOST GUM B/60;1657351;15820
GOOD HAIR MEN A.CHUT GUM B/60;1657331;15820
GOOD SKIN VIT PEAU SUBL GUM B/60;1657341;18990
GOOD SLIM BOOST PERTE POIDS B/60;1657411;15820
GORPILS PAST B/24 CITRON;8432443;1380
GORPILS PAST B/24 MENTH.EUCALYPTUS;8432472;1380
GORPILS PAST B/24 MIEL CITRON;8432466;1380
GOUDRON VEGETAL 1L;9014831;26865
GRAMOCEF O 100MG BUV F/100ML;8008254;6230
GRAMOCEF O 200MG CPR B/10;8077226;4050
GRAMOCEF O 400MG GEL B/10;1397531;9480
GRAMOCEF O 50 DS F/100ML;8109191;4920
GRANI DENK 1MG/ML SOL INJ 1ML B/5;8058513;14630
GRANI-DENK 1MG/ML SOL INJ 3ML B/5;8068109;18650
GRANIONS CHROME BUV 2ML B/30;4504223;16730
GRANIONS D'OR AMP BUV 2ML B/10;3046273;1405
GRANIONS MAGNESIUM 360 CPR B/60;5212471;17455
GRANISETRON OMEGA 1MG/ML IV B/10;8422893;51685
GRANUDOXY GE 100MG CPR SEC B/15;3263964;3820
GRAPHITES 15 CH GR;348128;1250
GRATTE LANGUE HALITA;7379480;4860
GRATTE LANGUE PIERROT ;8555619;915
GRAVIBINAN AMP INJ 1ML B/1;3039741;1550
GREEN TEA NUTRIVRICH SACHET B/15;9018349;10425
GRES CABOTINE EDP 100ML;9042715;21570
GRES CABOTINE EDTV 100ML;1149419;18480
GRES CABOTINE EDTV100ML+LAIT200ML;7286123;30845
GRES CABOTINE ROSE-EDT VAPO 100ML+LT PARF CORPS F/200ML;9008747;30845
GRES-CABOTINE DUO-EDT50+BL50;4171169;27025
GRIPAL 500/2/5MG CPR B/100;8440810;4935
GRIPAL SP F/150ML;8440804;1110
GRIPAR CPR B/10;1304481;980
GRIPEX 4,5MG PDR SUSP SACH/10;8015610;2700
GRIPLYSE CPR B/20;8000100;1860
GRIPLYSE SP F/100ML;8018614;1875
GRIPMAX CPR B/10;8466229;1200
GRIPPOBLOC 25/500/200MG BUV S/8;8452859;2605
GRISEFULINE 250MG CPR B/30;3046445;2610
GRISEFULINE 500MG CPR B/20;3160655;3420
GRISEO 125MG MICRON.CPR B/30;2027730;2345
GRISEO 250MG MICRON.CPR B/30;2027747;2595
GRISEO PDE 5% T/15 G;2027724;1075
GRISEO SALICYL.PDE DERM.T/15G;2285946;1185
GRISEOF 250MG CREAT CPR B/100;2274523;6960
GRISEOF CREAT 500MG ETUI 2BL10;8091870;3610
GRISEOFON 500MG CPR B/20;8000092;2095
GRISEOFULVINE 500MG CPR B/20 AFRICURE;8467045;4200
GRISEOFULVINE 500MG CPR B/300;8036227;21525
GRISEOFULVINE CREAT 500MG CPR PELL B/100;2025694;13805
GRISEOPHARM 125MG CPR B/32;8031483;1120
GRISEOPHARM 250MG CPR B/30;2035965;2070
GRISEOPHARM 500MG CPR B/20;2035971;2235
GROFENAC 75MG AMP INJ 3ML B/5;9016698;3450
GROFENAC RETARD 100MG COMP B/10;9016669;3410
GROUPAGE P/100;9015322;24700
GUAFLEX SP F/120ML;8066263;3090
GUAMEN SIR F/200ML;1470191;3290
GUANERGY CPR B/30;8388386;6360
GUDOO EAU DIGESTIVE SOL BUV F/120M;8053734;1840
GUERLAIN -LA PETITE ROBE NOIRE INTENSE-EDP 50ML+MINI EDP 5ML+LT;7112713;82420
GUERLAIN HABIT RGE EDTV100+GD75;2730524;80835
GUERLAIN HABIT ROUGE EDTV 100ML;7023553;74180
GUERLAIN INSOLENCE COF EDT50+MASCAR;3202537;51000
GUERLAIN L'H IDEAL -COFFRET EDT 100ML+VAPO 10ML+GEL DCHE 75ML;4371383;79870
GUERLAIN L'H IDEAL EDTV100+GD75;4371822;78000
GUERLAIN L'HOM IDEAL EDPV 100ML;7030317;87505
GUERLAIN L'INSTANT EDPV 80ML;7010987;56000
GUERLAIN MON G-COFFRET EDT 50ML+LT CORPS 75ML;7013841;80900
GUERLAIN PTIT ROB N.EDPV50+GEL 75ML+LT75ML;4371443;71090
GUERLAIN PTIT ROB N.EDTV50+EDTV10+L;7013862;51000
GUERLAIN PTIT ROB N.EDTV50+LT75ML+GELD75ML;7011739;65935
GUERLAIN PTIT ROB N.EDTV50+MASCARA;7063908;51000
GUERLAIN PTIT ROB N.EDTV50+MIN 5ML;7025821;77270
GUERLAIN PTIT ROB.N EDTL VAP 50ML;9060891;67995
GUERLAIN TERRACOTTA LE PARF EDTV 100ML;9546108;56665
GUERLAIN-SHALIMAR-EDP 50ML+LT CORPS 75ML+MINIATURE 5ML;7012207;80900
GUESS DOUBLE DARE F EDTV/100;8391709;32535
GUESS NIGHT ACCESS H EDTV/100ML;8391922;32400
GUESS SEDUCTIVE HOMME EDTV/100ML;8391885;32520
GUIGOZ 1AGE LAIT PDRE B/400G;8557357;3585
GUIGOZ 2AGE LAIT PDRE 800G;7613036;26050
GUIGOZ 2AGE LAIT PDRE B/400G;8557363;3585
GUIGOZ CLASSIC 1 B/400G;8305868;2930
GUIGOZ CLASSIC 2 B/400G;8305905;2930
GUM BDB ORTHO 3090 F/300ML;9930580;5780
GUM BDB PAROEX 1784 F/300ML;2302289;3855
GUM BDB SENSIT PLUS 6081 F/300ML;7690019;4805
GUM BDB SENSIVITAL+6081 F/300ML;6088412;4820
GUM BROSSET INT TRAVLER 1312;9900249;3280
GUM BROSSET INT TRAVLER 1314;2303460;3280
GUM BROSSET INTERD TRAV-LER;4291412;4775
GUM DEN ACTIVITAL 6050 75ML;6014060;4660
GUM DEN JUNIOR 3004 50ML;9689658;3350
GUM DEN KIDS 3000 50ML;9689641;3350
GUM DEN ORTHO 3080 75ML;9930574;4110
GUM DEN PAROEX 1770 F/75ML;7208436;4460
GUM DEN SENSIVITAL + 6070 75ML;6088410;4510
GUM DENIF PAROEX 1770 T/75ML;3401572;3445
GUM DENT JR 3004 F/50ML;2304160;2705
GUM DENT KIDS 3000 F/50ML;2304153;2705
GUM ORG WHITE BDB 1747 F/300ML;4239695;4720
GUM ORIGINAL WHITE DENT 75ML;4399424;4480
GUM ORTHO 124;7247241;3100
GUM ORTHO CIRE 723;6642923;2750
GUMBOPEST INJ  300ML 1000DS;3002420;41775
GUMBORIFFA 0,3 FL/1000 DOSES;9014506;30235
GUMBORO 228E 1000 DOSE;2008891;11885
GUMFORTE BAIN BCHE MENTH SS ALCOOL/200ML;8686238;3410
GUMFORTE DENTIF T/100G;8618573;1665
GUMFORTE JUNIOR DENTIF FRAISE T/50G+BAD;8686244;1695
GUNCIPRO FORTE 500MG/600MG CPR B/10;8053668;3475
GURONSAN COMP EFF B/30;3046563;22500
GUTRON 2,5MG CPR B/30;4825484;9240
GUY L DRAKKAR N.EDTV100+GD+DEO;9030111;37565
GVIA 100MG CPR PELL B/28;8072424;7800
GVIA 50MG CPR PELL B/28;8422918;4755
GVIA-M 50/1000MG CPR PEL B/60;8095572;16835
GVIA-M 50/500MG CPR PELL B/60;8423013;11795
GYDRELLE 0,1% CR.VAG.T/30G(ESTRIOL);3412594;4140
GYFLORINE 500/100MG/150UI OV B/6;8434850;4440
GYMISO 200MCG CPR T/2 (MISOPROSTOL);3624994;14560
GYN DELTA 36MG GEL BT/30;8133798;23740
GYN HYDRALIN IRRITAT.F/100ML;2021532;3860
GYN HYDRALIN SOL EXT F/400ML;9686878;17995
GYN HYDRALIN SOL VAG FL/200ML;9686861;11960
GYNANFORT OVULES B/10;8091172;2990
GYNE CR T/20G;2485200;2830
GYNECLINE 200MG CPR B/10;2297412;2620
GYNELYS GEL SOIN LAV INT DX 200ML;8513851;6610
GYNO MYCOLEX 400MG OV B/3(MICONAZOL;8076451;3475
GYNO-CANDIZOL 200MG OV B/7;8473399;2590
GYNO-CANDIZOL 400 MG OV B/3;1578671;2140
GYNOCARE OVULE B/6;8466519;2495
GYNODAKTARIN 400MG OVULE B/3;3238713;4495
GYNODAKTARIN GEL VAGIN T/70G;3174893;4910
GYNOFAST 100/200MG OV B/3 (CLIND/CL;8437564;2535
GYNOFER B12 GEL B/30;8017253;2895
GYNOFER B12 SUSP BUV F/200ML;8092987;3030
GYNOKIT 150MG/1000MG/1000MG CPR;8774994;3170
GYNOMAX OV B/12;8019654;6225
GYNOMAX OVULES B/6;2291906;3390
GYNOPEVARYL 150MG OVULE B/3;3202276;4325
GYNOPEVARYL LP 150MG OVULE B/1;3302411;2580
GYNOPHILUS LP CPR VAGIN B/2;6278222;14010
GYNOPHILUS ORAL FLORE INTIM  GEL B/20;5770172;19300
GYNOPHILUS VAGINALE GEL B/14;7785027;8000
GYNOPILL 1,5MG CPR B/1;8445871;830
GYNOSITOL PDR ORAL 30SACH B/2;9500232;27975
GYNOSITOL PLUS PDR ORAL 30SACH B/2;9500249;31165
GYNOSITOL SACH B/30;6021546;13300
GYNOSITOL SACHET B/60;213552;32540
GYNOSPAN CRP B/30;8003452;1490
GYNOSPAN INJ AMP B/6;8181389;2685
GYNOSPAN SUPPO B/10;8011718;2065
HACTOSEC SP FL/150ML;2008862;3360
HAEM UP 20MG/ML INJ AMP B/5;8434117;10510
HAEM UP GEMS GEL B/30;2037728;1265
HAEM UP SIROP F/200ML;8027530;3265
HAEMOFORTE PLUS CPR B/30;8388400;4000
HAEMOFORTE SP F/200ML;8385577;3670
HAEMOJET SP F/100ML;9991848;3310
HAEMOVAX VACCIN 300ML FL1000D;9014587;30520
HALDOL 1MG COMP B/40;3047143;2790
HALDOL 2MG/ML SOL BUV GTT 30ML;2692114;3800
HALDOL 5MG CPR B/30;3208250;3180
HALDOL 5MG INJ AMP 1ML B/5;3047189;1280
HALDOL DECANOAS AMP.INJ 1ML B/5;3263510;17130
HALDOL DECANOAS SOL INJ 1ML B/1;3269932;3815
HALEFLU 325/20/10/50MG PDRE S B/10;8498554;1790
HALIBUT 150MG PDE T/100G;8423993;2755
HALITA SOL BUC FL/500ML;7379497;10680
HALOPARA 1000MG CPR B/8;8733908;1100
HALOSPA S 100MG/50MG/15MG CPR B/10;8498519;2285
HAMAMELIS COMPOSE  GR;3146388;1135
HAMAMELIS VIRGINI 5CH GR;353075;1195
HANUDINE 0,2% COLL F/10ML;8492356;4270
HANUFLUR 0,03 CY F/5ML;8492451;3445
HAPENZ SP F/200ML;8341485;3520
HAPPI SIROP F/100ML;8614500;2370
HAPPIES N6 XXLARGE PRINT +23KG P/22;1657630;6500
HARICOT PR PANSEMENT INOX 25CM;8204943;6905
HARMONIA 150MG SUSP INJ 1ML+AIG;8089407;1130
HARPADOL GEL;6638910;3975
HATCHPAK AVINEW AMP 15000DS 5ML;4227143;32950
HATCHPAK IBH120 AMP 15000DS 5ML;2271507;23780
HB PLUS 125MG/750MCG/5ML SP F/150ML;8451096;4500
HB PLUS SOL INJ AMP/5ML B/5;8466502;10000
HC NEX 1% PDE T/15G;8476759;2340
HE AIL 5ML PRANAROM;8500239;9630
HE BAIE ROSE AROMA F/5ML;8001418;4375
HE BASILIC 10ML PHYTOSUN;4883976;8070
HE BASILIC BIO PURESS 5ML;6280985;3880
HE BAUME DE COPAHU 10ML AROMA-ZONE;1394573;3800
HE BERGAMOTE 100% PURE F/500ML;80677;240565
HE BERGAMOTE 10ML AROMA;8501492;6485
HE BERGAMOTE F/5ML AROMA;1044583;5590
HE BOIS DE GAIAC 10ML AROMA-ZONE;157492;4470
HE BOIS DE HO 10ML PRANAROM;7233380;6500
HE BOIS DE ROSE 10ML PRANAROM;3260288;20250
HE BOIS ROSE ASI 10ML PURESS.;9942287;8070
HE BOULEAU JAUNE 10ML AROMA-ZONE;4728112;8230
HE CADE BIO 5ML AROMA-ZONE;244699;5440
HE CAMOMILLE ARKENTIAL  15ML;7737040;24715
HE CAMOMILLE ROM 5ML PURESS;9942293;19930
HE CAMPHRIER 10ML AROMA-ZONE;10014810;3120
HE CANNELIER CEYLAN 5ML PRANAROM;7233405;9405
HE CANNELIER CHINE 10ML PRANAROM;7233397;6400
HE CANNELLE 5ML PHYTOSUN;7233546;15160
HE CANNELLE BIO F/5ML(PANACEA);8668447;8405
HE CARDAMONE 5ML PRANAROM;7846562;13200
HE CAROTTE 5ML PRANAROM;4034935;18000
HE CEDRE ATLAS 10ML PRANAROM;7233345;5100
HE CEDRE ATLAS 250ML CPF;4770775;29990
HE CEDRE ATLAS BIO 5ML NATURACTIVE;26996475;4495
HE CEDRE HIMALAYA 10ML PRANAROM;7233351;6000
HE CEDRE VIRGINIE 10ML PRANAROM;9785103;6800
HE CEDRE VIRGINIE F/5ML PHYTOSUN;4468415;4850
HE CELERI F/10ML PRANAROM;4897240;9810
HE CISTE LADANIFER 5ML(PRANAR.;7752950;24000
HE CITRON 10ML PHYTOSUN;4883798;6260
HE CITRON ARK ESSENTIEL  10ML;5148138;3545
HE CITRON BIO  F/10ML  PANACEA;6311875;5330
HE CITRON BIO 10ML DAYANG;62131987;8010
HE CITRON BIO 10ML PURESS.;9942324;4920
HE CITRON DE SILCILE BIO 30ML AROMA-ZONE;6007931;8000
HE CITRON.DE JAVA 250ML AROMA-ZONE;7752973;30730
HE CITRONELLE CEYLAN BIO 10ML(PANACEA);8668513;6840
HE CITRONNEL.CEYLAN 10ML PRANAROM;7233457;7500
HE CITRONNELLE BIO 250ML AROMA-ZONE;7006738;40000
HE CITRONNELLE BIO 30ML AROMA-ZONE;1000028;11380
HE CITRONNELLE JAVA BIO F/10ML PANACEA;6311874;5070
HE CITRONNIER 10ML PRANAROM;4883841;9000
HE CLOUS DE GIROFLE BIO 10ML AROMA-ZONE;1000717;7000
HE CYPRES 10ML (PHYTOSUN);4883812;8090
HE CYPRES BIO 10ML DAYANG;62131994;1635
HE CYPRES TJRS VERT 10ML PRANAROM;7753010;8700
HE ENCENS(OLIBAN) 5ML PRANAROM;7233339;12850
HE EPINETTE NOIRE 10ML PRANAROM;9042796;10200
HE ESTRAGON 5ML (PRANAROM);7753056;9450
HE ESTRAGON ARKENTIAL15ML;7737169;12900
HE EUCALYPT.RADIE BIO 10ML PURESS.;9942407;6350
HE EUCALYPTUS CITRON BIO 10ML DAYANG;62132007;7195
HE EUCALYPTUS CITRON.10ML BIO PURESS;6010473;4300
HE EUCALYPTUS CITRONNE 10ML AROMA-ZONE;6000314;4000
HE EUCALYPTUS CITRONNE BIO 10ML PANACEA;8686008;5000
HE EUCALYPTUS CTRON 10ML PHYTOSUN;4883858;4705
HE EUCALYPTUS GLOB.10ML PURESS;9942382;3640
HE EUCALYPTUS GLOBULEUX 10ML AROMA-ZONE;60002910;4000
HE EUCALYPTUS GLOBULEUX 10ML PRANAR;8305615;5800
HE EUCALYPTUS GLOBULEUX H F/10ML(PANACEA);8668536;8275
HE EUCALYPTUS GLOG BIO 10ML DAYANG;62132014;7030
HE EUCALYPTUS MENTH.10ML PRANAROM;8035038;6090
HE EUCALYPTUS RADIATA 10ML(PHYTOSUN;4883870;5770
HE EUCALYPTUS RADIATA BIO F/10ML PANACEA;8685983;6215
HE EUCALYPTUS RADIE 10ML AROMA-ZONE;1015908;5000
HE EUCALYPTUS RADIE 10ML PRANAROM;3555678;6800
HE EUCALYPTUS RADIE BIO 10ML DAYANG;62132335;10955
HE FENOUIL 10ML PRANAROM;2023850;13800
HE GAULTH BIO F/10 ML(PURESS);9942436;6690
HE GAULTHERIE 15ML (PHYTOSUN);4883893;4830
HE GAULTHERIE COUCH.10ML PRANA;9640014;7500
HE GAULTHERIE COUCHEE F/10ML PANACEA;8686014;8510
HE GAULTHERIE ODOR.10ML PRANA;850740;7500
HE GENEVRIER BIO 5ML NATURACTIVE;26996482;16070
HE GENEVRIER COMMUN 5ML PRANAROM;90272210;12600
HE GENIEVRE F/5ML PHYTOSUN;7516942;9750
HE GERANIUM BIO 5ML PURESS;9942471;6800
HE GERANIUM ODORANT 10ML (PHYTOSUN);4883999;15660
HE GINGEMBRE 10ML AROMA-ZONE;4000801;9000
HE GINGEMBRE BIO F/5ML(PANACEA);8668453;8015
HE GINGEMBRE F/5ML (PHYTOSUN);4468421;8530
HE GINGEMBRE F/5ML (PRANAROM);4547882;10500
HE GIROFLE 10ML (PHYTODERMIE);4367602;8150
HE GIROFLE BIO 5ML DAYANG;6213203;7030
HE GIROFLE BIO F/10ML( PANACEA);6311878;6955
HE GIROFLE CLOUS 10ML (PHYTOSUN);4883887;8320
HE GIROFLIER BIO 5ML PURESS;9942494;4810
HE HELICHRYSE 5ML (PHYTOSUN);7233569;27900
HE IMMORTELLE 5ML BIO (PRANAROM);7735147;27500
HE KINE+ N8 F/50ML;3004168;9860
HE LAURIER NOBLE 5ML AROMA-ZONE;2016028;8000
HE LAURIER NOBLE 5ML PHYTOSUN;7233575;9360
HE LAURIER NOBLE BIO F/5ML PURESS;9942519;7480
HE LAVAND ASPIC BIO 10ML PURESS;9942548;7410
HE LAVAND VRAIE 10ML PRANAROM;8268280;10200
HE LAVANDE ASPIC 100ML AROMA-Z ;4883918;21700
HE LAVANDE BIO ARKENTIAL  10ML;5148204;7485
HE LAVANDE BIO SUP F/10ML(PURESS);9942554;4530
HE LAVANDE FINE 250ML ;6186402;251340
HE LAVANDE OFF BIO 10ML DAYANG;62132052;12100
HE LAVANDE VRAI F/30ML AROMA;5044640;9850
HE LAVANDE VRAIE 100ML AROMA ZONE;3401351;31165
HE LAVANDIN ABRIAL 10ML (PHYTOSUN);4883901;5250
HE LAVANDIN SUPER 5ML PRANAROM;9831547;7500
HE LAVANTE OFFICINAL BIO F/10ML (PANACEA);8668507;9600
HE LEMON GRASS 10ML (PHYTOSUN);4883829;5450
HE LEMONGRASS F/10ML CAILLEAU;7737382;7670
HE MARJOLAINE A COQUIL.5ML PRANAROM;7233581;13600
HE MENTHE POIVRE 10ML (PHYTOSUN);4883947;7970
HE MENTHE POIVRE 10ML PRANAROM;9015552;19500
HE MENTHE POIVREE 10ML ARKOPHARMA;5148440;6180
HE MENTHE POIVREE 30ML AROMA-ZONE;7008097;15000
HE MENTHE POIVREE 30ML PRANAROM;4002935;20300
HE MENTHE POIVREE BIO 30ML PURESS;6010478;14530
HE MENTHE POIVREE BIO F/10ML(PURESS);9942608;5690
HE MUSCADE NOIX 15ML (PHYTOSUN);8025301;6960
HE MYRTE MYRTENYL 10ML PRANAROM;9012080;9750
HE MYRTE ROUGE F/10ML (PHYTOSUN);4883953;8110
HE NARD HIMALAYA 5ML (PRANAROM);8504496;16380
HE NEROLI (ORANGER AMER FLEURS);7233598;42685
HE NIAOULI 10ML (PHYTOSUN);4883930;6220
HE NIAOULI 10ML PRANAROM;9015575;7500
HE NIAOULI BIO 10ML DAYANG;62132076;7195
HE ORANGE DCE 10ML PRANAROM;7233517;6750
HE ORANGE DCE 10ML PURESS;9945392;3360
HE ORANGER A INFLORESCENCES 10ML(PRANAROM);7233322;10075
HE ORIGAN ESPAGNE F/5ML PRANAROM;8308223;8700
HE ORIGAN F/10ML;9029040;12370
HE P.GR.BIGARADE F/10ML(PRANAROM);7753286;8250
HE P.GR.BIGARADIER F/10ML (PHYTOSUN;4884036;7700
HE PALMA ROSA F/10ML (PHYTOSUN);4883835;5560
HE PALMAROSA 10ML (PRANAROM);7753240;6300
HE PALMAROSA 10ML PRANAROM;7233523;6800
HE PAMPLEMOUSSE 60ML COOPER;4764243;53900
HE PAMPLEMOUSSE ARKO ESSENTIEL ;5360849;7345
HE PATCHOULI 5ML (PHYTOSUN);9709935;7450
HE PATCHOULI 5ML (PRANAROM);7753257;10200
HE PATCHOULI BIO 5ML NATURACTIVE;2699538;10495
HE PETIT GR.BIGARAD 10ML PRANAROM;7233440;6800
HE PIN SYLVESTRE 10ML PRANAROM;7304878;7500
HE PIN SYLVESTRE 5ML;4468444;7300
HE RAVENSARE F/10ML;9024122;7670
HE RAVINTSARA 10ML PRANAROM;7233374;9205
HE RAVINTSARA 5ML (PHYTOSUN);7233606;6230
HE RAVINTSARA BIO 10ML DAYANG;62132120;9745
HE RAVINTSARA BIO F/10ML PURESS;6275090;8310
HE ROMARIN CAM BIO 10ML PURESS;9945475;6770
HE ROMARIN CIN 10ML PURESS;9945481;5200
HE ROMARIN OFF.ABV 5ML (PHYTOSUN);4468450;10440
HE ROMARIN VERBENONE 5ML PRANAROM;9043169;11700
HE SAFRAN INDE 10ML PRANAROM;851011;13200
HE SAPIN BAUMIER 10ML PRANAROM;9005252;6000
HE SAPIN DE SIBERIE 10ML AROMA-ZONE;2769839;4015
HE SAPIN DE SIBERIE 10ML PHYTOSUN;4883775;7650
HE SAPIN DE SIBERIE 30ML AROMA-ZONE;3360756;7135
HE SARIETTE  F/10ML;222491;12270
HE SAUGE SCLAREE 5ML (PHYTOSUN);9023960;6250
HE SAUGE SCLAREE 5ML PRANAROM;4468467;11700
HE SERRIETTE DS MONTAGNES 5ML PRANAROM;9013926;12840
HE SOLUTION DEFENSE NAT 5ML PRANAROM;8513732;6750
HE TEA TREE  10ML ARKO ESSENTIEL ;5148635;6155
HE TEA TREE 10ML (PHYTOSUN);4883924;7060
HE TEA TREE 30ML  AROMA-ZONE;7001936;8460
HE TEA TREE BIO (ARBRE) 10ML PURESS.;9942258;5670
HE TEA TREE BIO 30ML PURESS;6275730;13370
HE TEA TREE BIO F/10ML(PANACEA);8668401;4555
HE THYM FLEUR SARIET 10ML (PHYTOSUN);4884013;10270
HE THYM LINALOL 5ML (PHYTOSUN);7233629;11990
HE THYM THUJANOL 5ML (PRANAROM);4883769;18940
HE THYM THYMOL F/10ML;10005185;12270
HE THYM V.LINALOL 5ML PRANAROM;850626;18000
HE THYM V.THYMOL 10ML PRANAROM;850632;11700
HE VERVEINE CITRONNEE 5ML PRANAROM;850388;30670
HE YLANG-YL.EXTRA 5ML PRANAROM;3000555;14900
HE YLANG-YL.TOTUM 5ML PRANAROM;3602797;9100
HE YLANG-YLAND BIO F/10ML PANACEA;8668499;10050
HE YLANG-YLANG 5ML (PHYTOSUN);7233635;11160
HE YLANG-YLANG BIO 5ML (PURESS.);9945529;7420
HE YLANG-YLANG CPLET BIO 10ML AROMA-ZONE;5003026;10000
HEAD&SHOULD SH CLASS 2/1 400ML;9005111;4165
HEAD&SHOULD.SH CHEV NORM 400ML;9656015;4165
HEALTHY JOINT FORMULA CPR B/60;8389368;15080
HEALTHY POLYVIT.GROSS.CPR B/60;8370179;13600
HEAMOCARE CPR PEL.B/30;8456372;2480
HEAMSURE 50MG/0,5MG SP F/200ML;8739532;3155
HEI PAO HUILE MONOI 1000 FLEURS F/100ML;8613110;9320
HEI POA  SPRAY LACTE APRES SOLEIL MONOI F/150ML;6532608;13070
HEI POA CR DCH ORCHIDEE 150ML;6222638;1000
HEI POA CR HYDR PARF.TIARE 200ML;6049898;12065
HEI POA EDT ORCHIDEE TROPIC.100ML;6222046;22565
HEI POA EDT SENS.AQUATIQ.100ML;6222045;24130
HEI POA EDT SENS.EXOTIQ.100ML;6081793;24130
HEI POA EDT SENS.IDYLIQ.100ML;6126013;24130
HEI POA EDT SENS.MYTHIQ.100ML;6028174;24130
HEI POA GEL DCH EXFOL SABL NR T/150ML;8613156;5235
HEI POA GEL DCHE MONOI F/150ML;1694531;4740
HEI POA H.MONOI ORCHID.TROP.100ML;1653192;13375
HEI POA HLE MONOI MORING 100ML;8613127;9730
HEI POA HLE PUR MONOI VANIL/100ML;8613096;8505
HEI POA HUIL MONOI HAPPY 100ML;6026617;13375
HEI POA HUIL SOL MONOI IP50 150ML;6532530;28100
HEI POA HUIL SOL.MONOI SPF50 150ML;1653253;23180
HEI POA HUILE SECHE C&CH SPF50 F/150ML;8730956;19085
HEI POA MASQ.NRRS.REPAR.P/200ML;6174412;14745
HEI POA MONOI AO HLE TRESOR DE POLY 100ML;8670036;16535
HEI POA MONOI ELIX AMOUR 100ML;8669978;3000
HEI POA MONOI HUILE TAHITI F/100ML;8669984;9320
HEI POA MONOI LAIT HYDR 250ML;8670013;9070
HEI POA MONOI MASQ CAPIL 200ML;6531946;12635
HEI POA MONOI SOIN CAPILL.100ML;2100055;13375
HEI POA MONOI SOL  SPF30 LAIT SPR150ML;8670071;17195
HEI POA MONOI TAHITI COCO 100ML;7193597;8405
HEI POA MONOI TAHITI LIME 100ML;6533223;11455
HEI POA MONOI TAHITI VANI 100ML;7193580;9405
HEI POA PUR M T 30ML;1632131;4090
HEI POA SAV SOLIDE EXT-DOUX MONOI 100G;1653234;3510
HEI POA SAV SURG.MON.PARF.TIARE;4777317;5360
HEI POA SEVE NUTRITIV CORP 200ML;1653114;22250
HEI POA SH BAUM PARF.TIARE 150ML;6642389;5665
HEI POA SH DCHE APRES SOL T/150ML;8726038;6025
HEI POA SPR LACTE DEMEL.NRRS 150;1653193;3000
HEKLA LAVA 4CH GR;356814;4470
HELI-KIT 75MG (UREE C) PDR SOL BUV;3431321;27555
HELICIDINE 10% SS SP F/125ML;2238556;2080
HELICIDINE 10% SS SP F/250ML;2238562;3570
HELICOBAN CAPS B/42;8051095;13630
HELICOCIN 750/500MG CP B/42;2037875;6960
HELLO KITTY CALL ME PRINC.EDTV 100M;9042690;23000
HELLO KITTY COF CALL ME PR.+B.BIJOU;9042678;19000
HELLO KITTY EDTV100+LAIT150ML+BRACE;1960274;20000
HELMINTOX 125MG CP B/6;3305645;1060
HELMINTOX 125MG CP PQ6X100 CH;2021644;64800
HELMINTOX 250MG CH COMP B/300;2020107;68035
HELMINTOX 250MG CH COMP UNITE;6204465;650
HELMINTOX 250MG COMP B/3;3305639;1520
HELMINTOX 5% SUSP BUV FL/15ML;3305622;1350
HELMINTOX SACH 15ML B/25;2023809;30000
HEMAFER 100MG CP EFF B/12;8003392;4545
HEMAFER 100MG CPR CROQ B/30;8480910;5855
HEMAFER 100MG/2ML INJ AMP B/5;8003423;16530
HEMAFER 50MG/5ML SP F/125ML;8057459;3305
HEMAFER FOL 100MG CP CROQ/30;8480927;5855
HEMAFER FOL 100MG CP EFF/12;8003400;4545
HEMAGENE TAILLEUR DRAG T/24;3247304;2670
HEMASTIM 10000UI/ML S/C SER PREM T/1ML;9991015;34535
HEMASTIN 2000UI/ML INJ SER PRE.;8077901;11740
HEMASTIN 4000UI/ML INJ SER PRE.;8077924;17140
HEMATOFEROL CPR B/30;8058447;5370
HEMAX 10000UI/ML LYOPH INJ SER/1;8433448;37500
HEMAX 2000UI/ML LYOPH SOL INJ SER/1;8433425;7825
HEMAX 4000UI/ML LYOPH INJ SER/1;8433431;15160
HEMBRAN SP F/200ML (FE+AC FOLIQ);8415953;3045
HEMEX PLUS SIROP F/100ML;17498;4475
HEMI COL SIG 503 DR BEIG LL;6678217;42740
HEMI COL SIG 503 DR BEIG ML;6678200;39495
HEMI COL SIG 503 DR BEIG SM.L;6678192;40125
HEMI COL SIG 503 GCHE BEIG LL;6678281;41160
HEMI COL SIG 503 GCHE MED LONG BEIG;6678275;41160
HEMI COL SIG 503 GCHE SM.L;6678269;40370
HEMI DAONIL 2,5MG CPR B/60;3165026;3980
HEMOCURE SUPPO B/10;8492617;2895
HEMOFER GEL B/30;4585058;2755
HEMOFER SUSP BUV F/200ML;8008308;1995
HEMOREX KIT CR/35G+CPR B/30;8438256;3855
HEMOREX SUPPO B/10;4049919;2235
HENKA 30MG GEL B/30;1944591;5620
HENKA 60MG GEL B/30;1944611;8000
HEP-AFTER DIGEST BUV F/550ML;2560042;11310
HEPACHOL GEL B/30;8385614;6485
HEPAFYT GELULE B/10;2278716;2955
HEPAGRUME AMP BUV 10ML B/18;5203481;16605
HEPALIVE CPR B/30;8570470;6255
HEPANEPHROL AMP BUV 10ML B/20;3048295;3100
HEPAR SULFUR CA 30 CH GR;363139;1195
HEPAR SULFURIS CALCA GR 15CH;363122;5390
HEPARENOL 1 LITRE;45480;9275
HEPARENOL 5 LITRES;74406;38340
HEPARESIST CPR B/10;8529208;7480
HEPARGITOL PAQ BIPOCHES B/20;3048384;2685
HEPARIN SEDIUM 25000UI B/1;1934581;6600
HEPARINE CHOAY 25000UI 5ML INJ B/1;3048450;6465
HEPASOL 1 LITRE;9052257;8120
HEPASOL 5 LITRE;9052263;34935
HEPATO+SOL F/100ML;9042922;1550
HEPATOP SOL ORAL F/1L;6731070;8150
HEPATOUM SOL 550ML BTLE;3233762;10945
HEPATOVITAL PDRE SACHET 100G;9048675;1590
HEPAX SOL BUV F/125ML;8048532;3980
HEPAZYME GEL B/30;9001159;1710
HEPTAMINOL ARROW 187,8 CPR B/20;3392785;7800
HEPTAMINOL INJ 5ML B/10 REN;8194423;4545
HEPTAMINOL INJ 5ML B/100;8006054;34440
HEPTAMINOL RENA 6,26% 5ML B/100 UNI;9010135;335
HEPTAMYL 187,8MG CPR B/20;3049159;1680
HEPTAMYL GTTE BUV FL/20ML;3049165;2365
HEPTAVINE SIROP F/200ML;8492333;2745
HERBAL ESS CHVX G.MORING 400ML;8655255;3380
HERCEPTIN 150MG SOL PERF FL/15ML;5621037;554535
HERCEPTIN 600MG SOL INJ F/5ML;8473206;577430
HERMES EAU MERV SETXMAS 23 EDTV50+MIN7,5ML;9021877;81390
HERMES TER H EDTV100+VAPO 15ML+GD40;4712208;98350
HERMES TER.HERM.EDPV75+LOT.AR40+MSS;9014541;83450
HERMES TERRE D'H.EAU TR.FR.EDTV75ML;4372282;59000
HERMES TERRE D'HERMES EDPV 75ML;4711382;66000
HERMES TERRE D'HERMES EDTV 100ML;1180406;85305
HERMES VOYAGE D'H.EDTV+GEL DC+B.H.+;3210353;60000
HEXADOG SER 1 DOSE B/1 BLIST;9013211;5130
HEXALYSE CPR SUCER CITRON BT/24;3638499;10210
HEXAPHANE PDR GELATINE B/60 DOSES;7086826;18790
HEXAPNEUMINE AD SP FL/200ML;3272615;2260
HEXAPNEUMINE ENF SP FL/200ML;3272621;1795
HEXAQUINE VIT B1 CPR B/18;3049478;7755
HEXASPRAY COLLUT FL PRESS/30G;3277972;3115
HEXATRIONE 2% INJ 2ML AMP+SER B/1;3184130;5540
HEXIDINE BAIN BCHE F/160ML;8059777;1625
HEXIGEL GEL BUCCAL T/15G;8059808;1035
HEXOMEDINE 0,1% SOL F/45ML;3049544;6530
HEXOMEDINE 0,1% SOL FL/250ML;3049538;3305
HEXOMEDINE TRANSCUT SOL F/45ML;3049567;10950
HEXTRIL DENTIF.T/100GR (75ML);3392615;6420
HEXTRIL MENTH SOL BDB F/200ML;3597056;7260
HEXTRIL MENTH SOL BDB F/400ML;3597062;12710
HEXTRIL SOL BDB F/200ML;3049604;5760
HEXTRIL SOL BDB F/400ML;3547325;10880
HIBISCUS VITAMINE B12 GEL B/30;1884821;13390
HICONCIL 125MG PDRE SP FL/60ML;3176142;1160
HICONCIL 250MG PDRE SP FL/60ML;3176159;1560
HICONCIL 500MG GELULE FL/12;3161229;2285
HICONCIL 500MG PDRE SP FL/60ML;3202661;2635
HIPRADOG-DHLP INJ 1DOSE;9014452;2655
HIPRADOG-PV 1DS;9019550;1925
HIPRAGUMBORO-BPL2 1000DS;10961;54870
HIPRAGUMBORO-GM97 1000DS;11943;7360
HIPRAPOX 1000 DS+SOLV;155410;4580
HIPRAVIAR-B1 1000DOSES;10955;1690
HIPRAVIAR-B1/H120 1000DOSES;11877;2820
HIPRAVIAR-BPL2 F/1000DOSES;11860;19205
HIPRAVIAR-CLON 2500 DOSE;8132120;3950
HIPRAVIAR-CLON/H120 1000DOSES;2027888;5220
HIPRAVIAR-CLON/H120 2500 DOSE;8132130;5940
HIPRIL 10MG CP B/30(LISINOPRIL);8077019;10955
HIPRIL 5MG CP B/30(LISINOPRIL);2290887;8955
HIPRIL A COMP B/30;8088483;11285
HIRUDOID GEL FL/40G;9007110;2385
HISMANAL 10MG COMP B/10;3273477;3725
HISTADIUS 5MG CPR PEL B/10;8082351;2370
HISTAM 5MG CPR PELL B/15;8488610;2960
HISTAMINUM 5CH GR;368071;1135
HISTAMINUM 9CH DOSE;8148914;945
HISTAMINUM 9CH GR;368102;1250
HLE  FOIE DE MORUE PURE 1G B/30;1610581;3635
HOFTREX 1GR IM/IV PDR+SOL/1(CEFTRIA;39902410;3340
HOLLEYCORT 40MG/1ML SOL INJ B/1;8468151;1680
HOLLIST 15-65X75MM D.R28301 B/50UNI;4878053;3940
HOLLIST ADH.KAR.32MM/22MM 3228 B/30;6175752;5120
HOLLIST ADH.KAR.38MM/29MM 3223 B/30;6175700;5120
HOLLIST ADH.KAR.44MM/35MM 3229 B/30;6175769;3820
HOLLIST ADH.KAR.51MM/38MM 3224 B/30;6175717;3940
HOLLIST ADH.KAR.64MM/51MM 28300/50;6175723;3935
HOLLIST ADH.KAR.76MM/64MM 3226 B/30;6175746;3725
HOLLIST KAR 64MM NON VID B/30 2165;6190289;3000
HOLLIST KAR 76MM NON VID B/30 2166;6190295;3000
HOLLIST MOD 65X75MM 28301 B/30;6300054;155505
HOLLIST MOD OP MAX VID 15 A 55MM BT/30;6605586;144600
HOLLIST MOD OP MAX VID 15 A 75MM BT/30;6613353;144600
HOLLISTER CONFORM 2 POCH  COLOST OPA MAX 55MM B/30 REF:25420;6233617;64790
HOLLISTER CONFORM 2 POCH COLOST OPA MAXI 70MM B30 ERF:27420;6233628;64790
HOLOXAN 1G PDR INJ F/1AMP;303580;110380
HOMEOGRIPPE        60;3156990;3345
HOMEOPLASMINE POM T/40G;3050375;6370
HOMEOPLASMINE POMM 18G;3013741;5100
HOMEOPTIC 0,4ML COLLY UNID B/10;3587514;12575
HOMEOSLIM FORTE GTTES;9014908;13415
HOMEOVOX CPR B/60 BOIRON;3050429;7720
HOMME DE GRES EDT VAPO 75ML;90141410;22450
HONEY CINNAMON FLAVOR SACH/20;9439766;5000
HONEY GINSENG FLAVOR SACH/20;6147762;5000
HONEY GREEN TEA FLAVOR SACH/20;9439742;5000
HONEY LEMON FLAVOR SACH/20;9439728;5000
HONEY MATCHA FLAVOR SACH/20;6748778;5000
HONEY MINT FLAVOR SACH/20;9439735;5000
HONEY ORIGINAL FLAVOR SACH/20;9439711;5000
HONEY SOURSOP FLAVOR SACH/20;9439858;5000
HONEY TURMERIC FLAVOR SACH/20;8980589;5000
HOODIBURST GUM P/12(COUPE APPETIT);9021268;4720
HOT SEX MAN 20ML;8101769;8690
HOUSSE ACAR MATEL 160X200X20;7226888;88140
HOUSSE ACAR OREILLER 65X65;7151676;12730
HOVIMAX 250MG CPR B/6 (AZITHROMYCIN;253;4135
HT26 BB CR CORP POT/1L;8800071;15460
HT26 BB EAU ADOUCISSANTE F/500ML;8650387;12500
HT26 BB GEL NETT.F/500ML;8339212;12090
HT26 BB LAIT TOILETTE F/1L;8339229;11625
HT26 BB PDR TOILET.B/200GR;8339206;6610
HT26 BB SAV PAIN 200GR;8339235;6990
HT26 CAVIAR SERUM BEAUTE CORPS F/150ML;8568912;34915
HT26 CREME 90 T/50ML;8339181;18735
HT26 EPONGE PURIF B/1;8617728;4110
HT26 GANT DE CRIN SPECIAL CORPS/1;8598592;9635
HT26 GEL DCHE GOMM ECL PREPA B/1L;8394731;18635
HT26 GEL DCHE MULTI ECLAIR F/1L;8735037;25930
HT26 GEL NET/ECL VIS/CORP 500ML;8616976;18595
HT26 GLUTATHION GEL DCHE BLANCH F/1L;8735103;28990
HT26 GLUTATHION LAIT CORPS BL F/500ML;8735132;60640
HT26 HLE BB PEAU SEC&SENS F/250ML;8735020;12750
HT26 HUILE 90 F/125ML;8339643;14465
HT26 HUILE AVOCAT VIS/CORPS/CHVX F/125ML;8387582;7385
HT26 HUILE JOJOBA VIS/CORPS/CHVX F/125ML;8387607;8340
HT26 HUILE ROSE VIS/CORPS F/125ML;8387636;7465
HT26 LAIT 90 ECL.F/500ML;8617711;35075
HT26 LAIT CLARIF ILLUMIN.MAX 500ML;8387671;28810
HT26 LAIT CORPO.ACT.-TACHES 500ML;8325598;41220
HT26 LAIT HYDRAT CORP 500ML;8530246;30730
HT26 LAIT MULT ECLAIR.500ML HARM.TE;8325606;24575
HT26 LAIT MULTI-HYDR F/500ML;8617705;29145
HT26 MASQ GOMM VIS P/50ML;8325635;15740
HT26 SAVON GOMMANT 200GR;8325641;11600
HT26 SAVON PURIFIANT 150GRS;8325658;11975
HT26 TOPSYGEL CR ECL VIS 50ML;8512857;25485
HT26 TOPSYGEL CR MAT ECLAIRC F/50ML;8512892;5000
HT26 TOPSYGEL EMULS DCHE ECL F/1L;8604683;15255
HT26 TOPSYGEL LT CLARIF CORPS F/500ML;8512975;23775
HT26 WHITE ESS LAIT NUTR ECL500ML;8568881;56090
HUCOG HP 5000UI SC/IM PDR INJ F/1;8066671;8845
HUGO BOSS COF EDT100ML+DEO75ML;8674057;50480
HUGO BOSS HUGO EDTV 125ML;1111842;46360
HUGO BOSS HUGO EDTV 75ML;8715299;43230
HUGO BOSS NAT EDTV 50ML;9006978;24805
HUGO BOSS ORANGE MAN EDT VP 100ML;60057910;35030
HUGO BOSS-BOSS BOTTLED-COFFRET EDT 100ML+GEL DCHE+DEO SPRAY 150ML;9014191;63960
HUGO BOSS-HUGO  MAN-COFFRET EDT 125ML+GEL DOUCHE 50ML+DEO STICK 150ML;9014162;55720
HUIL.MASS.ARTI.SPLE 100ML PRANAROM;9002288;19205
HUIL.MASS.IMMUNITE 10ML PRANAROM;9002992;8400
HUILE AMANDE DCE VRAIE 125ML;3174;4850
HUILE AMANDE DCE VRAIE 250ML;3180;9265
HUILE AMANDE DOUCE 1L;6662765;32560
HUILE AMANDE DOUCE DP FL/50ML;7730925;1950
HUILE ANTI-CHELOIDE 1L;3518;133200
HUILE ANTI-TACHE 1L;9032289;89620
HUILE BIO CLASSIC 90ML;9022888;10800
HUILE CAMPHREE 10% F/1L GILB;6289562;32560
HUILE CAMPHREE DE 125 CC;3240;4850
HUILE CAMPHREE DE 60 CC;3228;2720
HUILE CARAPA  PROCERA 1L;9038139;130250
HUILE D'ABRICOT 1L;9018450;148000
HUILE D'AIL SANS ODEUR 1L;9011548;105850
HUILE D'ALOES 1L;8005557;105850
HUILE D'ARGOUSSIER 60ML;9131815;8995
HUILE D'AVOCAT 125ML;8027429;4340
HUILE D'ENCENS 1L;9962166;118400
HUILE D'HIBISCUS 1L;3146483;118410
HUILE D'ONAGRE 1L;9001656;105850
HUILE D'ONAGRE RAFF.30ML;7630566;4445
HUILE DE BARBARIE 1L;9030296;118400
HUILE DE BOURRACHE 125ML;9016089;13205
HUILE DE BOURRACHE 1L;9012915;99415
HUILE DE BOURRACHE 60ML;6010152;7065
HUILE DE BUSSEROLE 1L;9847063;130250
HUILE DE CADE DE 125 CC;3317;3765
HUILE DE CADE VRAIE CPF FL/1L;6261664;89090
HUILE DE CALENDULA 1L;8313371;96230
HUILE DE CALOPHYL/INO 1L;6628923;99415
HUILE DE CAMELINE 60CC;8861894;6675
HUILE DE CARAPATE 1L;9014216;118400
HUILE DE CARTHAME 60ML;9131838;8995
HUILE DE CELERI F/1L;9002041;118400
HUILE DE CHEBE 1L;221910;139200
HUILE DE CICANETTE 1L;7737092;148000
HUILE DE CITRON 1L;1005521;28600
HUILE DE COLLAGENE CLARIF.1L;9052406;81470
HUILE DE COLLAGENE ECLAIRC.1L;9033231;105850
HUILE DE CONCOMBRE 1L;4913186;137910
HUILE DE COROSSOL 1L;6148867;118400
HUILE DE FENUGREC 1L;1010124;131995
HUILE DE FIGUE DE BARBARIE 1L;9027762;131560
HUILE DE FOIE DE MORUE 1 LITRE;6890182;15330
HUILE DE FOIE MORUE F/150ML CPF;9977989;15380
HUILE DE FOIE MORUE GEL B/100;8400940;15310
HUILE DE FOURMI 1L;9871067;130250
HUILE DE GERME BLE 1L;3259365;99710
HUILE DE GERME BLE 60CC;6077185;7080
HUILE DE GERME DE RIZ 1L;6387419;32560
HUILE DE GERME RIZ 60CC;6605885;2720
HUILE DE GINGEMBRE 1L;9233415;128705
HUILE DE GINGEMBRE F/60ML;1003522;8910
HUILE DE GLUTATHION 1L;90010610;118400
HUILE DE GLUTATHION 60ML;9015173;7990
HUILE DE JOJOBA 1L;9045122;32560
HUILE DE JOJOBA F/60ML;3132386;2900
HUILE DE JOJOBA FL/125ML;9030072;5550
HUILE DE KIGELIA 60ML;90052310;7990
HUILE DE KIGELIA F/1L;9017485;118400
HUILE DE LIN 1L;90265810;137615
HUILE DE LYS BLANC 60ML;2000263;8985
HUILE DE LYS BLANC F/1L;9842344;148000
HUILE DE MACADAMIA 1L;4761598;105850
HUILE DE MACADAMIA F/125ML;9020464;14010
HUILE DE MANDARINE 1L;8049081;118400
HUILE DE MANDARINE 60CC;8497359;8060
HUILE DE MORINGA 1L;9001018;118400
HUILE DE MORINGA 60ML;9524905;7990
HUILE DE MOUTARDE 1L;9035572;118400
HUILE DE MOUTARDE 60CC;90451010;8060
HUILE DE NEEM F/1L;9029962;89620
HUILE DE NEEM F/60ML;9017491;6285
HUILE DE NIGELLE 1L;9003885;148000
HUILE DE NIGELLE 60CC;8453942;9450
HUILE DE NOISETTE 1L;7427279;105850
HUILE DE NOISETTE 30ML;9004956;3980
HUILE DE PAQUERETTE 1L;8010831;114405
HUILE DE PAQUERETTE 60ML;1317934;8070
HUILE DE PARAFFINE 1L PHARMA;4270127;5800
HUILE DE PARAFFINE F/125ML;3464;3870
HUILE DE PARAFFINE F/1L ;6178294;32645
HUILE DE PARAFFINE F/500ML GILBERT;3324499;8520
HUILE DE PARAFFINE PHARMA F/60ML;7731037;1040
HUILE DE PASSION 125ML;9004376;4850
HUILE DE PASSION 1L;9007587;32560
HUILE DE PEPIN DE COURGE 1L;9032355;146530
HUILE DE PEPIN DE COURGE 60CC;6400798;9860
HUILE DE PEPIN PAMPLEMOUSSE 1L;6492168;96230
HUILE DE PEPIN PAMPLEMOUSSE 60CC;9039707;6675
HUILE DE PEPIN RAISIN 1L;3487;146570
HUILE DE PEPIN RAISIN 60CC;3145;8985
HUILE DE POMME DE TERRE 1L;9501235;131995
HUILE DE POMME DE TERRE 60CC;9008428;8060
HUILE DE POMME VERTE 1L;9021707;96230
HUILE DE RICIN 125ML DERMOPH;7731043;3245
HUILE DE RICIN 1L;2019989;32560
HUILE DE RICIN 60ML;9007624;2720
HUILE DE RICIN 60ML DERMOPHA;7731066;1745
HUILE DE RICIN DE 125 CC;3530;4850
HUILE DE RICIN SULFATEE AROMA-Z100M;8800846;4650
HUILE DE ROSE MUSQUEE 1L;8267530;162800
HUILE DE ROSE MUSQUEE 60ML;90043610;10835
HUILE DE SENE 1L;9031864;148000
HUILE DE SENE F/60ML;9458717;8995
HUILE DE SESAME 1L;4033663;96230
HUILE DE SESAME FL/60ML;4033692;6430
HUILE DE VISION 1L;9002070;148000
HUILE FOIE MORUE FORTE B/30 LEWIS;1610621;4720
HUILE GOMENOLEE 2% FL/22ML;3050814;10015
HUILE GOMENOLEE 5% FL/22ML;3050820;7910
HUILE ROSE EXTRA FORTE 50ML;8223923;3425
HUILE SOJA VIT E 50ML DP PHARMA;7730919;1675
HUILE VEG.HIBUSCUS 10ML AROMA Z;283311;1750
HUILE VIERGE D'AKPI 1L;9026969;130250
HUILE VIERGE D'ARGAN 1L;4761434;137615
HUILE VIERGE D'ARGAN 60ML;9023787;9450
HUILE VIERGE D'ARGAN F/125ML;9004301;17980
HUILE VIERGE D'AVOCAT 1L;9039104;32890
HUILE VIERGE D'OLIVE 1L;1102406;61360
HUILE VIERGE DE CACAO 1L;7501076;65780
HUILE VIERGE DE CAFE 1L;9036672;118400
HUILE VIERGE DE CAROTTE 1L;9010098;32890
HUILE VIERGE DE CAROTTE 60ML;9030066;3300
HUILE VIERGE DE COCO 1L;9012803;65125
HUILE VIERGE DE SOJA 1L;9136391;29600
HUILE VIERGE DE SOJA 60CC;9016913;2510
HUILE VIERGE GOYAVE 1L;9065426;118400
HUILE VIERGE PAPAYE 1L;9001946;122330
HUILE VITAMINE C 1L;1003578;114405
HUILE VITAMINE C 60ML;1003532;8015
HUILE VITAMINE E 1L;9045895;105850
HUMALOG 100UI SOL INJ 10ML;3414268;25765
HUMALOG PEN STYL.PRER.100UI UNITE;5655556;9390
HUMECTO KERACARE CR BEAUTE 234G;9670831;24950
HUMED 3.2MG/ML COLL F/10ML;8491575;2065
HUMEGON AMP +SOLV B/1;3336172;10940
HUMER NEZ BCHE AD F/50ML;5984816;4130
HUMER NEZ BOUCHE SPRAY 15ML;8547910;6310
HUMER SOL NAS BB/ENF F/150ML;3890984;6940
HUMER UNID AMP 5ML B/18;3855584;3740
HUMEX AD SP F/250ML (FA);3562129;2935
HUMEX COLLUT PRESS FL/35ML;3853559;2895
HUMEX ENF SP FL/125ML;3051015;2315
HUMEX LIDOC.GORGE IRRIT GUM/30;9535688;4215
HUMEX MX GORGE PAST MIEL CIT./24;3812017;2685
HUMEX MX GORGE PAST SS MENT/24;3635302;3310
HUMEX RHUM JR+NUIT CP/12+GEL/4;3447463;2535
HUMEX RHUM SOL NAS NEB F/15ML;3415888;6460
HUMEX RHUME FOIN F/100D;1320431;4130
HUMEX TX SECH SP 150ML OXOMEMAZINE;4924652;3775
HUMEXLIB 500/4MG GEL B/16(PARA/CHLO;3335988;2040
HUMEXLIB BUV SACH B/8;2782739;2825
HUMIDIFICATEUR A OXYGENE;1159027;43000
HUMIRA 40MG SOL INJ SERG F/2;3622305;953100
HUMOG HP 150UI SC/IM PDR INJ+SOLV/1;8066642;16710
HUMOG HP75UI SC/IM INJ+SOL/1ML;8066636;8970
HUMORYL COMP;3215528;6845
HV CHAULMOOGRA 100ML AROMA-ZONE;2018582;10115
HV DOSETTE CAMELIA 10ML AROMA-ZONE;1801665;1280
HV DOSETTE CHANVRE 10ML AROMA-ZONE;2000212;1280
HV NIGELLE 100ML AROMA-ZONE;6003146;14035
HYALGAN 20MG/2ML DOL INJ SER;3356571;33820
HYALURONIC FORTE 150MG CPR B/30;8322826;27085
HYALURONIC FORTE 200MG CPR B/30;8371687;30785
HYDERGINE AMP INJ 1ML B/6;3051191;1435
HYDRALIN BALANCE GEL VAG TRIP ACT 7 UNIT;2855326;33060
HYDRALIN FILLETTE MSSE LAV INT F/150ML;2855734;18455
HYDRALIN GEL HYD LUBRIF INT F/50ML;9767588;29580
HYDRALIN LOT 2X200ML MIXTE;3293681;7730
HYDRALIN PROT QUOI SOL INT 200ML;2855332;7636
HYDRALIN QUOTIDIEN GEL LAV INT F/200ML;7642434;18370
HYDRALISS LAIT FL/250ML;4030682;1340
HYDRALISS SAVON 250G;2275178;580
HYDRAM 10MG/12,5MG CPR B/20;8476245;3845
HYDRAM 10MG/25MG CPR B/30;8476239;6765
HYDRAM 5MG/12,5MG CPR B/30;8476251;3005
HYDRAVIT 10MG GRANULES SACH B/16;8456403;5415
HYDRAVOL 1L QALIAN;8005505;4755
HYDREA 500MG CAPS B/20;3051268;6065
HYDRETIX CR 50ML;6306237;16005
HYDRO TAC PANSEMENT;6313898;4490
HYDRO TAC TRANSPARENT;6318849;2170
HYDROCORTANCYL 125MG INJ F/5ML;3051558;10040
HYDROCORTISONE 100 IV 2ML B/1;3214115;3400
HYDROCORTISONE 10MG COMP B/25;3051417;4900
HYDROQUINONE 1KG;7427523;33810
HYDROSOL POLYVIT GTE 20ML PHARMA;3771488;1515
HYDROSOL POLYVIT GTTE F/30ML EUROLA;2295123;1155
HYDROXYUREA FCT 100MG CPR B/200;7781272;24190
HYDROXYUREA FCT 1G CPR B/30;7781289;25540
HYFAC CLARIFAC SPF 30 SOIN A-T 40ML;8561436;11090
HYFAC CR LEGERE T/40ML;7430084;9680
HYFAC CR RICHE T/40ML;7430091;9680
HYFAC CR SOIN GLOBAL F/40ML;7438165;8220
HYFAC EAU MICELLAIRE F/200ML;7430022;7920
HYFAC FOTOKER CR DERM T/50ML;2943912;17600
HYFAC GEL NETT PURIF F/300ML;7810469;11265
HYFAC HYDRAFAC CR LEG.T/40ML;8534304;10200
HYFAC HYFRAFAC CR RICHE T/40ML;8534296;10100
HYFAC MOUSS NETT EXFOL F/150ML;7760688;7950
HYFAC MSSE A RASER AERO/150ML;7438171;5530
HYFAC PACTCH SPEC IMPERF 2X15;4685414;9260
HYFAC PLUS GEL GOM.EXFOL.40ML;4615514;9940
HYFAC PLUS GEL NETT F/150ML;7438188;8180
HYFAC PLUS PAIN SURG.100GR;7438194;5405
HYFAC SUN SPF+50 SOIN INV/40ML;8653486;13760
HYFAC WOMAN ACT MASK 5ML SACH/15;8717507;12540
HYFAC WOMAN CR SOIN GLOBAL/40ML;8534244;8460
HYFAC WOMAN EAU MICELL F/200ML;8534250;8525
HYFAC WOMAN GEL GOMM DOUCEUR T40ML;8534267;9650
HYFRESH 0,2% SOL OPHT F/10ML;8431627;4630
HYGIAFEM GEL INTIM F/300ML;8330702;4865
HYGIAFLORE TRANSIT CPR B/150;7110364;26885
HYGIENE+ SPR DESINF SOL F/125ML;8646693;845
HYGIENE+ SPR DESINF SOL F/75ML;8646701;615
HYPAFIX 10MX2.5CM;4042809;2175
HYPAFIX BAND ADH 2MX10CM;7729193;1425
HYPERICUM PERFORATUM 4CH GR;376076;2685
HYPERICUM PERFORATUM 7CH GR;376099;1190
HYPERIUM 1MG COMP B/30;3294692;11105
HYPERLIPIDEMIA REGULATING TEA B/20;5002104;12000
HYPEROIL GEL SPRAY F/100ML;1252831;13400
HYPEROIL GEL T/30G;1252841;7700
HYPEROIL HUIL SPRAY F/100ML;1252851;20820
HYPERSOL 50% PDRE 1KG;9050206;20550
HYPERTENSION TEA SACHET B/20;5002110;12000
HYPNO-LOVE HUIL PARF 50ML;8323501;12345
HYPOTEN 50MG CPR B/30;2278099;3420
HYQUIN 200MG CPR B/30;8093432;3855
HYTACAND 16/12,5MG CPR B/30;3555684;7710
HYTACAND 16MG/12,5MG B/28;5605788;17605
HYTACAND 16MG/12,5MG CPR B/90;3720278;22375
HYTACAND 8/12,5MG CPR B/30;3720172;6255
HYTACAND 8MG/12,5MG CPR B/28;8493723;16335
HYTRINE 1MG CP B/15;3404376;8550
HYTRINE 5MG CP B/28;2585418;15720
HYZAAR 50/12,5MG CP PEL B/90;3714467;16260
HYZAAR 50/12,5MG CPR B/28;3385207;6505
I-RISE 200/0,5/1,5MG SP F/200ML;8488923;1320
IALUSET CR 100G;7631235;9190
IALUSET PLUS CR TRAIT ULCER 100G;7934869;25245
IBEX 200/235/30MG GEL B/24;8049052;1435
IBUDOL 400MG CPR B/20;8074601;1500
IBUDOL SP F/100ML;8012824;1155
IBUMOL 100MG/125MG SUSP BUV F/100ML;8495739;1515
IBUMOL 400/325MG CPR B/10;2291912;1075
IBUMOL 400MG B/30 CP(IBUPRO/PARACET;2291929;3185
IBUMOL SP F/60ML;8002872;1000
IBUNEX 100MG/5ML SUS BUV F/120ML;8468688;1380
IBUNEX P 400MG/500MG CPR B/100;8484598;8955
IBUPAR SUSP F/60ML;8011807;1185
IBUPHIL 5% GEL T/50GR (IBUPROFENE);8432213;2400
IBUPROFEN 400MG CPR B/10 BGR CONS;3835892;1090
IBUPROFEN CREAT 400MG CP 10BL10;8008053;5605
IBUPROFEN DENK 400MG COMP 10BL10;2264594;5540
IBUPROFEN DENK 600MG CPR B/20;8161010;2690
IBUPROFENE 400MG CPR B/20 BIOGARAN;3765631;1185
IBUPROFENE 400MG CPR B/30 MYLAN;3749922;1215
IBUPROFENE GH 100MG/5ML BUV 200ML;8060711;1570
IBUPROFENE GH CPR 400MG BT/100;8060734;1210
IBUPROFENE IG 400MG CAPS MOL.B/10;8458170;1240
IBUPROFENE UBI 400MG CPR 10BLIST10;8054047;3005
IBUPROFENE VIR 600MG CPR B/20;8469363;2095
IBUSOFT 400MG CAPSULE B/10;8022231;2030
IBUTAMOL 400/325MG CPR B/20;8084611;1985
IBUTIN 300MG CPR B/20;1352791;5790
IBUX 2G/100ML SP F/120ML;8077232;2065
ICAZ LP 2,5MG GEL B/30;3334109;9660
ICAZ LP 5MG GELULE B/30;3333392;16790
ICLOF GEL T/30G (DICLOFENAC);8072588;935
IDEOS CP A SUCER B/60;3380977;6670
IDEOS CPR B/30;3380960;4750
IDOL 100MG SUPPO B/20(INDOMETACINE);8068641;2705
IGNATIA AMARA 15CH GR;9032102;2805
IGNATIA AMARA 7CH GR;384093;3455
IGOL GRANUL SUSP BUV SACH B/10;1237785;3135
IKERVIS 1MG/ML COL UNIDOS 0,3ML B/30;10648;106700
IKOREL 10MG CPR SECAB B/30;33548100;6330
ILAX 10G SACH B/20 (CONSTIPATION);8019967;2520
ILAX 4G SACH/20 ENF (MACROGOL 4000);8019973;1515
IMAVERAL SOL EXT.F/100ML;6793680;37790
IMEDIA EXCELLENCE DCEUR NOIR;6027891;11000
IMENOR 10MG CPR B/10;266670;11635
IMENOR 2.5MD(METHOTREXATE 2,5MG) CPR B/24;217900;9845
IMEQUYL 20% SOL FL/500ML;9030149;10665
IMETH 10MG CP/10 NORDIC(METHOT.;3897404;11610
IMETH 2,5MG CP/24 NORDIC(METHOT.;3000431;9345
IMIGRANE 50MG CPR BT/6;3473704;10780
IMMARD 200MG CP PEL B/30;8074564;4770
IMMOBILISAT.TAILLE X LARGE;9014883;30420
IMMU-C EFFV SACH B/10;8066234;1820
IMMUCOX II BREEDER 1000DOSES;9062379;104900
IMMUN ACTIVE DENK GR STICK B/20;8386909;6430
IMMUN ACTIVE+D3 DENK PDR ST/20;8703020;7550
IMMUNID PLUS 800MG/20MG CPR B/30;8489934;1365
IMMUNIO BIO RENFORT GEL B/20;8355406;5495
IMMUNIT CPR B/30;8635086;5000
IMMUNO BB SOL BUV F/200ML;7847739;7740
IMMUNO HBS 180UI/1ML;8169566;64740
IMMUNOFUR PDR 250GR;9671368;3960
IMMUNOPLEX-N COMP B/30;8008076;12275
IMMUNORHO 300MCG-1500UI PDR INJ B/1;8416786;45460
IMODIUM 0,2MG SOL ENF FL/100ML;3188659;2220
IMODIUM 2MG GELULE B/20;3188607;2730
IMODIUM DUO CPR B/8;3788201;6420
IMODIUM LINGUAL 2MG LYO ORAL B/12;3666679;9575
IMOPEST 0,3 FL 1000D;9013263;16115
IMOVANE 3.75MG CP B/14;3605258;2740
IMOVANE 7,5MG COMP B/14;3474856;3895
IMOX 500MG GEL B/20;2297961;1985
IMPLANT D19,0 BIO VISION;9037074;13000
IMPLANT D22,0 BIO VISION;9021647;13000
IMPLANT D22,5 NUCLEUS;9022411;15600
IMUCLAV DUO 100/12,5MG PDRE BUV60ML;8083250;4025
IMUCLAV ULTRA 250/31,25MG PDR SOL BUV 60ML;8083238;5485
IMUCLAV-1125 1000/125MG CPR B/12;8059547;6230
IMUREL 25MG CPR PELL B/50;3641432;12555
IMUREL 50MG COMP B/100;3641490;24825
IN'OYA CONTOUR DES YEUX 17ML;9025510;27910
IN'OYA CORRECTEUR CIBLE 15ML;2325011;12840
IN'OYA CPLEMENT ALIMENT 13,9G;3250213;32750
IN'OYA EAU MICELL 200ML;2325013;11605
IN'OYA ELIXIR REGEN&REPAR.30ML;2325001;41870
IN'OYA FLUID SOLAIR SPF50 50ML;2325016;14410
IN'OYA GEL NETT EXFOLIANT 150ML;2325012;16345
IN'OYA LAIT CORP UNIF HYD 400ML;2325019;18490
IN'OYA MASQ PURIF DCEUR&ECL 75ML;2325005;20400
IN'OYA MOUSSE NETT PURIF 150ML;2325014;13975
IN'OYA SER A-TACHES 30ML;8353459;32685
IN'OYA SOIN ANTI-IMPERF.30ML;2325010;23250
IN'OYA SOIN UNIF HYDR 50ML;2325007;28000
IN'OYA SOIN UNIF MAT 50ML;8353471;28000
INCRUSE 55UG PDR UNI 1INHA/30DOSES;3000464;22760
INDAPAMIDE 1,5MG CPR B/30 BIOG;3383237;7585
INDAPAMIDE GP 2,5MG CPR PELL B/60;8067908;3995
INDAPRIL 1,25MG/5MG CPR B/30;8480608;10605
INDAPRIL 2,5MG/10MG CPR B/30;8480614;14465
INDITOR SR 1,5MG CPR B/30;8114453;4825
INDOCID 100MG SUPPO B/10;3052575;3970
INDOCID 25MG GELULE B/30;3052569;3455
INDOCINEX 0,1% COLL F/5ML;8484641;2755
INDOCOLLYRE 0,1% ETO F/5ML B/1;3419538;3555
INDOCOLLYRE 0,1% UNID.20X5ML;8472371;4950
INDOFER GEL B/30;8428507;2615
INDOFER SP F/200ML;8428499;2615
INDOFIX 100MG CPR B/10;8448869;3855
INDOFIX 100MG PDRE SUSP BUV F/60ML;8468286;5990
INDOFIX 200MG CPR B/10;8448875;5650
INDOFIX 400MG CPR B/10;8495509;6890
INDOFLAM 0,1% COLL F/5ML;8475607;2895
INDOTIMOL 0,5% COLL F/5ML;8491262;1475
INDOZONE 1G AMP INJ B/1;8008685;2605
INDOZONE-S 1G/500MG AMP INJ B/1;8008716;4065
INEGY 10/20MG CPR B/30;3696137;21360
INEGY 10/20MG CPR B/90;3909567;126920
INEGY 10/40MG CPR B/30;3696166;20300
INEXIUM 10MG SUSP BUV SACH/28;3867308;29015
INEXIUM 20MG CPR B/14;5606238;6985
INEXIUM 40MG CPR B/14;8479427;7810
INEXIUM 40MG CPR B/28;3553395;11920
INEXIUM PDRE SOL INJ F/5ML B/10;3644407;75760
INFLACAM 20MG CPR B/10(PIROXICAM);8066984;2690
INFLACAM INJ B/3;8020367;2095
INFUSION DU SOIR SACH/30 NUTRIGEE;6275666;12310
INHALATEUR PLASTIQUE BLANC RR;8220400;8260
INHALATEUR POLYETH.AD+ENF CPF;6183421;8050
INIBREX 200MG GEL B/10(CELECOXIB);8024158;5280
INICOX 100MG GEL B/30;8072677;7385
INICOX 200MG GEL B/20;8072683;8815
INIGAST 40MG CPR GAST RES.B/30;2306;8990
INIPOMP 20MG CP PLQ/28;3558441;8870
INIPOMP 20MG CPR B/14;3597441;4190
INIPOMP 40MG CP B/14;3558470;5050
INIPOMP 40MG CP B/28 (PANTOPRAZOLE);3558487;8265
INNOHEP 10000UI SOL INJ 0,5;9032160;88985
INNOHEP 14000UI ANTI-XA/0,7ML;206940;11500
INNOHEP 4500 UI ANTI-XA/0,45ML;206920;4010
INNOVATOUCH DENTIF CHARBON SS FLUOR F/75ML;8746822;6135
INNOVATOUCH DENTIF CHARBON T/75ML;8746816;6735
INNOVATOUCH ESCARGO CR CORP F/200ML;8339241;19330
INNOVATOUCH ESCARGO CR REP.MAIN 50M;8323470;8035
INNOVATOUCH ESCARGOT GEL SER VIS 50ML;8323487;19810
INNOXA GTTES BLEUES 10ML;6037197;9240
INOCLIM CAPS B/30;7959562;10200
INOFER 100MG CPR B/100;3352969;4135
INOFOLIC CAPS B/30;5204517;20800
INOMAZENE SACH 2,36G ;9002259;200
INONGAN CREME T/55G;3415894;5550
INOSERP ANTIVENIN PDR INJ 10ML;8073932;59645
INOX 100MG GEL B/28 (ITRACONAZOLE);8424372;6325
INSADOL DRAG B/40;9877130;7845
INSECT ECRAN FAMILLE SPR SPR/100ML;5203423;3490
INSECT ECRAN SPEC.TROPIQ F/75ML;8354499;5225
INSIDON(OPINOPRAMOL) CP B/50;3053244;2390
INSPRA 25MG CPR B/90 (EPLERENONE);3909811;115120
INSPRA 25MG CPR PEL.B/30 EPLERENON;3665705;39145
INSPRA 50MG CPR PELL B/30;3665740;41880
INSTACLOP 75MG CPR B/30(CLOPIDOGREL;8073174;4165
INSTACLOP PLUS 75/75MG GEL B/30;8433980;6920
INSTANT ERECT GEL B/10;8525274;6595
INSTITUT KARITE-TROUSSE H SOINS X3-CR+BAUME AFS+B BARBE;7100080;24730
INSTITUT KARITE-TROUSSE VISAGE HYD-SERUM+STICK LEVRES+MASQUE;7100090;34000
INSU ACTRAPID 100UI FL/10ML;3612011;7605
INSU ACTRAPID PENFILL B/5 CART;3611827;33390
INSU APIDRA SOLOST.100UI B/5 3ML;3772200;41325
INSU INSULATARD 100UI FL/10 ML;3612028;7605
INSU INSULATARD FLEXPEN 100UI B/5;3612092;52650
INSU INSULATARD FLEXPEN STYL.UNITE;9054084;10530
INSU INSULATARD PENF NPH 100UI UNIT;9014601;7815
INSU INSULET MIX 30 100UI 10ML;8061389;6780
INSU INSULET NPH 100UI 10ML;8061426;7460
INSU INSULET RAPIDE 100UI 10ML;8055851;6780
INSU LANTUS 100U/ML SOL INJ F/10ML;3594649;34400
INSU LANTUS 100UI OPTI. STYLO B/5;3565197;66625
INSU LANTUS SOLOST.100UI STYL/5;3772298;50555
INSU LEVEMIR FLEXPEN B/5 STYLO;9999841;79000
INSU MIXTARD 30 100UI FL/10ML;3612034;7605
INSU NOVO SEMILENT MC FL/10ML;3219443;3345
INSU NOVOL.MIXTARD 30 HMG 100UI B/5;3337651;44800
INSU NOVOMIX 30 FLEXPEN 3ML B/5;3567664;44110
INSU NOVOMIX 50 FLEXPEN 3ML B/5;3702429;54040
INSU NOVOMIX 50 FLEXPEN UNITE;8039616;10810
INSU NOVORAPID FLEXPEN 100UI B/5;3552740;44110
INSU OZEMPIC 0,25MG S INJ STYL PRE STYLO/1+AIG/4;151075;92365
INSU OZEMPIC 0,5MG S INJ  STYLO/1+AIG/4;151099;79970
INSU OZEMPIC 1MG S INJ STYL PRE STYLO/1+AIG/4;151105;99805
INSU RAPITARD MC 400UI FL/10ML;3239670;3395
INSU RYZODEG 5 FERTIGSPRITZE A 3ML;6934347;222910
INSU TRESIBA 100U/ML S INJ 5CART;2685338;22570
INSU TRESIBA FLEX 100U/ML STYL/1;8445552;22040
INSU TRULICITY 0,75MG SER INJ B/4;3000373;75100
INSU TRULICITY 1,50MG SER INJ B/4;3000376;128020
INSU VICTOZA 6MG INJ STYLO 3ML T/1;8072648;67115
INSU VICTOZA 6MG/ML STYLO B/2;3963236;77270
INSU XULTOPHY 100U/ML+3,6MG/ML S INJ B/5;3001851;231920
INSUFFLATEUR AD;9028968;99710
INSUFFLATEUR ENF;9031166;82600
INSUNEA LEOX NEUTR PDR P/300G;3407239;50640
INTER 02 200MG/500MG CPR B/10;1405521;2760
INTERCEF 100MG CPR B/10;8010251;1530
INTERCEF 100MG/5ML PDR BUV 30ML;8010222;1655
INTERCEF 200MG CPR B/10;8073122;3665
INTERFLOX 20% BIDON 1L;8552288;12650
INTERFLOX 500MG CPR 3BL4;8067653;3470
INTERMECTIN F/50ML;7642894;1915
INTERMECTIN ORAL 1L;8552302;12070
INTETRIX GELULE B/20;3053534;2785
INTILUBE GEL INTIM.50ML EUREKA PH.;9007558;3675
INTIMA CR DCHE EXT  DCHE F/200ML;8819001;3370
INTIMINA ALIVE TONIC BALLS 2BOULES ;40571110;18340
INTIMINA LAS. PERLE DE KEGEL 1BOULE;2760318;14320
INTIMINA LAS. PERLE DE KEGEL 3BOULES;2766048;33180
INTRAGLOBIN 500MG GEL B/30;8626302;5645
INTRAGLOBIN GEL STICK/10ML B/20;8626325;5870
INTRAGLOBIN SP F/200ML;8626319;5825
INTRAIT MARRON D'INDE SOL/90ML;6022971;16100
INTRALGIS 200MG CPR B/30;3432510;5220
INTRASITE GEL APPLIPAK 15G;7339581;6435
INTRAXONE 1G IM/IV PDR SOL INJ+SOLV B1;8420486;3445
IODAVIC 5KG;9010046;18720
IODE BISUBLIME FL/ 1 KG;7427664;411610
IODE COOP 250G;4276582;159985
IODE ERBAPHARM 100G;3484540;107270
IOPAMIRON 200 INJ AMP 15ML;3255522;10990
IOPIDINE 0,5% CY F/5ML;3383898;16610
IOPIDINE 1% CY UNIDOSE 2;3410543;13240
IOPIZE 50MCG/ML COLLYRE F/2,5ML;8450731;11765
IOPROST CY F/3ML;8124836;10360
IPECA 4 CH GR;390053;1190
IPECA 7CH GR;390814;2665
IPEPRAZOLE 20MG CPR B/14;8003245;1820
IPOZOLE 20MG CPR B/10;8097772;2785
IPP 20MG GEL B/14 (OMEPRAZOL);8081564;3060
IPP 20MG GEL B/28 (OMEPRAZOL);8081713;4850
IPPROTON 40MG PERF F/10;8094874;47965
IPPZOR 15MG GEL B/15;8026281;2815
IPPZOR 30MG GEL B/14;8026298;4875
IRBERSARAN/HYDROCHLOROTHIAZIDE 300MG/12,5MG B/30 ZENTIVA;4646683;16150
IRBERSARTAN 300MG CPR B/30 VIATRIS;2186799;8000
IRBESART H 300/12,5MG CPR B/30 ZENT;2191515;5410
IRBESART H 300/12,5MG CPR B/90 ZENT ;2191683;11965
IRBESARTA/HCTZ 150MG/12,5MG CPR B/30 BGR;2683061;6640
IRBESARTA/HCTZ 300MG/25MG CPR B/30 BGR;2683227;4545
IRBESARTA/HYD 300MG/12,5MG  CPR B/30 BGR;2683138;5440
IRBESARTA/HYD 300MG/25MG CPR B/90 BGR;2683279;11510
IRBESARTA/HYD 300MG/25MG CPR B/90 MYLAN;30172377;11510
IRBESARTAN 150MG CPR B/30 ARRW;2744058;6920
IRBESARTAN 150MG CPR B/30 BGR;2244427;4545
IRBESARTAN 300MG CPR B/30 BGR;2244522;5345
IRBESARTAN 75MG CPR B/30 BGR;2244344;4545
IRBESARTAN/HYD 150MG/12,5MG CPR B/90 ZENT;2219145;16180
IRBESARTAN/HYD 300MG/12,5MG CPR B/30 SANDOZ;1818048;4545
IRBESARTAN/HYD 300MG/25MG CPR PELL B/30 ZENT;2219174;7365
IREX 12 GEL B/30;2268729;2050
IREX 12 SIROP F/200ML;2269189;2295
IRINOTECAN ACTAVIS 100MG/5ML PERF.;5729349;32960
IRON PLUS CPR B/30 WALMARK;8385608;5000
IRPO 125MG/5ML SP F/250ML;8776042;4820
IRVINE'S MAREK DILUENT 400ML;9062008;4470
IRYS 1MG CPR PELL B/30 ;8087532;3060
IRYS 2MG CPR PELL B/30;8056431;4165
IRYS 3MG CPR PELL B/30;8056508;5815
IRYS 4MG CPR PELL B/30;8056572;5815
ISIS P. GLYCO A 10% CR DERM T/30ML;6004304;14245
ISIS P. NEOTONE BODY CR T/100ML;8587648;23505
ISIS P. NEOTONE EYES CR CONT YEUX ECLAIRC T/15ML;86214111;7990
ISIS P. NEOTONE GEL NETT EXFOLIANT T/150ML;8559184;7595
ISIS P. NEOTONE RADIANCE SPF50+ 30ML(ISIS P;7524367;15250
ISIS P. NEOTONE SENS CR T/30ML;8587654;13755
ISIS P. NEOTONE SER DEPIGM.F/25ML(ISIS PHAR;2028333;13720
ISIS P. NEOTONE SERUM T/30ML ISIS;8571311;14445
ISIS P. SECALIA ATO SHOWER CR F/400ML;1808441;11450
ISIS P. SECALIA BALM BAUM RELIPID.200ML;8560394;9925
ISIS P. SENSYLIA 24H LEG FLD HYDR/FPRT F/40ML;8560419;9120
ISIS P. TEEN DERM A-PUR SOIN INT.AI CR 30ML;8175549;9180
ISIS P. TEEN DERM AQUA SOL MICEL PUR 250ML;6019118;7650
ISIS P. TEEN DERM GEL EXFOL NETT 150ML(ISIS;8396411;7420
ISIS P. TEEN DERM GEL SENS.NET.PURIF.250ML;8171770;9525
ISIS P. TEEN DERM HYDRA CR APAIS.T/40ML;8171787;8325
ISIS P. TEEN DERM K A-IMPERF.GEL CR 30ML;8396428;7330
ISIS P. TEEN DERM K CONC.GEL CR NUIT 30ML;4781810;7565
ISIS P. TEEN DERM K FL/30ML;8168704;6315
ISIS P. UNITONE 4 REVEAL GEL EXF.150ML ISIS;4888962;5770
ISIS P. UNITONE 4 WHITE CR DEPI T/30ML ISIS;9619103;13825
ISIS P. URELIA 10 CR EMOL.F/150ML(ISIS PHAR;9952162;9770
ISIS P. URELIA 50 BAUM HYDR F/40ML;9952179;6170
ISIS P. URELIA GEL NETT 200ML VIS/CORP/CHV;9952185;9505
ISIS P. VITISKIN HYDROG.REG.REPIGM.50ML;2028327;23220
ISIS P. VITIX GEL REGUL.DEPIG.T/50ML;7624502;42100
ISIS P.TEEN DERM AZ CR SOIN ANTI IMPERF T/30ML;8598296;10620
ISIS P.UVEBLOCKSPF50+FLUIDE DRY TOUCH T/40ML;8651814;8710
ISIS.P SECALIA ATO BALM RELIP T/400ML;8768338;19300
ISOBAR 50MG COMP B/30;3285049;6340
ISOFLAV-CR GEL B/100;1237778;23890
ISOFRA GTTES NAS.F/15ML;3284771;1695
ISOLONE 20MG CP EFF B/20;8027300;3145
ISOLONE 5MG CP EFF B/30;8027292;1655
ISOPTINE 120MG GEL B/30;3547791;5000
ISOPTINE 40MG CPR B/75;3054580;3795
ISOPTINE L.P 240MG COMP B/30;3286741;9040
ISOPTINE LP 240MG CPR B/90;3715248;21630
ISOPTO-PILOCARPINE 1% CY F/10ML;3325754;2160
ISOPTO-PILOCARPINE 2% F/10ML;3325760;3780
ISOSORBIDE MEDISOL 10MG/10ML B/50 MEDAC(RISORDAN);5502883;75825
ISOTROY 1MG/ML LIQ INH VAPEUR F/250ML;8444831;38570
ISSEY MIYAK.EDPV RECH.75ML;7048122;49450
ISSEY MIYAK.L'EAU D'IS.H EDTV125ML;6251811;55590
ISSEY MIYAKE-L'EAU D'ISSEY SET XMAX 23-EDT 50ML+LT 50ML+GEL DCHE 50ML;4879667;61770
ISTAMYL GEL 20G;3004524;4565
ISTENDO 1GR AMP 5ML B/6(MUCOMYST;3802639;6325
ITA ND+IB+EDS FL 1000DOSES;9027578;38980
ITA NEW FL 1000 DOSES;9004241;15590
ITA NEW FLU H9 F/500ML;9000409;34440
ITAX SOLUTION ANTI-POUX AEROSOL;3266543;4940
ITEM SH ALPHA3 VOLUMATEUR F/200ML;7189319;10810
ITRACIBRA 100MG CAPS B/10;8495490;8265
IVAGEN 5MG CPR B/56;8491888;27550
IVERMECTINE 3MG CPR B/4 BGR;3014697;12470
IVERNET 50ML;4122993;3070
IVERVET 1% 50+5ML;7245242;2840
IVOKTIN 1% F/10ML;25738;525
IVOMEC BOV/OV INJ F/50ML;9014481;19910
IVOMEC-D BOV/OV INJ F/50ML;2042250;23290
IX AGE CR JR ANTI AGE 50ML;6195648;16375
IX AGE CR NUIT ANTI AGE 50ML;6195654;16375
IX AGE SER CTOUR YX 30ML;6195660;19485
IX SLIM CREME MINCEUR T/125ML;9000303;23140
IX TEC SER ANTI AGE 30ML;6195677;19485
IXINE 100MG/5ML SUSP F/40ML;1636551;3445
IXINE 200MG CPR B/10;1636571;3720
IXINE 40MG/5ML SUSP F/40ML;1636561;2755
IXPRA 40MG CPR B/28;8776533;4685
IXPRIM  37,5MG/325MG CPR EFF B/20;3919005;4040
IXPRIM 37,5/325MG CPR B/20;3585739;4875
IZ 200MG/5ML PDR BUV F/15ML;8022952;3445
IZ-500MG CPR B/3 (AZITHROMYCINE);8097795;5540
IZAFFEN CR T/60G (IRRITAT.PEAU);8170635;2895
IZALGI 500MG/25MG GEL BT/16 MYLAN;4960553;3060
IZILOX 400MG CPR PEL B/5;3575787;21920
IZOVAC  CORYZA 3FL 500ML;805465;21090
IZOVAC H120+HB1 FL 1000DOSES;9008090;2505
J;8123601;5415
JAGUAR FOR MEN EDTV 100ML;7003616;19575
JAGUAR JAGUAR H EDTV100+GD200ML;4812215;28055
JALCER GEL SUSP BUV F/200ML;8469676;2340
JANUMET 50/1000 CPR B/60;3000091;31950
JANUMET 50/1000MG CPR B/56;3867811;34470
JANUMET 50/850MG CP PEL B/56;8051238;34470
JANUVIA 100MG CPR PELL B/28;3792504;34465
JANUVIA 100MG CPR PELL B/30;2788788;25055
JANUVIA 50MG CPR B/30;1257;16210
JANUVIA 50MG CPR PELL B/28;3792496;27700
JARDIANCE 10MG CPR B/28;7892851;38500
JASMINE CPR B/1X21;3560550;14295
JASMINE CPR B/3X21;3560567;45670
JEANNE ARTH CASS.ROSE BLC EDPV100+LAI+;5004132;10845
JEANNE ARTH.AMORE MIO W.P.EDPV100+;5004706;11000
JEANNE ARTH.CASSAND.ROSE INT-EDP V 100ML;5003931;8810
JEANNE ARTH.ROCKY M.EDTV100+DEO;5000296;18630
JEANNE ARTH.ROCKY MAN EDTV100+GD150;5004758;9000
JEANNE EN PROV-COFFRET JASMIN-EDP 60ML+CR MAINS F/75ML+SAV SOLIDE 100G;5004149;10000
JEANNE EN PROV.DIVINE OLIVE DCH HL+;5004161;20000
JEANNE EN PROV.JASMIN SECRET-CR MAINS HYD F/75ML;5012829;5695
JEANNE EN PROV.LAVAND&VETIVER EDTV+;5004126;12000
JEANNE EN PROV.ROSE ENVOUT.EDP+CR+S;5012806;15000
JEANNE EN PROV.VERVEINE AGR.EDP+CR;5012812;15000
JENTIN-MET 50/1000MG CPR B/14;8498755;7575
JERSEY TUBIFAST 10M UNITE;5379250;1205
JERSEY TUBUL 10CM 5 METRE;8277273;3555
JERSEY TUBUL 20CM 1 METRE;8277304;1545
JERSEY TUBUL 5CM 1 METRE;8277310;560
JERSEY TUBUL 5CM 1METRE BLANC;7016435;875
JERSEY TUBUL 5M X15 METRE;8277296;5345
JERSEY TUBUL 7CM 1METRE;8277327;585
JERSEY TUBUL 7CM 1METRE BLANC;7016441;1370
JESPER 50MG CPR B/10;8097909;4165
JEVITON CAPS MOLLE B/30;8360979;2245
JIKEKO CREME RICHE VITAMINE 200ML;67248;14000
JIKEKO HUILE DE CROISS MULTI-USAGE 100ML;67224;10500
JIKEKO LEAVE-IN CONDIT MULTI-USAGE 250ML;67200;12000
JIKEKO SERUM FORTIF. MULTI-USAGE CHX 100ML;67231;10500
JINK 20MG/5ML SUSP BUV F/60ML;8429234;3775
JOHNSON'S BABY LAIT BEBTIME F/400ML;8306879;8500
JOHNSON'S BB BAIN BEDT BUBBL 444ML;8306684;9000
JOHNSON'S BB BAIN BEDTIME F/444ML;8306690;8690
JOHNSON'S BB BAIN HONEY F/444ML;8306744;6980
JOHNSON'S BB BAIN ROSE CLASSIC 444M;8306715;7000
JOHNSON'S BB BAIN VANILLA F/444ML;8306796;7000
JOHNSON'S BB HLE ROSE CLASS 414ML;8306827;7000
JOHNSON'S BB LAIT NATURAL F/444ML;8306939;8885
JOHNSON'S BB LAIT ROSE CLAS T/200ML;8306968;5300
JOHNSON'S BB LAIT ROSE CLAS.444ML;8306885;7000
JOHNSON'S BB LAIT VANIL.444ML;8306951;6010
JOHNSON'S BB SAV BLANC CLASS.;8306980;2840
JOHNSON'S BB SAV ROSE CLASS.85G;8306974;3100
JOHNSON'S BB SH ROSE CLASS.444ML;8306402;7000
JOHNSON'S BB TALC CLASSIC 425G;8306448;7000
JOHNSON'S BB TALC ROSE MAGNO.425G;8315832;7000
JOINT ACTIVE DENK CPR B/30;8386890;15135
JOINTAID DOULEUR CPR B/30;8664515;7545
JOINTAID FLEXIBILITE CPR B/30;1610611;7635
JOINTAID ORIGINAL CPR B/30;8544834;5835
JONCTUM CICA.CR REPAR T/30ML;9653494;10210
JONCTUM VERGETURES CR 125ML;6999252;21630
JORIDOL 50MG GEL B/10;8068090;2635
JOSACINE 125MG BUV GLE FL/60ML;3230628;3430
JOSACINE 250MG BUV GLE FL/60ML;3230700;7545
JOSACINE 500MG BUV GLE FL/60ML;3236016;7855
JOSACINE 500MG COMP B/20;3230692;13830
JOURDAN INDIVIDUELLE EDT VAPO 50ML;9015397;26040
JOUVENCE ABBE SOURY SOL/210ML;3054976;11265
JOUVENCE SOURY CPR B/180;3827562;18080
JOYCLAV 250/31,25MG PDR SUSP/60ML;8417685;3710
JOYCLAV 875/125MG CPR/12(AMOX/CLAVU;8417679;5955
JULES EDT FL/100ML;9002213;35360
JUVABIOL GEL ONGLES +CHEVEUX B/45;90263510;10595
JUVAM M.3C CP EF/15(CA+VITC+CAF);8398019;2065
JUVAM M.MG+VITB6+B2 CP EFF/15;8363558;2380
JUVAM MONO VIT C1000 CP EF B/15;8058476;2175
JUVAMINE 12VIT+8MIN.CP EF B/30;4033025;7160
JUVAMINE 4G TONIFIANT AMP B/10;8531725;6330
JUVAMINE ACT MINC 6EN1 PDRE STICK/14;8603235;4770
JUVAMINE ALLAIT THE SACH.B/20;8501606;2650
JUVAMINE APPETIT TONUS SP/200ML;8397445;4835
JUVAMINE ARTICH/RADIS NOIR GEL B/50;8680997;3570
JUVAMINE BOOST VIT CRP CROQ B/30;8669889;3455
JUVAMINE BRULE GRAISSE M GEL B/60;8742184;4790
JUVAMINE BRULE GRSSE PDRE STICK/14;8675370;3265
JUVAMINE CHARBON GEL B/40;2064490;4215
JUVAMINE DESMODIUM GEL B/30;2064480;3450
JUVAMINE EXP DETOX FOIE B/60;1653161;6590
JUVAMINE EXP MINCEUR 4EN1 CPR B/60;8742161;6765
JUVAMINE EXP NAT ARTIC CPR B/60;2064404;5990
JUVAMINE EXP NAT CIRCULAT CPR B/60;8603382;4830
JUVAMINE EXP NAT FOIE GEL B/60;8611275;6885
JUVAMINE EXP NAT MINCE 3EN1 GEL B/60;20643965;4375
JUVAMINE EXPERT NATURE TRANSIT GEL N/60;8603407;3835
JUVAMINE EXPERTNATURE DETOX ELIM F/500ML;8742155;7220
JUVAMINE FIZZ 11VIT+7MIN.CP EF/30;8091663;3880
JUVAMINE FIZZ GOLD CPR EFFV B/30;8078504;5615
JUVAMINE FIZZ MG+B6 B2 CP EF B/30;8028386;3695
JUVAMINE FIZZ VITC+CA CP EF B/30;8028363;3675
JUVAMINE GINS.TONUS AB B/10;2252272;5835
JUVAMINE INTEL MEMO CONC.B/45GEL;8037882;6590
JUVAMINE LEVURE DE BIERE CPR B/50;8760236;3225
JUVAMINE M.CA+VITD3 CPR EFF/15;8531731;2775
JUVAMINE M.FIZZ GOLD 22 CPR EF/15;8058507;3315
JUVAMINE MG+VIT B6 CPR B/45;8093656;4240
JUVAMINE MONO 3C CPR EFF B/15;8167194;2065
JUVAMINE PEAUX CHEV ONGLES B/40;2067020;10810
JUVAMINE PERFORMANCE  CP B/40;8333422;4225
JUVAMINE PH.CHARBON/LEV GEL/45;8391483;5685
JUVAMINE RHUBARBE CPR B/100;2064036;3895
JUVAMINE SOMMEIL CP/30 MELAT/P;8675401;2390
JUVAMINE SOS BRUL.GRAISSE F/500ML;2071116;6610
JUVAMINE SOS BRULE GRAISSE F/500ML;8742190;5265
JUVAMINE SOS MINCEUR ARTICH SOL F/500ML;8742209;5690
JUVAMINE TAURINE/GINS.CP EFF/30 ;8039728;5020
JUVAMINE THE VERT GUARA.GEL/30;8393832;3880
JUVAMINE VIT B COMPLEX OPTIMAL+ CPR B/30;1001550;3785
JUVAMINE VIT C1000 CPR EFF B/30;2252243;3500
JUVAMINE VIT C500 CPR CROQ/30;2252266;3410
JUVAMINE VIT C500 CPR EFFV/30;2252237;4675
KALEORID LEO LP 600MG CP B/30;3321733;1515
KALEORID LP 1000MG CPR B/30;3327782;3690
KALFEN 100MG/5ML ENF BUV F/60ML;8051586;1130
KALIUM BROMATUM 9 CH GR;9545103;1135
KAMAGRA 100MG CPR B/4;8084901;11055
KAMAGRA 50MG CPR B/4;2293928;9255
KAMAGRA 50MG GEL SACH/1;8040967;2785
KAMASUTRA DARE DEO H SPR 150ML;8405452;3000
KAMASUTRA DEO BLACK X 120ML;6246162;4470
KAMASUTRA HARD DEO H SPR 150ML;8424691;3000
KAMASUTRA URGE DEO H SPR 150ML;8405446;3000
KAMAX GEL INTI FRAISE 3ML B/5;1599221;720
KAMAX GEL INTI MENTHE 3ML B/5;1599211;720
KAMAX GEL INTIME SACH 5X3ML;8411263;510
KAMAX GEL INTIME T/20G;2472962;845
KAMAX GEL INTIME T/82G;2472963;1900
KAMAX GEL PROLONGE 3ML B/5;5198201;595
KAMYCINE 1G AMP INJ 4ML B/1;3055415;2160
KANAMYCINE PPH 1G INJ B/100 UNITE;90154710;1260
KARDEGIC 160MG SACHET B/30;3324737;2025
KARDEGIC 300MG SACHET B/30;3322655;2025
KARDEGIC 75MG SACHET B/30;3474419;2030
KARESSE CR  HYD A LA CAMOMILLE 50ML;120220266;20000
KARESSE CR ANT-RIDE A L'HLE DE PEPIN 50ML;120220267;25000
KARESSE CR ANTI-AGE BAVE D'ESCARGOT 50ML ;120220268;30000
KARESSE CR PR HOMME 50G;130220262;25000
KARESSE GOMM BAVE D'ESCARGOT 40G;120220269;20000
KARESSE MASQ ARGILE BLANCHE ACL 130G;120220261;18000
KARESSE MASQ ARGILE JAUNE 130G;120220264;18000
KARESSE MASQ ARGILE ROSE 130G;120220263;18000
KARESSE MASQ ARGILE ROUGE 130G;120220262;18000
KARESSE MASQ ARGILE VERTE 130G;120220265;18000
KARESSE MASQ GHASSOUL 130G;120220260;18000
KARESSE SERUM BAVE D'ESCARGOT 30ML;130220261;35000
KARICOCO CAROTTE PDE P/200ML;8559959;2310
KARICOCO CAROTTE PDE P/80ML;8569633;565
KARICOCO HLE COCO/KARITE F/100ML;8611163;3080
KARICOCO HUILE CAROTTE/KARITE F/100ML;8611111;3080
KARICOCO KARITE PDE P/200ML;8559942;2310
KARICOCO KARITE PDE P/80ML;8569656;1080
KASTLEVO 10MG/5MG CPR B/10;8471265;2480
KAYEXALATE PDRE B/454G;3235086;23075
KAZOL 2% CR T/15G;8013516;2095
KEAL 1G COMP B/30;3288450;5780
KEFOTAX 1G INJ B/1 IM/IV;2278722;3805
KEFOTAX 500MG INJ B/1 (CEFOTAXIME);2277740;1920
KEFPIME 1GR INJ IM/IV B/1(CEFEPIME);6310902;4960
KEFROX 125MG/5ML SUSP ORAL 50ML;8089324;2785
KEFROX 250MG CPR B/10;8089353;4370
KEFZOL 1G INJ FL+SOLV B/1;3180712;3050
KEITO MESURE P/T/MG ARGENTE;8000000;300
KEITO MESURE P/T/MG/PA CARTE UNITE;8000206;450
KEITO MESURE P/T/MG/PA DORE;8000005;500
KELAMECTIN 1% F/50ML;3240026;2430
KELOCOTE GEL CICATRICES T/15G;8308358;19475
KELOCOTE GEL CICATRIS.T/6G;8308364;11955
KELOCOTE UV GEL CICA.T/15G SPF30;9833635;41790
KELP 30MG CPR B/30(SYNT.HORM.THYROI;8315507;2725
KEM SUSP BUV F/200ML PROBIOTICS;8529214;11300
KEMIDON PAPIER PH 1 A 10;7507481;15430
KENACORT RET 40MG SER 1ML B/1;3055875;2915
KENACORT RET 80MG SER 2ML B/1 ;3158457;6890
KENOSAN 5L;9035595;23300
KENZO FLOWER IN THE AIR EDPV 50ML;1002952;64790
KENZO HOM EDTV 100ML;7518208;52000
KENZO JUNGLE EDP VAPO 30ML;9015090;32290
KENZO KASHAYA EDT VAPO 75ML;9020530;15000
KEOZOL 2% CR T/30G;8084568;1365
KEPPRA 100MG/ML  BUV 150ML(6-48M;3982759;31115
KEPPRA 100MG/ML BUV 150ML(1-6M;3982765;43115
KEPPRA 100MG/ML SOL BUV F/300ML;3702381;91090
KEPPRA 250MG CPR B/60;3560136;19500
KEPPRA 500MG CPR PEL B/60;3560165;25810
KERASTASE BAIN SATIN 1 SH 250ML;3474632;22770
KERASTASE BAIN SATIN 2 SH DRY HAIR;3474626;22310
KERATINE FORTE GEL B/40;8322849;22805
KERATINE FORTE SH F/150ML (FA);8322855;12230
KERLONE 20MG COMP B/28;3254942;5930
KESTINE 10MG CPR B/10;8089809;2510
KESTINE 20MG CPR B/10;8089790;4160
KETAFEN 100MG SUPPO B/12;8481915;1640
KETAFLOX 200MG CPR SEC B/10(OFLOXAC;8003297;2785
KETAFLOX 400MG CPR PEL SEC B/10;8003305;4850
KETAZOL 2% T/30G;8483535;620
KETESSE 25MG CPR B/20 (DEXKETOPROF.;3461724;4165
KETESSE 50MG SOL INJ AMP/2ML B/1;8079024;1130
KETESSE 50MG SOL INJ AMP/2ML B/5;8079030;4300
KETOCON 2% CR T/15G (KETOCONAZOLE);8072565;1045
KETOCON 2% SH F/75ML (KETOCONAZOLE);8072559;2050
KETODERM 2% CREME T/15G;3292492;4135
KETODERM 2% GEL SACH 6G B/8;3330695;12000
KETODIASTIX BANDELETTE B/50;6157180;9440
KETOFLEX 100MG SUPPO B/10;8445747;1720
KETOFLEX 2,5% GEL T/20G;8445724;1035
KETOFLEX 50MG GEL B/24;8445730;1655
KETOMED 2% CR T/30G;1405541;3310
KETOMED 200MG CPR B/10;8451529;3445
KETONAL 100MG CPR B/20;8021622;1905
KETONAL 100MG SUPPO B/12;8021823;2260
KETONAL DUO 150MG CP B/20;8021757;3625
KETONAL GEL 2,5% T50G;8071761;1655
KETONEX 2% CR T/30G;8476736;4135
KETONEX BIO SAV ANT-BACT/FONGIG 75G;8671001;1720
KETOPAN SAV PAIN 100GR;8390319;6470
KETOPROFEN GH 100MG SUPPO B/12;8074340;1750
KETOPROFEN GH CPR 100MG B/30;8074328;1615
KETOPROFENE LP 100MG CPR B/20 BGR;2214337;2495
KETOPROFENE LP 100MG CPR B/30 BGR;2214337;3040
KETOPROFENE UBI 100MG CPR 10BL10;8054142;7440
KETOVID 2% CR T/15GR (KETOCONAZOLE);3990003;2100
KETOZIDE 60MG CPR B/30;8492729;3855
KETREL 0,05% CR T/30G;3408836;13540
KETUM GEL 2,5% T/120GR DOSEUR;3444476;4465
KETUM GEL 2,5% T/60GR;3335497;2480
KIDJOY GRIPE WATER SOL BUV F/120ML;8560767;2150
KIDNEY CLEANING TEA SACHET B/20;50021410;12000
KIDOO MULTIVIT SP ENF F/120ML;8351928;3835
KIDS BUNNY DENT T/80G ANTI CARIE;8371836;1455
KIETYL 6MG COMP B/30;8066659;2715
KIJIMEA COLON IRRIT PRO GEL B/30;4439332;36695
KIJIMEA COLON IRRITABLE PRO GEL B/10;1455;33740
KILCIP FORTE 500/600MG CP/10;8014740;4680
KILMOL 400/325MG CPR B/10;8469771;1240
KILMOL 400/325MG CPR B/30;8014757;2785
KIMMI LILY LA FLORAL EDTV 50ML;9027124;18000
KINAFON 116,7MG SUPPO B/10;8095253;2135
KINAFON 80MG CPR B/30;2291970;1640
KINAL CODEINE GEL B/18;8035908;1890
KINAL IBUP.SUSP 60ML(PARA/IBUP);8035920;995
KINAL PROMETHAZ.BB SUPPO B/10;8046409;895
KINAL PROMETHAZ.ENF SUPPO B/10;8046390;1100
KINALDOL 325/37,5MG CPR B/20;8073990;1445
KINAZOL 2% SH ANTIPELL F/100ML;8085639;5165
KINGSMAN B/12;8567893;14910
KINUREA H AMP INJ 5ML B/6;3056171;25750
KIPOS 1000000UI CAPS B/1;1123;1835
KIPOS 100000UI CAPS B/2(VIT D3);3012719;2700
KIRACLAV 500MG/62.5MG CPR B/16;8468926;4960
KIT BLANCHIEMENT L-SMILE 9ML;1670691;30210
KIT FIRST AID SOLAS SURVITEC;1519901;74590
KIT NETTOIE CORDON  CR T/10G+SOL F/30ML;8830161;2770
KIT REPRISE AVIAIRE 10ML;2281181;370
KL ABYSSINE CR HLE 200ML CHEV CREPU;8332322;6270
KL ANTICHUT QUINAFORT HOM.18DX5ML;8332807;21385
KL ANTICHUTE QUINAFORT (HORM-HERED);4658268;38260
KL BAUM NUTRI.MANGUE T/200ML;6005010;6550
KL BAUME QUININE 200ML;1442421;8095
KL BB BIO CR DE CHANGE T/100ML;8750485;7315
KL BB EAU BB PARF VAP/50ML;6681917;14660
KL BB EAU FRAICH PARF SPR/500ML;8572322;12280
KL BB EAU NETT MICELL SS RIN 500ML;8345974;3000
KL BB EAU NETT SS RINC F/500ML;7684220;9080
KL BB ERYTEAL PDE CHANGE 75ML;8572233;6785
KL BB GEL LAV DX CH/CORP 200ML;8572210;6590
KL BB GEL LAV DX CORPS/CHX F/500ML;8572204;10500
KL BB GEL MOUSS CH/CORP 500ML;7120871;9090
KL BB LAIT HYDR F/750ML;8572279;13205
KL BB LAIT HYDRA F/500ML;6044005;10665
KL BB LAIT SS RINC.500ML;8572316;10420
KL BB LINGET.NETT DCE B/70;8572285;6855
KL BB PACK JUNIOR ;1491551;17455
KL BB PACK MINI;1491561;14225
KL BB PACK NAISSANCE;2475342;29805
KL BB PANIER 1 ROSE;8161582;38000
KL BB PANIER NAISSANCE;8633839;44600
KL BB PDRE TOIL PDREUS 100G;8572227;9565
KL BB SAVON SURG 250G;8572196;5640
KL BB SH DX DEMEL.200ML;6417729;8120
KL BB SH PROTECT 500ML;6135882;7470
KL BB SOLIDE LAV  100G;389708;5735
KL CAPI.BAUM.REVITL.QUIN/B6 150ML;7630626;4980
KL CAPIL.SH QUININE+VIT B6 400ML;7568620;6105
KL CR DEPIL ACT RAPID 150ML P/2;7000641;22755
KL CR DEPIL AMANDE DOUCE PS T/150ML;6416434;17830
KL CR DEPILATOIRE JAMBE 150MLX2/24U;207361;28860
KL CREME DEPIL ZONE SENS 75ML;5150595;9570
KL DATTIER DU DESERT MASQ P/150ML;8332316;9590
KL DATTIER DU DESERT SH F/200ML;8327551;3995
KL DEO FRAICHEUR BILLE 40ML;8221580;4725
KL JR GEL DOUCHE FRAMB F/200ML;8761365;6635
KL JR SH DEMELANT PECHE F/200ML;8761342;6635
KL JR SHPG DEMEL F/200ML 7L;1503681;6490
KL JR SPRA DEMEL MIEL F/125ML;8761359;3000
KL JR SPRAY DEMEL 125ML;1503691;9940
KL LOT DEMAQ YX BLEU.WATERP.125ML;6632907;7370
KL MASQ REPAR.BEUR/MANG.P/150ML;7950182;11365
KL PACK BB DOUCEUR;2475344;16875
KL PACK BB ESSENTIEL;2473489;24660
KL PACK JNIOR LAIT+PDRE+SAVON/1;8566149;48000
KL PACK JUNIOR LAIT+GEL LAVANT/1;8633822;16000
KL SH ANTIPEL CAPUCINE F/200ML;6164062;3985
KL SH BEURRE MANGUE 200ML;1244371;5370
KL SH BEURRE MANGUE 400ML;1442431;8145
KL SH LAIT AMANDE FL/500ML;8221717;9930
KL SH LAIT AVOINE F/400ML;7568614;6460
KL SH LAIT PAPYRUS F/200ML;4704264;4100
KL SH QUININE+VIT B 200ML;1442441;4915
KL SH SEC AVOINE SPR F/150ML;7151498;5765
KL SH TRAIT.HUILE VISON 200ML;6164085;4045
KL SHAMP QUININE ;1530981;5315
KL VALISETTE;2297518;39990
KLACIN BID 1000MG CPR B/10;2266920;7055
KLACIN BID 625MG CPR B/15;2266937;6860
KLACIN PED FORT PDRE SUSP 100ML;8032270;5415
KLACIN PED PDRE SUSP BUV 100ML;8032264;3810
KLAMAGEL GEL MOUSSANT F/250ML;8435944;2800
KLARIS COFFRET;606168;69000
KLARIS CR CONTOUR YX F/15ML;7268712;20800
KLARIS CR JR CLARIF 200ML;4493763;41000
KLARIS CR NUIT CLARIF 200ML;4493764;41000
KLARIS GEL DCHE BB 500ML;9761255;11000
KLARIS GLYCERINE CLARIF 320G;4493766;26000
KLARIS LAIT BB CALMANT 1L;4493771;19000
KLARIS LAIT BEAUTE CLARIF 500ML;4493762;41000
KLARIS LAIT CAROT CLARIF 500ML;4493839;41000
KLARIS LAIT HYDRATANT 500ML;4493770;28000
KLARIS LOTION  CLARIF F/250ML;18448;23000
KLARIS SAV EXF CLARIF 200G;4493767;7500
KLARIS SERUM CLARIF 100ML;4493765;30000
KLAROMIN 500MG CPR PELL B/14;8424248;10140
KLAVMOX 1,2MG IV PDRE SOL INJ F/1;8017023;2105
KLAVMOX 1000MG/125MG PDRE BUV S/16;8497098;4395
KLAVMOX LB 1125MG CPR PELL B/0;8466293;5360
KLINDEX-M 100MG/200MG CAPS VAG B/7;8480287;2960
KLIPAL 600MG CP B/12 (PARACETAMOL);3330531;2375
KLIPAL CODEINE 300MG CPR B/16;3574865;1585
KLIPAL CODEINE 600MG CPR B/12;3574871;2140
KMENO SACHETS B/10;8812909;15225
KNZ 200MG CP B/10(KETOCONAZOLE);4215832;2690
KOFKICH PAST MIEL CITRON B/20;8588694;3030
KOFKICH SP FL/100ML;8588754;3175
KOJEE SACH B/8;7482522;16405
KOLBADENT PATE DENTIF.T/160G;8549524;4545
KOLD STOP 100/325/10/25MG CPR B/10;8486433;1625
KOLICURE GTTE BUV F/15ML;8022981;1720
KOLOSSAL SEX CREAM 200ML;8322861;11625
KONAKION MM 10MG/ML INJ/BUV AMP B/5;8431283;5220
KONTROL DENT BLANC.+FLUOR T/75ML;7826714;2285
KONTROL DENTIF SPECIAL FUMEURS T/75ML;8743918;2610
KREDEX 12,5MG CPR B/28;3423474;8085
KREDEX 25MG CPR B/28;3426395;7460
KREDEX 6,25MG CPR B/28;3423445;4875
KY LUBRIFIANT 082GRS;8002091;6180
KYNOSELEN SOL INJ FL/100 ML;6901715;2925
KYTRIL 1MG CPR B/10;3371582;42620
KYTRIL 1MG CPR PELL B/2;3371576;13825
KYTRIL 1MG CPR UNITE;9026455;3900
KYTRIL 1MG/1ML INJ AMP B/5;8072275;20080
KYTRIL 1MG/1ML INJ UNITE;9049982;4020
KYTRIL 3MG/3ML INJ B/1;3393543;25020
KYTRIL 3MG/3ML INJ B/5;3393566;63870
L;1566100;9170
L ARUCHE SENTEUR GOURMAND F/8ML;160220264;2
L CARNITINE PLUS 1000/50MG CP/20;8424774;8405
L GEST 1,5MG CPR B/1;8425578;1020
L'OREAL;2276261;8260
L'OREAL ABS DCE EAU MICEL.PS 200ML;2236586;4190
L'OREAL AGE PERF.CALCIUM JR 50ML;9009563;12800
L'OREAL AGE PERF.CR JR P/50ML;8310585;9102
L'OREAL AGE PERF.CR NUIT P/50ML;7639633;8840
L'OREAL AGE PERF.HUIL EXTRA.50ML;2245757;14270
L'OREAL AGE PERF.LAIT NETT.200ML;8310616;5650
L'OREAL AGE PERF.LINGET.DEM.P/25;2278337;6070
L'OREAL AGE PERF.LOT DEF.200ML;7369636;5650
L'OREAL AGE PERFECT SOIN FPS30 CR F50ML;3997572;9855
L'OREAL AGE REVITALIFT JOUR;3181769;11120
L'OREAL COLOR.MOUSS SUBLIM NOIR;9014825;15530
L'OREAL DEMAQ DX YEUX 125ML;3160922;4480
L'OREAL DERMO EXP  BRIGHT REVEAL S H SPF50 CR A-T F/50ML;9014423;14200
L'OREAL ELSEV MASQ TOT.REPAIR 300ML;9999086;9850
L'OREAL ELSEV SH TOT.REPAIR 250ML;7029857;4120
L'OREAL ELSEVE SER REPAR.SPEC.POINT;2148190;17500
L'OREAL FLEUR R.CR DEM P/200ML;1252991;5910
L'OREAL FLEUR RAR LAIT DEM 400M PNM;9999815;7125
L'OREAL FLEUR RAR LAIT DEM.PSS 400M;2344910;7125
L'OREAL FLEUR RAR LOT.DEM.PNM 400ML;9993623;6575
L'OREAL FLEUR RAR LOT.PSS 400ML;2343997;6575
L'OREAL GEL DETOX ARGIL PUR T/150ML;2343098;7680
L'OREAL GEL EXFOL.ARGIL PUR T/150ML;9065248;7675
L'OREAL HYDRA GEN.ALOE W.PNM T/70ML;8244262;9870
L'OREAL HYDRA GEN.ALOE W.PNS T/70ML;7037590;9870
L'OREAL INC FRES LOT TON.PUR 200ML;3334753;4190
L'OREAL LOT DEMAQ YX 125ML;6422564;4480
L'OREAL MASQ DETOX ARGIL PUR 50ML;2258205;10810
L'OREAL MASQ LISS.ARGIL PUR 50ML;5214208;10420
L'OREAL MASQ PURIF.ARGIL PUR 50ML;52142510;10420
L'OREAL MEN EXP ANTI-IMPERF PUR POW;5522418;8480
L'OREAL PERFECTSLIM PRO 150ML;9010543;20340
L'OREAL PROGRESS HOMME GEL FL/4;6654458;31835
L'OREAL REVIT.CR HYDR YX 15ML;8244285;8880
L'OREAL REVIT.CR NUIT HYDR 50ML;9033343;10090
L'OREAL REVIT.LASERX3 JOUR 50ML;2248997;14270
L'OREAL REVIT.LASERX3 NUIT 50ML;2248000;14580
L'OREAL REVITAL.VIS CONT.COU 50ML;2159414;10090
L'OREAL REVITALIFT CR JR P/50ML;8310668;10090
L'OREAL REVITALIFT TOT R.JR 50ML;2198532;12800
L'OREAL SH SILVER ECLAT 300ML;4633009;19470
L'OREAL SUBLIM.LAIT DEM PSS 200ML;6307188;4200
L'OREAL SUBLIM.LAIT DEM.TTP 200ML;9010572;4200
L'OREAL SUBLIMIST CR JR TP 50ML;2245409;10090
L'OREAL SUBLIMIST SER PX PARF 30ML;2245473;10090
L'OREAL SUBLIMIST YX A/CERNE 15ML;2245527;10090
L'OREAL TR.ACT.JR CR HYD PS 50ML;1728695;6670
L'OREAL WP CR HYD JR SPF17 P/50ML;8228889;7680
L'OREAL WP CR HYD NUIT P/50ML;4746311;6900
L'OREAL WP GEL NETT MSS T/100ML;7106316;6570
L'UOMO TRUSSARDI EDT SPRAY 50ML;9018728;26175
L-GLUTATHION 50MG GEL B/30;9000875;31975
L-MESITRAN SOFT GEL T/15G;8096459;2480
L-MESITRAN SOFT GEL T/50GR;8096465;7095
L-THYROXIN 137MG CPR B/100;214107;13635
L-THYROXIN HENN 100MCG CP B/100;3011980;8765
L-THYROXIN HENN 25MCG CPR B/100;3011976;6185
L-VIVACETZ 5MG CPR PEL B/30;8439913;3445
L.72 LEHNING GTTE 30ML;3060327;7685
L.78 CPLEXE HOMEO GTTES 20ML;3060103;3585
LA DS 80MG/480MG CPR B/6;8450889;1930
LA MAISON DE LA VAN.LE CLUB 190G;7172000;12000
LA MAISON DE LA VAN.ODYSSEE 190G;7172017;12000
LA MAISON DE LA VAN.SAUV.MADAGASCAR;8281582;39000
LA RUCHE  APRES SH CHEVEUX MIXTE F/250ML;5502022;11500
LA RUCHE  GOMM A LEVRE 10ML;5500950;5000
LA RUCHE  MASQ PEEL OFF AU MIEL F/100G;5500967;10400
LA RUCHE APRES SH CHEVEUX SECS F/250ML;5502039;11500
LA RUCHE BAUM A LEVRE FRAMB 10ML;5502459;5000
LA RUCHE BAUM A LEVRE VANILE 10ML;5502558;5000
LA RUCHE BRUM CORPS &CHEVEUX  DCEUR ORIENTALE F/200ML;5503081;10000
LA RUCHE BRUM CORPS&CHEV BOUQUET FRUITE F/200ML;16022026;10000
LA RUCHE BRUM CORPS&CHEVEUX FLEUR TROP F/200ML;5501896;10000
LA RUCHE BRUM CORPS&CHEVEUX SUCREE FLORALE F/200ML;5502657;10000
LA RUCHE CR BONN MINE MIEL DE FORET 100ML;5500554;15000
LA RUCHE CR BONNE MINE F/50ML;5502572;10000
LA RUCHE CR PIEDS F/100ML;5502343;10400
LA RUCHE CR SS RINCAGE F/200ML;5502053;7800
LA RUCHE EAU MICELLAIRE NECT F/250ML;5501742;10400
LA RUCHE GELEE AP APRES  SOLEIL F/200ML;5502954;15000
LA RUCHE HLE CHEVEUX ANT-CHUTE NOUR F/50ML;5502060;9000
LA RUCHE HYDRABOOST CR EN GEL F/50ML;5502527;11500
LA RUCHE LT CORPS DOUCEUR ORIENT 200ML;5503050;11500
LA RUCHE LT CORPS FLEURS TROPICALES F/200ML;5501858;11500
LA RUCHE LT CORPS SUCRE FLORAL F/200ML;5501834;11500
LA RUCHE MASQ NOURR F/200G;5502046;13000
LA RUCHE MOUSS NETT F/150ML;5501995;5000
LA RUCHE PARF DE VOITURE DX SUCRE F/100ML;5502350;5000
LA RUCHE PARF DE VOITURE FLORAL F/100ML;5502190;5000
LA RUCHE PARF DE VOITURE ORIENTAL F/100ML;5502206;5000
LA RUCHE PARF DE VOITURE VANILE FRUITE F/100ML;5502220;5000
LA RUCHE SAV HAMMAM F/150G;5501988;10400
LA RUCHE SENTEUR DX SUCRE F/8ML;160220263;3900
LA RUCHE SENTEUR FLORAL F/8ML;160220262;3900
LA RUCHE SENTEUR GOURMAND F/8ML;23022026;3900
LA RUCHE SENTEUR ORIENTAL F/8ML;160220261;3900
LA RUCHE SERUM PROPOLIS;160220265;10000
LA RUCHE SH NOURR CHEVEUX MIXTES GRAS;5502008;10000
LA RUCHE SHAMP NOURR&FORTIF F250ML;5502015;10000
LA RUCHE SPR ANTI-MOUSTIQUE F/100ML;5502947;7780
LA SAVON.NYONS COTE D'AZUR SAV/4;3180681;12000
LA SAVON.NYONS GEL DCH LAIT ANESSE;3180422;9000
LA SAVON.NYONS LE BAIN SAV/4;3180646;12000
LA SAVON.NYONS PIQ-NIQ SAV/4;31808610;12000
LA SULTANE DE S.COF VOYAGE JAPONAIS;5831013;32000
LA SULTANE DE S.COF.VOY.RTE DELICES;4860219;32000
LA SULTANE DE S.VOY.RTE MALAYSIE;4860076;22000
LABIACALM GEL BTON/FIEVRE T/4,5G;7172477;4355
LAC CANINUM 30CH DOSE;8576998;945
LACABINE 25% NIACINAMIDE PRO AD SER F/30ML;4415082;23000
LACABINE 25% VIT C ADVANCED SER F/30ML;4412982;23000
LACABINE 5XPURE HYALU AMP 2ML;4402990;2000
LACABINE 5XPURE HYALURONIC CR F/50ML;4407681;17950
LACABINE 5XPURE HYALURONIC SERUM F/30ML;4410087;20300
LACABINE 5XPURE HYALURONIC YX CONT CR F/15ML;4413071;17950
LACABINE CITRUS LOVE FACIAL CL F/250ML;776799;9950
LACABINE COLLAGEN BOOST AMP 2ML;4404420;2000
LACABINE COLLAGEN BOOST CR F/50ML;4407704;17950
LACABINE COLLAGEN BOOST EYE CONT CR F/15ML;4414894;17950
LACABINE COLLAGEN BOOST SERUM F/30ML;4410100;20300
LACABINE HUIL CONTROL CR F/50ML;4411237;17950
LACABINE HUIL CONTROL SERUM F/30ML;4414917;20300
LACABINE HUILE CONTROL CLEAN GELF/250ML;4414085;9950
LACABINE HYALU EAU MIC F/400ML;4406196;9950
LACABINE MONO 10%COLLAGENE SER CR F/30ML;1267942;17950
LACABINE MONO 15% NIAC DER CR F/30ML;1267966;17950
LACABINE MONO 20% HYALU ACID SER CR F/30ML;1267973;17950
LACABINE MONO 20% SUP VIT C DER CR F/30ML;1267980;17950
LACABINE MONO 4% PEP SER CR F/30ML;1267997;17950
LACABINE MONO 5% CAFEINE SER CR F/30ML;1268000;17950
LACABINE NIAC PRO AMP 2ML;4415235;2000
LACABINE NIACINAMIDE PRO CR F/50ML;4415266;20300
LACABINE NIACINAMIDE PRO SERUM F/30ML;4415242;20300
LACABINE PUR RETINOL AMP 10X2ML;4404444;17800
LACABINE PURE RETINOL AMP 2ML;4403188;2000
LACABINE VIT C AMP 2ML;779943;2000
LACABINE VIT C CR F/50ML;4407674;17950
LACABINE VIT C MOUSSE F150ML;4412968;11400
LACABINE VIT C SERUM F/30ML;4410070;20300
LACCODERME POMMADE T/38G;3061054;1380
LACHIDEC PDR SUSP BUV SACH/12;8084048;3265
LACOMA COLLYRE FL/2,5ML;8073725;10360
LACOMA T COLLYRE FL/2,5ML;8073754;11740
LACOSTE BOOSTER EDTV 125ML;8107039;35000
LACOSTE EAU L12.12 BLANC EDT 50ML;8650737;36060
LACOSTE L'H EDTV100+DEOD SPR150ML;5171835;46000
LACOSTE L12.12 ELLE MAGN EDP 45ML;8650708;35105
LACOSTE TOUCH OF PINK EDT F/90ML;8397149;53800
LACOSTE-LACOSTE  L12.12 BLANC-COFFRET EDT100ML+EDT 50ML;8397178;50480
LACOSTE-LACOSTE PR H EDTV100ML;5171806;40140
LACRIFLUID 0,13% SOL CY B/60UNID;3768902;8810
LACRIGEL GEL OPHTA T/10G;3352113;5445
LACRINORM GEL OPHT T/10G;3366664;3620
LACRYVISC GEL OPHT 30 UNIDOSES;3425289;4760
LACRYVISC GEL OPHT T/15G;3376562;8440
LACTACYD LING INTIME FEMINA B/15;2949754;4950
LACTACYD LIQ HYG INT F/120ML;8005942;6845
LACTAGESTANE GEL B/30;8352276;3000
LACTEOL 340MG PDR BUV SACH/10;3307360;4010
LACTIBIANE REF SACHET B/10 PILEJE;2267642;15510
LACTIBIANE REFER. 2,5G SACH/30;4553210;39880
LACTIBIANE REFER.GEL B/10;6050447;10315
LACTIBIANE REFER.GEL B/30;6050482;30155
LACTIV SOL VAG F/200ML;8018531;4270
LACTO-CLIVON SOL VAG 140ML/2;8373019;16575
LACTOBIFID GEL B/14;8388363;5360
LACTOEX PDRE SUSP B SH/1G B/25;8472336;2755
LACTOFLORENE 400MG GEL B/20;7220377;5730
LACTONATAL+DHA DENK CP/30+CAPS/30;8516140;8760
LACTOSE H2O 1KG;7427865;13600
LACTOSE-OK FORTE INT.B/30STICKS;4106356;22620
LACTULOSE BUV SACH DOSE B/20;3473006;3980
LAGERFELD JAKO EDT VAPO 75ML;9011784;35875
LAILAC LAIT 2EME AGE B/400G;8300977;2505
LAINO  GEL GOMMAGE HYDRA/75ML;8783148;6340
LAINO ARG VTE SURFINE S/NAT 300G;7118986;4715
LAINO ARGIL.V.PATE/350G VIS/CORP;6530331;7240
LAINO CR DCHE MIEL 200ML;4602765;6820
LAINO CR DCHE ROSE 200ML;4602827;6445
LAINO CR MAIN  PRO INTENS 50ML;4602669;2500
LAINO CR NUTRI CONF DCHE KARITE T/200ML;8618225;5985
LAINO DEO FR.ROL-ON 50ML THE V.(FA);9823588;3410
LAINO DEO PECH/PASSION 50ML ROLL ON;8364948;3275
LAINO DEO PIER/ALUN PANAM.ST/75G;9823743;11445
LAINO DEO ROLL-ON 50ML FRAICH AGRUM;9823565;2890
LAINO DOUCHE EXFOLIANT COCO F/200ML;9823602;2890
LAINO EAU D'HAMMAMELIS 250ML;8502876;4620
LAINO EAU FLEUR ORANGER 250ML;8396842;5115
LAINO EAU FLORALE BLEUET 250ML;8397468;3970
LAINO EAU FLORALE ROSE 250ML;8397474;4905
LAINO FLUID HYDR ECLAT LEG 50ML;4602641;11595
LAINO GEL HYDRA MATIFIANT FL/50ML;6460240;7160
LAINO GEL SOIN EXF ARGAN P/150G;8670131;14265
LAINO HUIL AMAND DCE 100ML;8514359;11290
LAINO HUILE ARGAN 100ML;4602516;20660
LAINO HUILE ARGAN F/100ML;4602516;20660
LAINO HUILE SECH FERMET ARGANT F/100ML;8670102;14090
LAINO LAIT  NUTRI SOIN INT OLIV/400M;6028205;11815
LAINO LAIT DEMQ DCHE T/150ML;8670154;6360
LAINO LAIT HYDR CONF PS KARIT 500ML;8500179;6330
LAINO LAIT NUTRIT CON F.KARIT.400ML;6028210;14020
LAINO LAIT NUTRIT DCEUR MIEL 400ML;6028214;11270
LAINO LAIT NUTRIT DOUC ROSE 400ML;3,51865E+12;13675
LAINO LAIT NUTRTI BIEN ETRE ROSE F/400ML;8749795;13740
LAINO LAIT NUTRTI FERM ARGAN 400ML ;6028209;11185
LAINO LALIT HYDR AMANDE DCE F/400ML;8750226;12575
LAINO LOT MICEL ECLAT 500ML;2476582;10170
LAINO MASQ SOIN APAISANT 16GR;4602820;2245
LAINO MASQ SOIN ECLAT SH/16G;8656332;2105
LAINO MASQ SOIN FERMETE 16GR;4602819;2385
LAINO MASQ SOIN PURIFIANT 16GR;4602821;2385
LAINO MASQUE APAISANT STICK/65G;8783177;10340
LAINO MASQUE DETOX STICK/65G;8783154;10335
LAINO MASQUE ECLAT HYD T/75ML;8749832;6760
LAINO MASQUE ENERGISANT STICK /65G;8783160;10340
LAINO PRO CR MAIN CIRE FL/50ML;6460292;2315
LAINO REPACK CR CONTOUR DES YX T/15ML;8783125;8405
LAINO REPACK CR NOURR ANTI OXYD F/40ML;8783102;8760
LAINO REPACK GEL NETT DEMAQ F/200ML;8783131;8875
LAINO REPACK GELEE HYD ANTI OXYD F/40ML;8783094;7060
LAINO REPACK SERUM HYDR ANTI OXYD F/30ML;8783119;11505
LAINO SAV ALEP PAIN 150GR;9824079;5030
LAINO SAV LIQ ALEP F/500ML;4501905;11795
LAINO SAV MARSEIL NATUR 150GR;6254500;2920
LAINO SAV PARF 75GR AGRUMES ;4602795;1980
LAINO SAV PARF 75GR FRUIT ROUGE;4602777;1980
LAINO SAV PARF 75GR PECHE ;4602776;2035
LAINO SAV PARF 75GR PULP FIGUE;4602796;2035
LAINO SAV PARF 75GR THE VERT;4602775;1980
LAINO SAV SOLID PECHE BIO 75GR;6027765;2170
LAINO SAV SOUFRE 150GR;7024794;3550
LAINO SAV SOUFRE P/150G PACK 3+1;8733067;10545
LAINO SOIN EXFOL ARGAN 150GR;1602872;4390
LAINO SOIN LEV 4G FIGUE;6028311;2310
LAINO SOIN N INT OLIV 200ML;1478751;4870
LAINO STICK LEVR CIRE ABEILLE 4G;9818044;2500
LAINO STICK LEVRE CASSIS T/4G;9818009;2995
LAINO STICK LEVRE CERISE T/4G;6129473;2425
LAINO STICK LEVRE FIGUE 4GR;4602831;2325
LAINO STICK LEVRE FRAISE T/4G;8637843;2480
LAINO STICK LEVRE FRAMB T/4G;8637866;2490
LAINO STICK LEVRE GRENAD T/4G;8637872;2470
LAINO STICK LEVRE POMME T/4G;9524549;2405
LAINO STICK LEVRE VANIL T/4G;8637895;2405
LAIT PLUS SOL MSS ANTISEPT 250ML;8669926;2500
LALANOPROST 0,005% CY F/2ML;2172231;6140
LALIQUE-L'INSOUMIS MA FORCE -EDT VAPO 100ML+GEL DCHE 150ML;2227362;51515
LAMALINE 500MG SUPPO B/10;3517301;3070
LAMALINE GELULES B/16;3515495;1830
LAME BISTOURI UU N10 B/100 UNIT;90130410;195
LAME BISTOURI UU N11 B/100 UNIT;8271017;130
LAME BISTOURI UU N12 B/100 UNIT;9012795;130
LAME BISTOURI UU N15 B/100 UNIT;9008821;275
LAME BISTOURI UU N20 B/100 UNIT;20771210;130
LAME BISTOURI UU N22 B/100 UNIT;9026113;130
LAME BISTOURI UU N23 B/100 UNIT;8271098;130
LAME BISTOURI UU N24 B/100 UNIT;9013139;275
LAME BLUE DIAMOND PLAT P/5 (UNITE);9002756;220
LAME DE DELBET STERIL 400X25MM;8635784;6500
LAME DE DELDET NON STERIL 30X15;8213669;3900
LAMELLES COUVRE OBJET 20X20 B/100;9011198;2445
LAMELLES COUVRE OBJET 22X22;9015687;2910
LAMICTAL 100MG CPR B/30;3389866;19120
LAMICTAL 200MG CPR B/30;3414736;18500
LAMICTAL 25MG CPR B/30;3389843;9000
LAMICTAL 2MG CPR DISP B/30;3545817;5775
LAMICTAL 50MG CPR DISP B/30;3414713;17325
LAMICTAL 5MG CPR B/30;3018635;5850
LAMIFEN 1% CR T/15G;8439244;2725
LAMIFEN 250MG CPR B/14;8439238;9645
LAMINAIRE N18 XL 6MM B/25 UNITE CPF;9015730;6350
LAMINAIRE N24 JUMBO 8MM B/25 UNIT C;1465936;8080
LAMISIL 1% CREME T/15G;3349594;5790
LAMISIL 1% SPR F/15ML (FA);3456812;5240
LAMISIL 250MG CP B/28;3349571;62265
LAMISIL 250MG CPR B/14;3349565;14630
LAMISILATE 1% SOL MONODOS T/4G;3770684;13680
LAMOTRIGINE 100MG CPR B/30 ARROW;2196728;11130
LAMOTRIGINE 25MG CPR B/30 ARROW;2196591;6635
LAMOTRIGINE 25MG CPR B/30BGR;3762621;8420
LAMOTRIGINE 50MG CPR B/30 ARROW LAB;2196668;8480
LAMOTRIGINE 50MG CPR B/30 MYL/VIATRIS;3808398;11920
LAMOTRIGINE 50MG CPR DISP B/30 BGR;3762727;11290
LAMOTRIGINE VIATRIS 25MG CPR DISP B/30;8080339;6670
LAMOTRIGINE VIATRIS 50MG B/30;3808398;11630
LAMPE A INFRAROUGE BEURER IL 50;2561903;77680
LAMPE TORCHE+OTOSCOPE;7152635;84500
LANAFORM RECHARGE 8ML;9004169;20800
LANCETTE DE SECURITE STAND.B/100;8607859;12650
LANCETTE PRECIX B/100;8661356;2725
LANCOME HYPNOSE EDPV F/75ML;8308795;40300
LANCOME LA NUIT TRESOR EDPV 75ML;9008380;65000
LANCOME LA VIE ES BEL EDPV50ML+LT50ML+GEL50ML;7026586;77810
LANCOME LA VIE ES BELLE EDPV 75ML;32612810;58000
LANCOME LA VIE ES BELLE EDTV 100ML;3142404;70000
LANCOME MAGIE NOIRE EDTV 75ML;8308950;66000
LANCOME MIRACLE EDPV 50+LAIT 50ML;5803761;60000
LANCOME MIRACLE EDPV 50ML;8308737;41765
LANCOME MIRACLE EDPV F/100ML;8308743;59915
LANCOME O DE LANCOME EDTV 200ML;5332356;76000
LANCOME O LANCOME -125ML+GD 50ML+GENIFIQUE 10ML;8308789;80900
LANCOME OMBRE TRIO BRUN/FOLIE 04;9002845;3000
LANCOME TRESOR EDP 50ML+LAIT 50ML+VAP 10ML;8605642;87505
LANCOME TRESOR EDPV30+LAIT 75;7237113;56810
LANCOME TROPHEE EDT ATO 100ML;9021570;39585
LANOLEINE GRAISSE DE LAINE 1KG;7427894;54380
LANSOPRAL 15MG GEL B/15;8024187;4475
LANSOPRAL 30MG GEL B/14;8024193;5115
LANSOPRAZOLE 15MG GEL B/15 BGR;3441041;3695
LANSOPRAZOLE 15MG GEL B/30 MYLAN;3814016;7970
LANSOPRAZOLE CPR 30MG BGR B/28;2787139;7700
LANSOYL GEL FRAMB UNID B/9;3544462;12970
LANSOYL GELEE OR.AV/SUCR P/225GR;3057035;10030
LANSOYL GELEE OR.SS/SUCR P/215GR;3323407;9240
LANVIN  HOMME EDTV100ML;8391307;25265
LANVIN A GIRL IN CAPRI EDT VAPO 50ML+LT 100ML;8281010;28610
LANVIN ARPEGE EDPV 100ML;8333209;42175
LANVIN ECLAT D'ARPEGE EDPV 100ML;8287840;41145
LANVIN ECLAT D'ARPEGE EDPV 30ML;8268216;25295
LANVIN ECLAT D'ARPEGE EDPV 50ML+LAIT 100ML;8273654;40180
LANVIN ECLAT D'ARPEGE H EDTV50ML;8391313;33680
LANVIN JEANNE COUTUR EDPV 50ML;8333190;29675
LANVIN JEANNE EDPV 100ML;8252244;37025
LANVIN JEANNE EDPV 50ML+LAIT 100ML;8291534;38000
LANVIN L'HOM EDTV 100ML;8262076;29670
LANVIN L'HOM SPORT EDTV/100ML;8298795;30890
LANVIN MARRY ME EDP VAPO 50ML;8241950;32980
LANVIN RUMEUR 2 ROSE EDPV 100ML;8229736;26790
LANVIN RUMEUR 2 ROSE EDPV 50ML;8229765;28780
LANVIN RUMEUR EDPV100ML;8287917;29880
LANZOCAP 30MG GEL B/30;8089933;8400
LANZOP 10MG CPR PELL B/30;8418791;16560
LANZOP 5MG CPR B/30;1285801;12400
LANZOR 15MG GELULE B/30;3454902;10750
LARFIX 8MG CPR PELL B/10;8486551;2755
LARGACTIL 100MG COMP FL/30;3057124;6630
LARGACTIL 25MG COMP B/50;3057118;4140
LARGACTIL 25MG/5ML INJ AMP/5;3272242;11000
LARGACTIL 4% GTTES BUV F/30ML;3057147;6390
LARIAM 250MG COMP B/8;9999071;43080
LARIDOX 525MG COMP B/3;2297978;610
LARITEM 20/120MG CPR B/6;8061633;735
LARITEM 40/240MG CPR B/12;8022946;2660
LARITEM 40/240MG CPR B/6;8012497;2040
LARITEM 60/360MG CPR B/6;8008509;1960
LARITEM 80/480MG CPR B/6;8022923;2025
LARITEM DT 20/120MG CP DISP B/6;8079857;735
LARITH XL LP 500MG CPR B/10;8422924;4725
LARITHER 40MG INJ AMP 1ML B/6;8049649;5195
LARITHER 80MG INJ 1ML B/6;8049661;5775
LARMES ARTIF.MART.CY F/10ML;3369651;1280
LAROCHE DRAKKAR NOIR EDTV100ML;9010862;36000
LAROSCORBINE 1G CPR EFF B/10;3057271;1805
LAROSCORBINE 500MG SS CROQ B/30;3584846;3210
LAROSCORBINE IV 1G/5ML INJ B/6;3421357;3370
LAROXYL 25MG COMP B/60;3057302;5920
LAROXYL 40MG/ML BUV GTT F/20ML;3057325;3995
LAROXYL 50MG CPR B/20;3057319;2925
LAROXYL 50MG/2ML AMP 2ML B/12;3057294;13360
LASHILE ACID HYLARO GUM B/60;1657481;15310
LASHILE VITAMINE E GUM B/60;1657471;15310
LASHILE ZINC GUM B/60;1657491;15310
LASILIX 10MG SOL BUV F/60ML;3300091;11225
LASILIX 20MG INJ AMP 2ML B/1;3057331;1130
LASILIX 40MG COMP B/30;3528138;2770
LASILIX FAIBLE 20MG CP B/30;3215356;2230
LASILIX RET.60MG GEL B/30;3249237;4260
LASILIX SPECIAL 500MG CPR B/30;3384538;24920
LASOFLOX O 200MG/500MG CPR  B/1;8492758;5095
LASOMIN SP F/200ML;8479166;5185
LASTAVIN AM 160MG/5MG CPR B/30;8498258;11435
LATANO CY 0,005% F/2,5ML;8011701;10525
LATANO TIMOLOL CY 2,5ML BIOG;2759309;12370
LATANO/TIMO BGR 50MCG/5MG/ML COLL F/2,5ML/3;2759315;26765
LATANOCOM CY F/2,5ML(LATANOP+M.TIMO;8011693;12635
LATANOPROST CY 2,5ML ARROW;3933318;4250
LATANOPROST PH 0,005% CY F2.5 ML VIATRIS/MYL;2153025;7685
LATAX 0.005% CY F/2,5ML;8740469;6300
LATAX T 0,005% CY F/2,5ML;8740452;10500
LATOCHEK 0,005% CY F/2,5ML;8423332;9480
LAUDER PLEASURES EDPV 100ML;3738870;55000
LAXAM 0,005% COLLYRE F/5ML;8463053;12245
LAXAMOL 50MCG/5MG CY F/5ML;8463076;13640
LAXATOSE SOL BUV F/250ML;8062101;3100
LAXIMAG 13,72G PDRE SOL BUV SAC B/10;8418673;4545
LAXMAG SACH 13,72G B/10;8582125;4545
LAXODEP SP F/150ML;8399421;5100
LAZINE 5MG B/10;8430556;5415
LCA AIR PUR MENT.CITRON SPR 200ML;1883365;16605
LCA BAUME DECONTRACTANT P/50ML;8673603;10200
LCA BAUME PECTORAL AD P/50ML;8660948;7430
LCA BAUME PECTORAL BB HYD BIO 50ML;8660960;7730
LCA BAUME PECTORAL KID HE T/50ML;8660931;7565
LCA CD ESCALE EN PROVENCE 30ML;4883483;11320
LCA CD JARDIN D'AGRUMES 30ML;4883474;11320
LCA CD SOIR D'ETE 30ML;4883485;11320
LCA CD SOUFFLE D'HIVER 30ML;4883486;11320
LCA CD ZESTE DE FRAICHEUR 30ML;4883484;11320
LCA CPR NEUTRES B/30;8692032;7470
LCA DIFF.HUMIDIF.VEILL.BB 3/1;4883331;56600
LCA DIFF.NEBULISAT.OSAKA HE;4883475;84900
LCA DIFFUS COMPO DELICE EPICE SPR F/30ML;8731341;10540
LCA DIFFUS COMPO JARD AGRUM SPR F/30ML;8731298;10560
LCA DIFFUSEUR AURORE;4883423;75470
LCA DIFFUSEUR FJORD ELECT.BOIS;9797885;84900
LCA DIFFUSEUR PRISE;6034212;37735
LCA DIFFUSEUR PRISE OYA;6224035;37735
LCA DIFFUSEUR VEILLEUSE LOULOU;6224034;66035
LCA FORCE CAPS B/30;8692061;6645
LCA GEL ARNICA T/30ML;8660954;6900
LCA GEL FRAICH JBES LEG T/100ML;8660776;5545
LCA GEL FROID ARTICULATIONS T/100ML;8673632;5875
LCA GEL MASSAGE EFF.FROID 100ML;6028893;5660
LCA HE ARBRE A THE BIO F/10ML AROMA;8660517;6475
LCA HE BASILIC TROPICAL BIO F/10ML AROMA;8660523;6130
LCA HE CANELLE BIO 5ML;8660836;10235
LCA HE CITRON BIO 10ML;8660546;5720
LCA HE CITRONNELLE BIO 10ML;8660552;5520
LCA HE CYPRES BIO 10ML;8660569;5905
LCA HE ENCENS BIO F/5ML AROMA;8661014;13635
LCA HE EUCALYPTUS CITRON.BIO 10ML;8660718;6150
LCA HE EUCALYPTUS GLOBU BIO F/10ML;8660925;5905
LCA HE EUCALYPTUS RADIE BIO F/10ML AROMA;8660902;7040
LCA HE GAULTHERIE BIO 10ML;8660575;10640
LCA HE GENIEVRE BIO 5ML;8660842;10230
LCA HE GERANIUM BIO F/5ML AROMA;8660859;11275
LCA HE GINGEMBRE BIO F/5ML AROMA;8660983;14585
LCA HE GIROFLE BIO 10ML;8660581;5825
LCA HE GIROFLE BIO F/5ML;8597546;6400
LCA HE LAURIER BIO 5ML;8660865;10235
LCA HE LAVAND OFFICINAL BIO 10ML;8660598;10940
LCA HE LAVANDE ASPIC BIO F/10ML AROMA;8660724;7660
LCA HE LAVANDIN SUPER BIO F/10ML;8660606;6125
LCA HE LEMONGRASS BIO 10ML;8660612;6885
LCA HE MANDARINE BIO 10ML;8660629;7040
LCA HE MARJOLAINE A COQUILLES F/5ML AROMA;8660977;7705
LCA HE MENTHE POIVREE BIO 10ML;8660635;6510
LCA HE NIAOULI BIO 10ML;8660641;5905
LCA HE ORANGE DOUCE BIO F/10ML AROMA;8660658;6280
LCA HE PALMAROSA BIO 10ML;8660664;11000
LCA HE PAMPLEMOUSSE BIO 10ML;8660730;13635
LCA HE PETIT GRAIN BIGARADIER BIO F/10ML;8660670;10160
LCA HE PIN DES MONT BIO F/5ML;8660871;8185
LCA HE RAVINTSARA BIO 10ML;8660687;7040
LCA HE ROMARIN A CINEOLE BIO F/10ML;8660693;7270
LCA HE ROMARIN A VERBENONE BIO F/5ML AROMA;8661008;10965
LCA HE SAUGE SCLAREE BIO F/5ML ;8660888;13525
LCA HE THYM A LINALOL B F/5ML;8660894;10900
LCA HE VERVEINE EXOTIQUE BIO F/10ML AROMA;8660747;5765
LCA HE YLANG YLANG BIO F/10ML AROMA;8660701;8275
LCA HUILE MASSAGE DEC.SPR 100ML;8661020;12150
LCA HUILE VEG CALOPHY.INOPH 50ML;8661089;11270
LCA HUILE VEGET AMANDE DCE F/50ML;8661066;11275
LCA HUILE VEGET ARGAN F/50ML;8661072;11275
LCA HUILE VEGET JOJOBA F/50ML;8661103;11270
LCA HUILE VEGET MACERAT ARNICA F/50ML;8661155;11420
LCA HUILE VEGET NOYAU ABRI. F/50ML;8661161;11275
LCA HUILE VEGET RICIN F/50ML;8661126;11275
LCA HUILE VEGET.MACE MILLI F/50ML;8661095;11240
LCA LAIT CORPS CITRO.2EN1 F/100ML;8660919;1500
LCA MASSAGE DEC.ROLL ON 50ML;1883361;9620
LCA NETTOY.VERRERIE DIFFUS.30ML;1883351;8115
LCA PASTILLES GORGE CITRON MIEL B/24;8673589;6335
LCA ROLL ON FRAICHEUR BIO 5ML;8661037;9230
LCA SAV MARSEIL SURGRAS 500ML;8840107;7750
LCA SIROP GORGE F/150ML;8692049;6475
LCA SPRAY AIR PUR ORANG CANNEL SOL/200ML;8660807;17230
LCA SPRAY AMBIANT RELAXANT SOL F/100ML;8660782;12355
LCA SPRAY AMBIANT REPULS MOUST 50ML;8660813;5685
LCA SPRAY AMBIANT RESPI SOL F/30ML;8660799;6900
LCA SPRAY GORGE COLLUT F/15ML;8673595;6305
LCA SPRAY NASAL DECOG F/20ML;8660753;6660
LCB SAV ALEP PAIN 190GR;3273918;8610
LCB SAV LIQUID ALEP 500ML;8842095;11850
LCB SAV MARSEIL ALOE VERA 500ML;8161079;7745
LCB SAV MARSEIL ALOE VERA F/1L;8161085;8975
LCB SAV MARSEIL CITR MENT 200G;8841951;6120
LCB SAV MARSEIL CITR MENTH 500ML;5123954;5755
LCB SAV MARSEIL CITRON MENT F/1L;5123925;9900
LCB SAV MARSEIL FLEUR ORANG 1L;2019498;12045
LCB SAV MARSEIL FLEUR ORANG 500ML;2019541;7745
LCB SAV MARSEIL HUIL OLIV 200G;3273818;6120
LCB SAV MARSEIL MANDAR SAU 500ML;5123948;6540
LCB SAV MARSEIL MANDARIN SAU 1L;5123931;10500
LCB SAV MARSEIL SURGRAS 1L;5123902;12660
LCB SAV MARSEIL SURGRAS 200G;8841968;6120
LCB SAV MARSEIL SURGRAS 500ML;8401075;7750
LCB SAV MARSEIL VANIL MIEL 1L;8161139;12660
LCB SAV MARSEIL VANIL MIEL 500ML;8161122;6540
LE BOSSU DE N.DAME ESMERAL.50ML;3025609;10115
LE COUVENT D.MINIM.DUO EAU D MINI.S;1100123;11000
LE COUVENT D.MINIM.KIT BON VOYAGE;71502710;9000
LE COUVENT D.MINIM.LES MERV.JARDIN;1100502;11000
LE COUVENT D.MINIM.RITUEL BEAUTE BQ;1001065;12000
LE COUVENT D.MINIM.TR.FRAICH EAU.MI;1100608;7000
LE DIABLE CORICIDE LIQ FL/4ML;3030378;3090
LE PTIT  MARS CR MAIN T/75ML;8223490;2915
LE PTIT MARS CR LAIT VANIL 250ML;8102160;2495
LE PTIT MARS DCH ABR/AMAND.250ML;8102183;2565
LE PTIT MARS DCH LAIT 250ML;2275793;2690
LE PTIT MARS GEL DCH VERV.250ML;8102177;2660
LE PTIT MARS LAIT HYD PTS 250ML;8250280;4835
LE PTIT MARS SAV AMAND 100G/2;8513242;2645
LE PTIT MARS SAV BRUT.300G(FAB.ANC);8206758;3915
LE PTIT MARS SAV CHEVREFEUILLE PAIN/100G/4;8790390;5475
LE PTIT MARS SAV CIT/VERV.200G;8046243;1920
LE PTIT MARS SAV KARITE 2X100G;8513259;2860
LE PTIT MARS SAV LAIT 200G;8046042;2870
LE PTIT MARS SAV LAVAND.200G;8046349;1600
LE PTIT MARS SH KARIT/MIEL.250ML;8102208;2685
LE SAINT BAUME POT;4031546;3375
LE-CET CPR PEL 5MG BT10;8005161;2345
LECITONE JEUNE SUP/VITAMIN B/60GEL;7110588;21160
LECTIL 16MG CPR B/45 (BETAHISTINE);3520823;5790
LEDERFOLINE 15MG CPR B/30;3325702;24145
LEDERFOLINE 25MG CPR B/30;3479718;24335
LEDERFOLINE 50MG INJ B/1 (NSFPL);3136674;11350
LEDERFOLINE 5MG CPR B/30;3475494;12730
LEDUM PALUSTRE 5CH GR;9028767;3755
LEELOO GE 100/20MCG CPR B/21;3847926;1780
LEELOO GE 100/20MCG CPR B/28X3;1536;6080
LEELOO GE 100/20MCG CPR B/3X21;3847932;5375
LEFLUNOMIDE 10MG CPR B/30 ARROW;254226;26760
LEFOX 0,5% CY F/5ML;8463107;2275
LEGALON 70MG COMP B/40;3164110;6450
LEGILET T2 NOIR;6123718;9830
LEHNING L52 GTT 30ML;3018037;11915
LEHNING L72 SOL BUV GTTE F/30ML;3012400;10665
LEMONEX 10/5MG CPR B/10;8452664;2755
LEMONEX 4/2,5MG/5ML SP 30ML;8452658;1380
LENICALM COMP B/40;3318369;5675
LENTINOL LOT FL/200ML;3061114;3030
LEPONEX 100MG CP B/28;2737207;19390
LEPTICUR 10MG CPR B/30;3140500;5815
LEPTICUR AMP INJ 10MG 2ML B/1;3175616;4220
LEPTIN ANANAS BALANCE SACH/18;8356825;11190
LEPTIN EXPRESS SLIM.COFFEE S/18;8356794;10890
LEPTIN GREEN BAG SLIM.TEA SACH/15;8356854;11000
LEPTIN GREEN COFFEE 1000 GEL B/60;8356788;11000
LEPTIN MAXIMEN COFFEE S/10;8363854;10570
LEPTIN RELACORE GEL B/30;8363860;13500
LEPTIN SLIM 3D CR POT 300GR;8356877;10000
LEPTIN SLIM UP FUEL COFFEE S/18;8356765;11000
LERCAN 10MG CPR B/30;3712416;7920
LERCAN 20MG CP PEL SEC B/30;3712439;8090
LERCAN 20MG CPR PEL B/90;3712445;15410
LERCANID 20MG CPR B/30 BGR;3917070;5980
LERCANIDIPINE 10MG CPR B/30 ARROW;9024479;3905
LERCANIDIPINE 10MG CPR B/30 BGR;3915800;6060
LERCANIDIPINE 10MG CPR B/30 MYLAN;3294516;6490
LERCANIDIPINE 10MG CPR B/30 SAND;3147583;6000
LERCANIDIPINE 20MG CPR B/30 MYLAN/VIATRIS;3319357;8465
LERCANIDIPINE 20MG CPR PELL B/90 BGR;3924118;24445
LERCAPRESS 20MG/10MG CPR PEL B/30;8596397;7070
LERCAPRESS 20MG/20MG CPR B/30;3000557;6370
LERIN 0,125MG CPR B/30;8098636;3530
LERIN 0,2MG/ML SOL INJ AMP 1ML B/5;8098665;2360
LERO LACTEASE CPR B/60;6074620;34985
LERZIN 5MG CPR PELL B/10;8440425;3005
LES PETITS BAINS GEL DCH COTON F/1L;8800332;5660
LES PETITS BAINS GEL DCHE AGRUMES F/1L;8800183;5230
LES PETITS BAINS GEL DCHE NEUTRE F/1L;8800208;5230
LES PETITS BAINS HLE DCHE AMANDE DCE F/1L;8800361;9425
LES PETITS BAINS HLE DCHE ARGAN F/1L;8800355;8800
LES PETITS BAINS LAIT CRP HYDR F/300ML;8800214;5765
LES PETITS DAINS GEL DCH AMANDE F/1L;8800177;6370
LES SENTEURS EDT CLEMENTINE V.100ML;9014417;15385
LESSTROL 10MG CPR B/30;8092183;5280
LESSTROL 20MG CPR B/30;8091404;5705
LETROVIN 2,5 CPR B/30;8480293;12880
LETROZOL 2,5MG CPR B/30  ARROW;3462592;45770
LETROZOLE 2,5MG CPR B/30 NOVAR. ACCESS;8489130;3170
LETROZOLE BIOGARAN 2,5MG CPR B/30;4918812;34440
LETROZOLE DENK 2,5MG CPR P B/30;8096347;24135
LEUCODININE B 10% PDE T/30G;3061344;6630
LEUKOPLAST 5MX1,25CM (FIBRANE TISSE;2257826;880
LEUKOPLAST 5MX10CM PERF.(FIBRANE TI;8283227;4525
LEUKOPLAST 5MX18CM PERF.(FIBRANE);8283262;7325
LEUKOPLAST S 5MX1.25CM (ACETAT);8283322;885
LEUKOPLAST S 5MX10CM PERF.(ACETATE);2257648;4990
LEUKOPLAST S 5MX18CM PERF.(ACETATE);2254302;7410
LEUKOPLAST S 5MX2CM PERF (ACETATE);4382429;1000
LEUKOPLAST S 5MX5CM PERF;2258010;2830
LEUTRIEN 10MG CPR B/30;8416929;8265
LEUTRIEN 4MG CPR B/30;8436808;3475
LEUTRIEN 5MG CPR B/30;8416935;4820
LEV-ONE 5MG CPR B/10;8479858;1720
LEVA-20% WS BOITE 1KG;8054691;21600
LEVALAP SACH 100G;9015836;2885
LEVAMISOL 20% KG;9015888;24920
LEVAQUIN 500MG CPR B/5;8065157;6435
LEVASOL 20% SOL 1L;9015842;29790
LEVASOLE 20 1KG;1110191;27605
LEVASOLE 20 SACH 100G;30142;2860
LEVAVET 1000MG;90325410;11360
LEVETIRACETAM  1000MG CPR B/60 ARROW;2680536;21710
LEVETIRACETAM 1000MG CP/60 BGR;4165672;35070
LEVETIRACETAM 100MG/ML B/10 ARRO;2666097;69855
LEVETIRACETAM 100MG/ML F/300ML VIATRIS;6851897;50060
LEVETIRACETAM 100MG/ML S BUV F/150ML+ SERING 3ML;2680312;17725
LEVETIRACETAM 100MG/ML SOL BUV SAND F/300ML;2199392;50955
LEVETIRACETAM 250MG CP/60 BGR;4165695;13485
LEVETIRACETAM 250MG CPR B/60 EG;215296;16390
LEVETIRACETAM 500MG CP/60 BGR;4165637;20250
LEVETIRACETAM 500MG CPR B/60 ACCORD;1017;20290
LEVETIRACETAM 500MG CPR B/60 ARROW LAB;2680430;31900
LEVETIRACETAM 500MG CPR B/60 MYLAN/VIATRIS;9024605;30500
LEVIN 500MG CPR PELL B/10;8448852;5785
LEVITRA 10MG CPR B/4;3618321;33365
LEVITRA 20MG CPR B/4;3618367;41080
LEVO BD 1,5MG CPR B/1;8064554;2340
LEVO TEST DE GROSSESSE;8332606;1440
LEVO-DENK 500MG CPR B/10;8017508;6920
LEVOAS 500MG CPR PELL SEC B/10;8067305;7370
LEVOBACT 500MG CP B/10;8008745;5235
LEVOBACT 500MG CPR B/5;8021378;8430
LEVOBACT 750MG CPR B/10;8021562;7195
LEVOCARNIL SOL.BUV.10ML B/10;3657114;10470
LEVOCINE 500MG CPR SEC B/10(LEVOFL.;8024247;13200
LEVOCINE 500MG CPR SEC B/5;8024230;7935
LEVOFLOX 500MG CPR B/5 WA;8079745;5885
LEVOFLOX DENK 5MG SOL PERF F/100ML;8425696;11020
LEVOFOXAT 500MG CPR B/5;8489420;3445
LEVOFREE 0,05% CY F/5ML;145951;8785
LEVOFREE 0,05% CY UNID B/30;3913132;6220
LEVOGEN 1,5MG CPR B/1;8439391;1655
LEVOMAC 500MG CPR B/5;8011486;4370
LEVOMED 1,5MG CPR B/1 (LEVONORGESTR;8440744;1000
LEVOPHTA 0,05% COLLYRE FL/5ML;3473986;5195
LEVOPIRID GH 25MG SOL INJ AMP/2ML B/6;8472046;6060
LEVOPIRIDE GH 25MG CPR B/20;8472023;5510
LEVOPREG 1,5MG CPR B/1;8033832;2135
LEVORAY 500MG CPR B/5;8097803;3475
LEVORNI 250/50MG CPR B/10;8486456;3850
LEVOSON 2,5MG/5ML SP F/30ML;8445322;2065
LEVOTHYROX 100MCG CP B/28;3500737;2055
LEVOTHYROX 100MCG CP B/30;3478340;3855
LEVOTHYROX 100UG CPR SEC B/90 MERK;1949;8940
LEVOTHYROX 125MCG CP B/30;3490861;5310
LEVOTHYROX 150 MCG B/90;1798;12490
LEVOTHYROX 150MCG CP B/30;3319216;3445
LEVOTHYROX 175MCG CP B/30;3490909;6370
LEVOTHYROX 200MCG CP B/30;3490944;4370
LEVOTHYROX 25MCG CP B/30;3006555;1375
LEVOTHYROX 25MCG CP B/90;3462787;4300
LEVOTHYROX 50MCG CP B/30;3478357;1380
LEVOTHYROX 75MCG CP B/30;3006578;1880
LEVOTHYROXINE GH 100MCG CPR B/30;8747365;1600
LEVOTHYROXINE GH 50MCG CPR B/30;8747342;1170
LEVOTHYROXINE GH 75MVG CPR B/30;8747359;1265
LEVOTOP 500MG CPR B/10(LEVOFLOXAC.);8069936;8710
LEVOTOP 750MG CPR B/10;8480198;10330
LEVOTRIZ 5MG CPR B/10;8050859;2785
LEVOX 5MG CPR ORODISP B/14;8454404;5095
LEVOXINE 500MG CPR B/10;1304541;6200
LEVOZ 5MG CPR B/10 (LEVOCETIRIZINE);8422344;2235
LEVURE DE BIERE GEL B/150 SUPERDIET;7530942;14010
LEXOFEN+ 500/400MG CPR B/20;8092533;1765
LEXOFEN+ JR 100/125MG BUV F/100ML;8092579;1685
LEXOMIL 6MG CPR B/30;3174284;3595
LEXSPORIN POMMADE T/20G;8450240;3305
LHOXYVET SPRAY F/200ML;6350009;2940
LIBERTEX 1.5MG CPR B/1;3660174;965
LIBIDEX 400MG GEL B/20 ;9052010;39885
LIBIDO WOMEN GEL B/45;8236067;9500
LIBIMEN GEL B/70(SANTE SEXUELLE);9653111;30550
LIBRAX 5/2,5MG CPR B/30;3553952;6940
LIC CIFLOX 500MG CPR B/10;2276054;2530
LIC DAZOL 400MG CPR B/2;8040938;1495
LIC DAZOLE 400MG SP F/10ML;8010647;820
LIC MEZOLE 100MG/5ML SP 30ML;8450398;1760
LIC NORFLOX 400MG CPR ENR B/10;2278739;2330
LIC PARAC 500MG CPR B/16;2276060;385
LIC PIROC 20MG CPR B/10;2278745;2265
LICMETHER 80MG SOL INJ AMP/1ML B/6;8483819;2970
LICOMAX 1% CR DERMIQ T/15G;8486249;3995
LIDENE 15MG CPR PEL SEC B/10;9999844;2605
LIDOCAINE 2% SOL INJ 20ML AMP B/1;5591081;1155
LIDOCAINE AGT 20MG/ML 10ML/10;2772304;6340
LIDOCAINE PRI PANS 50% B/1;7665516;2790
LIDOCAINE UBI 2% SOL INJ F/20ML;8429168;1170
LIDOCAINE/PRILOC.5% PANS.B/1 BGR;2761097;1765
LIERAC ARKESKIN+VIS CR P/50ML;9002153;17750
LIERAC BODY RENOVATEUR F PPE/150ML;8235369;32505
LIERAC BUST LIF SPR TENSEUR 100ML;8201643;21025
LIERAC CORECT A-TACH COFF+ESS+SERUM;4639791;37460
LIERAC DIOPTI GEL DEMA PR/YX 50ML;9016126;9280
LIERAC DIOPTIGEL ANTI-POCHE T/10ML;8222591;15730
LIERAC LIERACTIV CAPSULES;6532376;35950
LIERAC MASQUE ECLAT FLD TENSEUR T/50ML;8535025;12850
LIERAC PHYTO GEL PREV VERGET 200ML;8534913;12755
LIERAC PHYTOL.VERGET.AMP 5ML B/20;82225410;42500
LIERAC PHYTOLASTIL GEL T/100ML;8222533;18290
LIERAC PHYTOLASTIL LIQ VERGET.75ML;8222711;15125
LIERAC PHYTOLASTIL SER CORR 100ML;3508242;16330
LIESSAN BEURRE COCOA 100G;9202;7400
LIFELO SAVON ALOE VERA;2274055;2500
LIFELO SAVON ANTIRIDES;2274061;3335
LIFELO SAVON ANTISEPTIQ;8249377;1890
LIFELO SAVON ECLAIRCISSANT;2274078;2400
LIFELO SAVON KARITE;2274084;1665
LIGADEX DEC 2 (3/0) COURB;9015658;1760
LIGADEX DEC 3 (2/0) COURB;9015641;1760
LIGAFLEX CLASS POIGN G T3 NOIR;4448743;15465
LIGAFLEX CLASS.POIGN DRT T2 NOIR;4448832;15405
LIGAFLEX CLASS.POIGN DRT T3 NOIR;4448849;15465
LIGAFLEX CLASS.POIGN G T2 NOIR;4448737;11765
LIGAFLEX EVOL2 OUVT GENOU LIG T5 NR;9563199;53515
LIGAFLEX MANU POIGN DRT T2 NOIR;4452785;19715
LIGAFLEX MANU POIGN G T2 NOIR;4452839;18675
LIGAFLEX MANU POIGN G T3 NOIR;4453170;19560
LIGAFLEX SANGLE CLAVI TAILLE UNIQ;6024912;12720
LIGHT DENT CHARBON COCO T/100G;1238232;2295
LIGHT DENTIF CHARBON COCO F/75ML;2485417;2495
LIGHT DENTIF SOIN COMPLET F/75ML;2485412;2830
LIGHT DENTIF SOIN CPLT T/100G;1238249;2500
LIGHT GEL DENT ALOE-VERVEINE T/100;1251224;2500
LIGNOX 2% SOL INJ F/20ML;8423958;1410
LILAS MAXI NORMAL P/10;8172367;700
LILAS MAXI NORMAL+ P/10;8172373;700
LILAS MAXI NUIT PLIE COMPAC/10;8172893;520
LILAS MAXI NUIT SERVIET P/10;2272234;1490
LILAS PROTEG SLIP  P/20;2471339;880
LILAS PROTEG SLIP P/40;2471338;1690
LILAS SERV MATERNITE P/10;2272228;1330
LILAS SERVIET NORMAL P/10;2272240;810
LILAS SERVIET NORMAL P/30;2272257;790
LILGRO-H SP F/100ML;8053823;2630
LIN D3 (2) 3/8C TR 35;9016238;1440
LIN D4 (3) 3/8C TR 40;9016244;1550
LINCOCINE 250MG SP FL/60ML;2007816;3115
LINCOCINE 500MG GELULE B/12;3259081;4910
LINCOCINE 600MG AMP INJ 2ML B/1;3062059;2000
LINCOMYCINE 500MG B/12;2292047;2510
LINDA GYN SOL MOUSS DERM.250ML;8017359;4500
LINEANCE SER MINC F/100ML;3331306;20470
LINEANCE SER MINC.PROSCULPT7 125ML;3313001;19950
LINEX ENF PDR BUV SACH/10;8341479;4205
LINEZOLIDE HIKMA 2MG/ML PERF B/1 POCH;894380;9510
LINGETTES NETT.LUNETTES B/30;8651961;1820
LINIMENT BABYSOIN F/250ML;6009490;5160
LINIMENT OLEO CALC F/250ML GILB;6675561;5790
LINMOX 500MG GEL B/12;2270301;1500
LINOIA LAIT CLARIF HIBIS 400ML;2482778;12335
LINOIA LAIT HIBISCUS F/500ML;8738395;10895
LINOIA SAV CACAO JOJOBA PAIN 142G;8655858;3000
LINOIA SAV GOMM.NIGELLE 142GR;8545041;3000
LINOIA SAV HYDR.BISSAP-MENTH.142G;8545029;3000
LINOIA SAV PURIF.GINGEMBR-CITR.142G;8545035;3000
LIORESAL 10MG CPR B/50;3171618;7090
LIPANOR 100MG GEL B/30;3269688;3920
LIPANTHYL 160MG CPR B/30;3553739;7880
LIPANTHYL 200MG GEL B/30 MICRONISE;3326357;9330
LIPAVLON CAPS 500MG B/50;3131091;1260
LIPIAS 10MG CPR PELL B/30;8431774;6505
LIPIDUCE 10MG CPR B/30;8424395;1890
LIPINORM 10MG CPR B/28;8440508;5855
LIPINORM 20MG CPR B/28;8440514;8815
LIPOROSA 10/10MG GEL B/90;2800012;68355
LIPOROSA 10MG/10MG GEL B/30;7999703;21425
LIPOROSA 20/10MG GEL B/30;2800041;25660
LIPOROSA GEL 20MG/10MG B/90;2800087;56890
LIPOSIC GEL OPHT T/10G;3593101;2385
LIPOVAS 10MG CPR B/30;8066760;5265
LIPOVAS 20MG CPR B/30;8067104;6920
LIPTRUZET 10/20MG CPR PEL B/30;2800532;27850
LIPTRUZET 10/80MG CPR PEL BT/30;2800578;69030
LIPTRUZET 10MG/10MG CPR B/30;3112898;50725
LIPTRUZET 10MG/40MG CPR PELL B/30;2800555;21150
LIQUEUR D'HOFFMAN FL. 500CC;39110;6400
LIQUEUR DE VILLATE 1 LITRE;9000220;6685
LIQUIDE DE BOUIN 125ML;9000527;1510
LIRAPYN 50MG GEL B/28;8455013;7770
LIRAPYN 75MG GEL B/28;8455036;10540
LISINOPRIL BIOG 5MG CP B/28;3673076;3560
LISTERINE BDB CLINICAL F/500ML;90137910;11085
LISTERINE BDB FRAICH INT. 500ML;6440088;6640
LISTERINE BDB FRAICH INTENS 250ML;1109341;5170
LISTERINE BDB FRAICH LEG 250ML;8179323;2510
LISTERINE BDB FRAICH LEG 500ML;8179346;4460
LISTERINE BDB FRESH BURST 250ML;6440421;6210
LISTERINE BDB ORIGINAL 250ML;7412266;6375
LISTERINE BDB ORIGINAL 500ML;8172479;7900
LISTERINE BDB ORIGINAL ANT F/1L;2457382;7420
LISTERINE BDB PROT.DENT.250ML;4284951;4980
LISTERINE BDB PROT.DENT.500ML;4441468;4350
LISTERINE BDB SOIN BLANCH 250ML;9000993;5222
LISTERINE BDB SOIN BLANCH 500ML;8348837;5380
LISTERINE BDB STATE W. F/500ML;9753936;8852
LISTERINE BDB TOT.CARE DENTS ET GENSIVE F/500ML;8318397;4880
LISTERINE BDB TOT.CARE EMAIL 250ML;2123132;4980
LISTERINE BDB TOT.CARE F/500ML;9812751;6640
LISTERINE BDB TOT.CARE ZERO 500ML;6056585;7900
LISTERINE BDB TOTAL CARE 10EN1 SS ALCOOL F/500ML;1811352;5065
LISTERINE BDB TRAIT PRO GENCIV F/500ML;2389;5540
LISTERINE BDB TRAIT PRO PROTEC EMAIL ET SENS F/500ML;2607;5540
LISTERINE BDB ULTRACLEAN F/500ML;9753913;11400
LISTERINE COOL MINT SPRAY;4733901;7725
LISTERINE FRESHBURST  SPRAY;4733946;7725
LISTERINE PKT PAKS /3;4743620;8080
LISTERINE SENSITIVITY FL/250ML;8604022;5370
LISTERINE STAY WHITE 500ML;8180119;7610
LITACOLD AD VAP RUB PDE T/44G;8665561;3578
LITACOLD BB V RUB POT/44G;8672029;2490
LITACOLD BB VAPOUR RUB P/50G;8621090;2825
LITACOLD CPR B/80;8081802;5495
LITACOLD JR SP F/100ML;8496408;1515
LITACOLD NUIT 500/25MG CPR B/16;8469972;2065
LITACOLD NUIT MAX 1G/50MG CPR B/80;8469989;6890
LITACOLD RESPI INHALAT CAPS B/100;8664751;9940
LITACOLD RHUME J N CPR B/24;8470001;2065
LITACOLD SINUS MAUX TETE 325/5MG CPR B/16;8469995;2065
LITAMOL 500MG CP EF B/(20X4);8450702;6610
LITHIODERM 8% GEL T/30G;3595241;11700
LIVAFIX GEL B/30;8555335;7470
LIVINORM 50/75MG GEL B/30;8531866;11670
LIVOPAT CAPS B/30;8388015;11835
LIVOSURE H 1L;4700303;7100
LIVOSURE H 1L;9060529;7100
LIVOZED 500MG CPR B/10 (LEVOFLOXAC);8083847;7345
LIVRE 300 REMEDES NATURELS;1968809;9880
LIVRE ALPEN EDITION EBURNIE;1494808;6000
LIVRE COMBATTRE LES ALLERGIES;1841813;6760
LIVRE COMMENT MIEUX DORMIR E230;1963806;6550
LIVRE LE REGIME ANTI-CHOLESTEROL;5934049;9200
LIVRE LE REGIME ANTI-DIABETE;1849855;9170
LIVRE PREVENIR/GUERIR L'INFARCTUS;5934262;6760
LIVRE RECETTE MINCEUR MIDI&SOIR 239;1971852;9880
LIVRET HUILES ESSENTIELLES CHEM.;9052062;1000
LO-CARD 25MG CPR B/10;8005238;1490
LO-CARD 50MG CPR B/10;8005273;1600
LO-CARD H 25/12,5MG CPR B/10;8005190;1805
LOBAK CPR B/10;8087845;1485
LOBAVIT 1KG;8552207;19030
LOBELIA COMPLEX GTTES FL/30ML;3370513;2415
LOCACID CR T/30G;3237292;2315
LOCALONE SLT EXT F/122ML;3239894;10025
LOCAPRED CR DERM.T/15GR;3192796;1945
LOCATION APP AEROSOL;9010000;6000
LOCATOP 0,1% CREME T/30G;3385124;2580
LOCERYL 5% SOL FILMOG.2,5ML+10SPATU;3348873;12345
LOCOID 0,1% CR DERMQ T/30G;8444937;3130
LOCOID 0,1% LOTION F/30ML;3218946;3780
LOCOID 0,1% POMMADE T/30G;8444966;4750
LOCOID CR DERM EPAISS T/30G;3278517;2905
LODINE 300MG CPR B/20;3348040;4850
LODOZ 10/6,25MG CPR B/30;3869738;5900
LODOZ 10/6,25MG CPR PEL B/90;3869767;15645
LODOZ 2,5/6,25MG CPR B/30;3869632;5900
LODOZ 5/6,25MG CPR B/30;3869684;5895
LOFNAC 1% GEL DERM T/30G;8050291;1240
LOFNAC 100MG CPR B/10;2297458;1380
LOFNAC 75MG/3ML AMP INJ B/10;8046065;2135
LOFNAC P 50/500MG CPR B/10;8046036;1350
LOGIMAX 5MG/47,5MG CPR B/90;3714421;50710
LOGIMAX LP 5/47,5MG CPR B/30;3714409;22400
LOLIP 10MG CPR B/30 (ATORVASTATINE);8066056;5540
LOLIP 20MG CPR B/30 (ATORVAST/CALC);8066004;6230
LOLIP 80MG CPR B/30;8439385;10000
LOLITA LEMP EAU BLC F EDP75 PEARL E;8392790;39275
LOLITA LEMP SWEET F EDPV /50ML;8392809;28065
LOMAC 20MG CAPS B/14 (OMEPRAZOL);8029894;3100
LOMAC 40MG INJ PDR+SOLV 10ML/1;8083178;6610
LOMET 30MG GEL B/14;8050150;4505
LOMET 30MG GEL B/28;8050167;8845
LOMEXIN 2% CR T/15G;3338308;3310
LOMEXIN 2% T/30G;3867633;6170
LOMEXIN 600MG CAPS VAGINAL B/1;3378348;4640
LOMEXIN 600MG CAPS VAGINAL B/2;3690933;10560
LOMUDAL CPLT 30CAPS+TURBO INHALAT;3131228;6785
LOMUSOL 4% PULV NAS 15ML;3375373;6160
LONGAMYCINE 200MG CPR B/8;8000442;1420
LONGRICH ANTI-MOUTIQ PARF.195ML;7705996;5330
LONGRICH ARTEMISIN BODY WASH 300ML;7706772;6660
LONGRICH ARTEMISIN HAND WASH 475;902059;3700
LONGRICH GOBELET ALCALIN;6370050;74000
LONGRICH PATE DEN.ARTEMISIA T/200G;8679899;6000
LONGRICH PATE DENT.THE BLC 200G;7360103;4400
LONGRICH SAV NETT CHARBON 300G;7360420;8880
LONGRICH SERV HYG MAG JR P/10;7705194;5180
LONGRICH SERV HYG MAG P/18;7705193;4050
LONGRICH SERV HYG MAG P/30;7705192;4050
LONGRICH SERV HYG MAG P/8 NUIT;7705195;4050
LONGRICH SKIN RELIEF LOTION 60ML;7706622;1775
LONOTEN 10MG CPR SECABLES B/40;3268281;12890
LOOBID 200MG/500MG CPR B/10;8002760;3475
LOPATOL 100 CPR B/6 (VERMIFUGE);6911866;7055
LOPATOL 500 CPR B/4 (VERMIFUGE);6899823;11205
LOPERAMIDE 2MG UBI GEL 10BL10;8429180;6890
LOPERAMIDE CREATIMO 2MG GEL B/20;8006700;1545
LOPINE 10MG CPR B/30;8076149;4200
LOPINE 5MG CPR B/30;8076095;3775
LOPO PLUS CPR SEC B/30(LOSART/HCT);2270465;6090
LOPRESSOR 100MG CPR PELL B/30;3225047;4540
LOPRESSOR LP 200MG COMP B/30;3230373;7315
LOPRIL 25MG COMP B/30;3268364;7980
LOPRIL 50MG COMP B/30;3268358;7815
LORA-D 5MG CPR PELL B/10;8424952;2847
LORADINE 0,1% SP F/60ML;2288123;2320
LORATADINE BIOG 10MG CPR B/15;3841177;2360
LORATADINE10MG CPR B/15 ZENTIVA;3645306;2935
LORATOL 10MG CPR B/10;8092349;2785
LORATOL 5MG SUSP BUV F/100ML;8092355;2785
LORHIST 10MG CPR B/10;4215826;2715
LORHIST 5MG SUSP BUV 60ML;8067073;1960
LORINOL 10MG COMP B/10;2268741;1710
LORIT 0,5MG/5ML SP F/60ML;8437570;4165
LORIT 5MG CPR B/20;8437587;2785
LORIX 10MG CPR B/15;8094609;2590
LORKOF EXPECTORANT SP F/100ML;8055756;2065
LORODES 0,5MG/ML BUV SUSP 60ML;8463113;3855
LORODES 5MG CP ORODISP B/10;1388881;3305
LOSAGEN 100MG CPR B/30;8434910;8265
LOSAGEN 50MG CPR B/30;8434904;5195
LOSAR CPR 50MG B/30 MEDIS;8417142;8020
LOSAR DENK 100MG CPR B/28;8071689;6890
LOSAR DENK 25MG CPR PELL B/28;8024980;6230
LOSAR DENK 50MG CPR B/28;8071614;4850
LOSARTAN 50MG CPR B/30 SANDOZ;3887647;4420
LOSARTAN HCTZ 50/12,5MG CPR B/30 AR;2187184;4440
LOSARTAN/HCTZ 100MG/12,5MG CPR B/30 ARROW;2187296;6150
LOT DE 03 HARICOTS;9028365;82600
LOTARIDEX 2,5MG/5ML SP 100ML;1400457;1860
LOTARIDEX 5MG CPR B/15;1400411;3050
LOTEMAX 0,5% GEL OPHT F/10ML;8470188;6490
LOTEMAX 0,5% SUSP OPHT F/5ML;8470165;6820
LOTION ANTI-HERPES NO 1 FL. 60CC;4096;1320
LOTION ANTI-HERPES NØI 125ML;9033389;2105
LOTION ANTI-MOUST 125ML VIRIDA;90164010;2990
LOTION BIO CLASSIC;9007357;4000
LOTION DERMIQUE SLF 125ML;9001515;1335
LOTION DERMIQUE SLF FL/250ML;9001432;2530
LOVENOX 20MG/0,2ML INJ B/2;3646837;6185
LOVENOX 40MG/0,4ML INJ B/2;3646866;8680
LOVENOX 60MG/0,6ML INJ B/2;3646903;11515
LOVENOX 80MG INJ 0,8ML+SER/2;3646932;14720
LOVING BOUQUET EDT V 50ML;9008865;23885
LOVING BOUQUET SAC+V50+LAIT150;9012878;35830
LOVIR 400MG CP B/25;8016957;12630
LOVIR 5% CR T/10G;8034949;8430
LOVIR CPR 200MG B/25;2037148;7385
LOWDEP GEL B/30;1153331;7840
LOXAIR 100MCG AER 200 DOSES;1598198;3320
LOXAPAC  SOL.BUV 25MG/ML FL/30ML;3233420;5910
LOXAPAC 25MG CPR B/30;3222770;5990
LOXAPAC 50MG COMP B/30;3343574;11840
LOXEN 10MG INJ AMP 10ML B/5;3311077;9465
LOXEN 20MG CPR B/30;8490506;5315
LOXEN LP 50MG GELULE B/60;8490417;16720
LOXTRA COLL F/5ML;8078711;3705
LOZINE 2,5MG SP F/100ML;8067067;1795
LRJ 30MG COLLYRE F/10ML;2298110;3855
LSDL BOOST CURL GELEE F/250ML;8783585;12745
LSDL BUBBLE DREAM SH F/250ML;8783591;10465
LSDL COCKTAIL CURL REM SPR/310ML;8783616;19000
LSDL CREME COND AP SHAMP 250ML;473576;10590
LSDL KURL NECTAR HAIR CR F/250ML;8783639;13695
LSDL KURL POTION LT CAPILL 250ML;473569;14560
LSDL MAGIC TWIST CREM CHEVEUX 250ML;1118159;13140
LSDL PERFECT CLEAN SH 250ML;8328743;10760
LSDL PERFECT MATCH SH F/250ML;8783645;11635
LSDL PINK PARADISE AP SH 250ML;8328620;10015
LSDL REPAIR TIME CR POT/230ML;8783651;10570
LSDL SERUM CROISS HL CAPILL 250ML;8328507;16915
LSDL SMOOTH LIC-MUR LT F/250ML;8783668;12160
LSDL SMOOTH VAN YLA LT F/250ML;8783674;12160
LSDL SMOOTHIE ANANAS LT CAP 250ML;8328521;13800
LSDL SUNSHINE CLEAN SH TB 200ML;2907882;10660
LUBENTYL EMULS POT/250G;3062935;2315
LUBRINEX 0,3% COLL F/10ML;8484635;2065
LUC&LEA ANN. DENT.REFRIG TORTUE ;7323692;4510
LUC&LEA ANNEAU DENT CLE DES CHAMP 1;4794600;6490
LUC&LEA ANNEAU DENT ETOIL BB STAR;9819687;2835
LUC&LEA ATTACHE SUCETTE;6353123;5505
LUC&LEA BIB ERGO COLIQ 2M+ 270ML;8534600;5400
LUC&LEA BIB ERGO COLIQ 4M+ 330ML;8534617;5575
LUC&LEA BIB ERGO COLIQ OM+ 150ML;8534592;5140
LUC&LEA BIB ERGO SAVANE 270ML;1676981;7600
LUC&LEA BIB ERGOS CELEST 150ML;6350585;5920
LUC&LEA BIB ERGOS CELEST 270ML;6350608;6085
LUC&LEA BIB ERGOS CELEST 330ML;6350622;6250
LUC&LEA BIB ERGOS FORET 150ML;6350578;5920
LUC&LEA BIB ERGOS FORET 270ML;6350592;5400
LUC&LEA BIB ERGOS FORET 330ML;6350615;5575
LUC&LEA BIB PLAST SAVANE 150ML;1676971;7220
LUC&LEA BIB PLAST SAVANE 330ML;8717594;7495
LUC&LEA BIB SAVANE 270ML;8717588;7280
LUC&LEA BIB VERRE F/120ML;6352131;6700
LUC&LEA BIB VERRE F/240ML;6352148;6725
LUC&LEA BROS+PEIG.SOIE NAT.;7323634;6085
LUC&LEA CISEAUX BB DRT;7323640;3575
LUC&LEA CLIP MOUTON+CHAINET.;8552503;4540
LUC&LEA COUPE ONGLES;8150992;3400
LUC&LEA DUO SYM 6-18M DINOSAURES/2;6239715;4525
LUC&LEA GOUPIL.BIBE+TETI B/1;8692084;4580
LUC&LEA LEL BATONNET OUATE EMBOUT BB B/60;8656266;2850
LUC&LEA SUC 6-18 JM DOUDOU;1564531;2500
LUC&LEA SUC DUO SYM6-18M CACT/LAMA/2;8673543;4625
LUC&LEA SUC ELEPH 0-6MOIS SIL;8536183;2625
LUC&LEA SUC NN SY ROSE 0-2;6018911;2570
LUC&LEA SUC PHYS SIL 1AGE ELEP;4554534;2640
LUC&LEA SUC PHYS SIL 2AGE MON TRESO;9819670;2010
LUC&LEA SUC SYM +6MOIS OURS;8353933;2665
LUC&LEA SUC SYM BLEU ETOIL/OIS 0-2;6018912;2455
LUC&LEA SUC SYM JAIM MMAN 0-6M;8354016;2130
LUC&LEA SUC SYM JAIM PPA 6M+;8552561;2415
LUC&LEA SUC SYM SIL 2AGE BB BOY;9819641;1975
LUC&LEA SUC SYM SIL 2AGE BB GIRL;9819635;1970
LUC&LEA SUC SYM SIL 2AGE FLEUR;9819598;1930
LUC&LEA SUC SYM SIL 2AGE JE VEU CAL;9819664;2020
LUC&LEA SUC SYM SIL 2AGE MAMIE;4245980;1955
LUC&LEA SUC SYM SIL 2AGE PAPA;4554592;2160
LUC&LEA SUC SYM SIL 2AGE PTIT CHATS;9960606;1890
LUC&LEA SUC SYM SIL 6M+ MMAN;4554623;1960
LUC&LEA SUC SYM SIL+6 J'AIM PAPY;4246005;1935
LUC&LEA SUCET  SYM 0-2M CANARD/1;8534356;2455
LUC&LEA SUCET ANAT 0-6M AIME PAPA;8652251;2400
LUC&LEA SUCET ANAT+ANN +6M AIME MAMAN/1;8652340;2415
LUC&LEA SUCET ANATOMIQUE +18MOIS;6354199;2450
LUC&LEA SUCET DUO SYM 0-6M FILLE/2;8673483;4510
LUC&LEA SUCET J'AIM PARENT/2 0-6M;8357090;4420
LUC&LEA SUCET PHYSIO 0-6M BB AMOUR;6350257;2385
LUC&LEA SUCET SYM +6M PRICESSE;6350356;2385
LUC&LEA SUCET SYM 0-2M ROSE COEUR/PAPI/1;8534333;2455
LUC&LEA TET SIL DEBIT LENT/1;8344259;2830
LUC&LEA TET SIL DEBIT MOYEN/1;8344265;3460
LUC&LEA TET SIL DEBIT RAPIDE/1;8344271;2465
LUC&LEA TET SIL ERGO DEBI LENT/2;8534669;3515
LUC&LEA TET SIL ERGO DEBI MOY/2;8534675;3505
LUC&LEA TET SIL ERGO LIQ EPAIS/2;4699356;3935
LUC&LEA TET SIL ERGO LIQ VARI/2;6056579;4210
LUCLIP 1% CR T/30G;9007363;5510
LUDIOMIL 75MG CPR B/28;3222913;10660
LUEX AD TOUX GRASSE SP 100ML;8051072;1790
LUEX AD TOUX SECHE SP 100ML;8051008;1790
LUEX ENF TOUX GRASSE SP F/100ML;8069333;1515
LUEX ENF TOUX SECHE SP 100ML;8051020;1515
LUFAMET 180MG/1080MG PRD SUP F/60ML;8010392;3200
LUFAMET DS 80MG/480MG CPR B/6;8010423;2330
LUFAMET FORTE 40MG/240MG CPR B/12;8010452;2330
LUFANTER 180/1080MG SP F/60ML;2038797;2715
LUFANTER 40/240MG CPR B/12;2038969;2715
LUFANTER PDR SUSP 80/480MG SACH/6;8417099;2580
LUFAR 80MG/480MG CPR B/6;8081765;2750
LUFEMAX 180/1080MG PDR BUV 60ML;8067765;2315
LUFEMAX 40/240MG CPR B/12;8056419;2370
LUFEMAX FORT 80/480MG CPR B/6;8056448;2800
LUFENART 20/120MG CPR B/6;8017997;1560
LUFENART 40/240MG CPR B/12;8018040;2925
LUFENART FRTE 80/480MG CP/6;8018057;2250
LUGOL FORT SOLUTE FL/30ML;3949;2090
LUGOL SOL FAIBLE FL/30ML;9021759;1850
LUGOL SOLUTION 1L;9022569;9160
LUGOL SOLUTION 500ML;9022552;6350
LUKAGEN 10MG CPR SEC B/30;8472052;9365
LUMAGLOBE 80MG/480MG CPR B/6;8492391;1665
LUMALARIA 20/120MG CPR DISP B/24;8084108;2100
LUMALARIA 80/480MG CPR PELL B/6;8084114;2185
LUMAPIL FORTE 80/480MG CPR PELL B/6;8480815;1995
LUMART PLUS 20/120MG CPR B/24;8097358;2770
LUMATE FORTE 40/240MG CPR B/12;8025979;2235
LUMATE PLUS 80MG/480MG CPR B/6;8423616;2235
LUMEMOX 0,5% CY F/10ML;8495254;3150
LUMEMOX D 0,1% CY F/10ML;8495260;6300
LUMESOFT PLUS 40/240MG CAPS B/12;8031856;2830
LUMETER 40MG/240MG CPR B/12;8072476;1860
LUMETER 80MG/480MG CPR B/6;8072482;2050
LUMETRINE 80/480MG CPR B/6;8462645;2000
LUMFART 180/1080MG PDR BUV 60ML;8084545;1640
LUMFART 20/120MG CPR B/24;8084539;2635
LUMFART 80/480MG CPR B/6;8456260;2615
LUMIART 180/1080MG SP F/60ML;8018318;2235
LUMIART 40/240MG CPR B/12;8018270;3130
LUMIART 80/480MG CPR B/6;8018287;3245
LUMIFORTE 80/480MG CPR B/6;8056218;2260
LUMIFORTE DT 20/120MG CPR DISP B/6;8056247;845
LUMIGAN 0,1MG/ML CY F/3ML;3598529;13860
LUMIGAN 0.3MG/ML COLLYRE F/3ML;3592202;11850
LUMIRELAX 500MG CPR B/20;3063219;3130
LUMITER 20/120MG CPR B/24;8020485;2520
LUMITER DS 80/480MG CPR B/6;8058849;2165
LUMITER SUSP BUV 10/90MG F/60ML;8590076;2205
LUNACOPINE COUPE MENSTRUELLE;2445321;22470
LUNETTE SOL.EVA K820 ROSE ENF;9993089;7500
LUNETTE SOL.KEN MARRON K836 ENF;9999318;7500
LUNETTES A OXYGENE ADULTE;6652413;3200
LUNETTES A OXYGENE ENF;9031025;3200
LUPRODEX 11,25MG PDRE+SOLV AMP 5ML B/1;8487102;179075
LUPRODEX 3,75MG PDR INJ F/2ML+KIT;8144075;68905
LUT CREME PX SECHE T/30G;6224864;10645
LUT LAIT SLAIRE BB-ENF 12 T/75ML;7046330;12535
LUT MASQUE A L'ARGILE T/30ML;7046181;4680
LUT TONIQ PX SECHE;6415541;9000
LUTENYL 5MG COMP B/10;3266112;4820
LUTERAN 5MG COMP B/10;3063320;1820
LUTIMOL 0,5% COLL F/5ML;8495219;1050
LUTIONEX CP B/30;3178945;3845
LUTOMETRODIOL 2MG COMP B/20;3063343;1280
LUTTAGEN 100MG CAPS MOL.B/30(PROGST;8454746;5205
LUTTAGEN 200MG CAPS MOL.B/15(PROGES;8454752;5205
LUTTE KIT 1G/1G/150MG B/4;8819248;4420
LUXADERMA HLE DE MORINGA F/65ML;6975734;2590
LUXEOL CHUTE DE CHEVX CAPS B/30;8633118;24650
LUXEOL POUSS CROISS + FORT GEL B/30;1449331;18755
LUXEOL SERUM POUSSE CHEVEUX T/50ML;8639026;36280
LUXEOL SHAMPOOING REPARATEUR T/200ML;8639078;10495
LUXEOL SHP FORT. T/200ML;8639061;10455
LYAMOX 1G CPR B/12 (AMOXIC.);8042653;2290
LYAMOX 1G IM/IV PDRSOL INJ B/1;8417231;910
LYAMOX 250MG PDRE SUSP BUV F/60ML;8077775;915
LYAMOX 500MG GEL B/100;8422485;5080
LYAMOX PLUS 1000/125MG CPR B/16 PEL;8451274;5500
LYATEM 20MG/ML IM 1ML AMP B/6;8437699;1040
LYATEM 40MG/ML INJ AMP 1ML B/6;8417283;1615
LYATEM 80MG IM AMP 1ML B/6;8043865;3075
LYATER 1080/180MG PDR SUSP/60ML;8076764;2110
LYATER 20MG/120MG CPR DISP B/6;8484500;800
LYATER 40/240MG CPR B/6;8417248;1440
LYATER 80/480MG CPR B/6;8043859;2000
LYBEN 400MG CPR B/1 (ALBENDAZOL);8043322;645
LYCEF 1G IM/IV AMP 10ML+SOLV/1;8045433;2155
LYCEF PLUS 1G/500MG IM/IV PDR INJ/1;8437707;4430
LYCINE 200MG INJ IV F/100ML;8433684;2530
LYCINE 500MG CPR PELL SEC B/100;8078527;8830
LYCOPODIUM CLAVAT 30 CH D;8818970;3735
LYCOPODIUM CLAVATUM 9CH DOSE;449177;3735
LYCYP SP F/200ML;8415947;2615
LYDEMAR 100MG CPR SEC B/4;8417260;1790
LYDEXA 4MG/ML IM/IV SOL INJ B/3;8425302;2415
LYERY 250MG PDRE SUSP BUV SACH B/30;8075664;2255
LYFER 308/4/200MG CPR B/30;1328754;1270
LYFER SP F/200ML (FE+VIT B12+AC FOL;8437736;1790
LYGENTA 0,3% CY F/5ML (GENTAMICINE);8437742;665
LYGIN 2,5G/5ML AMP B/5 (METAMIZOLE);8076729;2780
LYGIN 500MG CPR B/20;8457733;1585
LYMARCHE 10MG CPR B/4 (TADALAFIL);8422226;5280
LYOC 160MG CPR B/5 TEVA;9000852;2245
LYOMO 40MG IV PDR INJ AMP/5(OMEPRAZ;8437713;5045
LYOVIGOR SACH B/10;9016505;2005
LYPTOCODINE BB SP FL/125ML;3119517;2470
LYPTOCODINE ENF SP FL/150ML;3063515;2660
LYRICA 150MG GEL B/56;3651318;23795
LYRICA 25MG GEL B/56;3651270;5415
LYRICA 25MG GEL B/84;3651353;26305
LYRICA 50MG GEL B/84;3651287;25405
LYRICA 75MG GEL B/56;3651293;12595
LYSAN LOT FL/125ML;2026831;3030
LYSANXIA 10MG CPR B/40;3183662;2800
LYSINE B12 EGIC SP FL/90ML;3063656;2185
LYSIVIT B12 BUV AMP 10ML B/20;3063685;3590
LYSO 6 COMP B/30;3281169;7630
LYSOFLAM CPR B/10 (PARACET/DICLO);8005221;1685
LYSOFLAM GEL T/30GR;8095052;1720
LYSOPAINE AMBROXOL 20MG CITRON SS SUCRE PAST B/18;4037974;15780
LYSOPAINE CP SUCER B/2X18(S/SUCRE);3903501;14130
LYSOPAINE CPR SUCER B/18;3903576;9975
LYSOPAINE MENTH CPR B/36 S/SUCRE;2802643;7590
LYSOPAINE MIEL CITRON CPR/36 S/SUCR;2802672;4330
LYSOPAINE VOX FRAISE PAST B/18;4037916;10130
LYTAMOL 500MG CPR PL/10 UNITE;50015;100
LYTAMOL 500MG CPR SEC B/1000;8075658;9680
LYTAMOL PLUS 50/500MG CPR B/10;8058772;895
LYTAMOL-PLUS 50/500MG PL/10CP B/100;30438510;710
LYTAMOL-PLUS 50MG/500MG CPR B/100;8417254;7070
LYVIT B IM/IV SOL INJ 10ML B/5;8416390;1890
LYXEN 500MG GEL B/20 (CEPHALEXIN);8417277;3550
LYZIT 500MG CPR B/3;8042676;3705
LYZOL 500MG CPR B/100 UNITE PL/10;690097;285
LYZOL 500MG CPR SEC B/100;8078579;2845
M;0;0
M;6284837;4995
M;6292044;7700
M-B6 100MG/10MG CPR B/30;8731795;2895
MA5+CLONE 30 1000DOSES;8629447;7100
MAALOX BUV STICK SACH B/20(CITRON);3545504;3925
MAALOX BUV STICK SACH B/20(FRUIT RG;2172722;4330
MAALOX MX ESTOMAC CP CROQ B/40;3538280;2840
MAALOX SUSP BUV FL/250ML;3129467;2410
MABTHERA 100MG SOL INJ ;9110026;190000
MABTHERA 100MG SOL PERF F/10ML B/2;8473229;190000
MABTHERA 500MG AMP INJ 50ML B/1;5606026;580000
MACA DESIR SEXUEL/FERTILITEBGEL VEG B/60;8523223;12500
MACERAT HUIL FL.LYS 100ML AROMA-ZON;9008405;11800
MACERAT HUILEUX FIGUIER DE BARBARIE 100ML AROMA-ZONE;20058310;7050
MACFAST P 37,5/325MG CPR PELL B/10;8470107;4340
MACFAST P 37,5MG/325MG CPR B/10;2482874;4365
MACROLYN 500MG CPR B/3 (AZITHRO.);8424745;4850
MACROMAX 200MG/5ML PDR BUV 30ML;8025583;5885
MACROMAX 500MG CPR B/3 (AZITHRO);8025614;6230
MACULA-Z CAPS  B/30;4668031;22585
MACULA-Z CAPS B/120;1206884;68705
MADAR CPR B/3;2289447;480
MADECASSOL 1% CREME T/10G;3064093;2080
MAG 2 100MG COMP B/60;3460877;4245
MAG 2 24H 45 CPR +15CPR;1000034;10755
MAG 2 24H CPR B/40;4038063;10710
MAG 2 24H EXTRA FORT CPR B/45;2018;12950
MAG 2 24H LP NERVOSITE/FATIGUE CPR B/40;380633;19000
MAG 2 24H NERVOSITER/FATIGUE B/40 LOT 2;7974;19520
MAG 2 AMP INJ 10ML B/10;2234622;10795
MAG 2 AMP INJ 10ML B/12;3152012;3800
MAG 2 CANNABIS SATIVA CPR B/30;5503685;15720
MAG 2 CRAMP CPR B/30;288;11050
MAG 2 MARIN AMP BUV B/30;4757243;8410
MAG 2 MARIN AMP BUV UNITE PL/10;95532110;2800
MAG 2 ORODISPERSIBLE STICK B/30;2250;12565
MAG 2 PDRE ORALE SACH B/30;3325820;21345
MAG 2 SOMMEIL CPR B/60;4819990;7590
MAG 2 SOMMEIL LP CPR B/30;6012062;9400
MAG 2 SS SUCR AMP BUV 10ML B/30;3638223;5000
MAG UP 24H CPR B/15 (MG+VIT B6);2856018;2925
MAGIC BLEU PDRE;8224383;5140
MAGIC ROUGE POUDRE;8224414;5140
MAGMAG 250MG CPR B/30;8531872;3335
MAGNAVIT CAPS B/30;8483541;1380
MAGNE B6 470-5MG CPR B/60;1960581;3470
MAGNE B6 AMP BUV 10ML B/10;3297845;2205
MAGNE B6 DRAG B/50;3125009;3195
MAGNE VIE B6 CPR B/60;3632686;15860
MAGNE VIE B6 EXPRESS B/30 SACHETS;6226828;12760
MAGNE VIE STRESS RESIST.2X30 STICK.;1007346;12520
MAGNE VIE STRESS RESIST.B/30 STICK.;6025656;12290
MAGNECARE CPR B/50 (MG+VITB6);8385519;2335
MAGNES ACTIVE DENK GR STICK B/30;8386915;5840
MAGNES DIRECT DENK PDR SACH/30;8359350;6090
MAGNESIA PHOSPHORIA 9CH DOSE;8414145;2625
MAGNESIA PHOSPHORICA 4 CH GR;457053;1190
MAGNESIA PHOSPHORICA 5 CH GR;457076;1195
MAGNESIA PHOSPHORICA 5 CH GR;8178973;1135
MAGNESIA PHOSPHORICA 7 CH GR;457099;1190
MAGNESIA PHOSPHORICA 9CH GR;457245;3795
MAGNESIUM  SULFATE 30G SACH/1;6154224;740
MAGNESIUM 200MG CPR B/30 WALMA;9999618;3935
MAGNESIUM 300+ CPR B/80;4690728;14730
MAGNESIUM MARIN FORT CP B/30;4812798;8740
MAGNESIUM MARIN FORT CPR B/15;5133763;4520
MAGNESIUM MARIN VIT B6 CAPS B/60;9774513;9300
MAGNESIUM SULF 10% AMP INJ 10ML B/10 CIPHARM;3000006;4658
MAGNESIUM SULFATE 1,5G/10ML AGT B/50;3717307;21350
MAGNESIUM SULFATE 30G SACH B/20;9022109;12315
MAGNESIUM UPSA ACT.CONTINUE B/60;6004890;7095
MAGNESPAMYL 50MG CPR B/50;3064408;11740
MAGNEZEN CPR EFFV B/12;8397942;4115
MAGNORAL AMP BUV 10ML B/20;2269309;3470
MAKARI CLASSIC ORALGHT GEL ECL B/90;9033231;32500
MALA-EL 40MG/320MG CPR B/9;8481683;3650
MALACUR 20/160MG CPR DISP B/6;8422628;2510
MALACUR 40/320MG CPR B/12;8418294;3855
MALACUR 40MG/320MG CPR B/9;8073228;3580
MALACUR 90/720MG BUV F/60ML;8085846;2510
MALAFENTRINE DS 80MG/480MG CPR B/6;8474720;1575
MALAFORT 80MG/480MG CPR B/6;8812039;2095
MALANIL 250MG AD CPR B/12;8001588;23505
MALARIAX 40/320MG CPR B/9;1304512;5510
MALARIAX SUSP PDR F/60ML;1304529;5510
MALARID 80MG/480MG CPR B/6;8749045;2625
MALARITHER 80MG SOL INJ AMP/1ML/6;8082279;4855
MALARONE AD 250/100MG CP/12;3442980;39020
MALARONE ENF 62,5/25MG CP/12;3622647;19100
MALATRINE 180/1080MD PDRE SUSSP BUV F/60ML;8097967;2025
MALATRINE 20/120MG CPR B/24;8097944;2440
MALATRINE 40/240MG CPR B/12;8087934;2440
MALAVAN 120MG PDR INJ+SOLV/2 B/1;8432029;2715
MALAVAN 30MG PDR INJ+SOLV AMP/2;8451848;895
MALAVAN 60MG SOL AMP INJ B/1;8023578;1575
MALOCIDE 50MG CP B/20;3064578;17380
MALOTEM 180MG/1080MG PDR S B F/60ML;8462763;1730
MALOTEM 20MG/120MG CPR DISP B/24;8462786;2020
MALOTEM 80MG/480MG CPR B/6;8437759;2020
MALOXINE CPR BL/3 B/50;2036137;33090
MALT SIROP F/120ML;1597851;1450
MALTOFER FOL 100MG CPR B/30;8463136;3445
MALTOFER SP FL/150ML;1388851;2620
MALVA 200MG CPR B/10 (CELECOXIB);8443547;1475
MALWOOD P 40/320MG CPR B/12;8498560;3170
MAMOPAUSE CORFORT  FEMININ CPR/30+GEL/30;8399622;10055
MANCHE BISTOURI NØ3;8224555;5850
MANCHE BISTOURI NØ4;8263354;8450
MANDORLE CEREAL LEGUME B/400G;3072342;18925
MANDORLE LAIT 1ER CEREAL B/400G;3513881;15635
MANDORLE LAIT 2EM AGE B/800G;30723210;68690
MANDORLE LAIT 3EM AGE B/800G;3072336;54380
MANDORLE LAIT CEREAL&FRUIT 400G;7234296;18925
MANDORLE LAIT CEREAL&LEGUM 400G;90152410;17405
MANDORLE PREP RIZ NN 1AGE 800G;5514146;44925
MANDORLE PREP RIZ NN 2 AGE 800G;9021972;37500
MANHAE MENOPAUSE CURE 4 MOIS DONT 1 MOIS OFFERT B/120CAPS;1016199;39660
MANIX ANNEAU VIBR.3VIT.B/1;4831502;5370
MANIX GEL INTIMITY F/50ML;4255105;7010
MANIX GEL LUBR.EFFECT 100ML;8348151;8000
MANIX GEL LUBR.EFFECT T/80ML;1499081;6410
MANIX GEL LUBR.FRAISE T/100ML;5206249;3330
MANIX GEL LUBR.NATURAL T/100ML;8348145;8375
MANIX GEL LUBR.SKYN ALL NIGHT 80ML;1334832;7560
MANIX GEL LUBR.TUBE FRAISE 80ML;1182581;3860
MANIX GEL LUBRIF. AQUA ALOE 80ML;8737562;7240
MANIX GEL LUBRIF.INFINIT.100ML;5206203;7350
MANIX GEL MASS GOUR 200ML;8162480;9885
MANIX GEL MASS.CHAUF APHRODI.200ML;6015557;5080
MANIX GEL MASS.FRAIS.COMES.200ML;6015540;6950
MANIX GEL MASS.STIMUL F/200ML;1260217;5660
MANIX GEL ORGASM. SKIN EXCITE FEM.15ML;1182571;9330
MANIX GEL SKYN AQUA FEEL 80ML;1334821;5400
MANIX GELULE B/20;2273914;6360
MANIX PURE GEL LUBR.INTIM 80ML;4447666;5340
MANNITOL 10% 500ML B/20 UNITE;3551611;3410
MANOMETRE;4541425;61360
MANTADIX 100MG CAPS B/50;3153371;11590
MARANTEL SUSP F/15ML;6821436;3550
MARBOCYL P 20MG CPR B/10;3004205;31980
MARBOCYL P 20MG CPR B/10 (VETOQUI.);6779378;5675
MARBOCYL P 5MG CPR B/10;6779295;3410
MARBOCYL P 80MG CPR B/12;6779450;20110
MARBOX 10% F/100ML;9025467;23630
MARGA CPR B/48;3762590;2410
MARIMER BB SOL NAS HYPERTO SPR 100ML;8638021;4135
MARIMER BB SOL NAS ISOTONIQ SPR/100ML;8638015;4880
MARIMER HYPERT.SPR F/100ML;8638009;4135
MARIMER ISOTONIQ SPR NAS 100ML;8637990;5440
MARIPRIST 200MG/200MCG CPR B/4;1428734;5165
MARTEAU A REFLEXE;9034466;10740
MARVEL-SPIDERMAN-EDT VAPO 100ML+GD 60ML+SAC;3282108;22110
MARVIL 10MG CPR B/28 (OLANZAPINE);8094012;31710
MARVIL 5MG CPR B/28;8094041;20690
MASCULAN GEL LUBR APPLE 75ML;6980995;2830
MASCULAN GEL LUBR STRAWB 75ML;7503951;2825
MASCULAN GEL LUBR VELVET 5X3ML;8497508;835
MASCULAN GEL LUBR WARMING 75ML;4024434;5080
MASCULAN GEL LUBR.50ML;8339620;2625
MASCULAN GEL LUBR.SILK 75ML;8345460;2915
MASCULAN GEL LUBRIF SACH 3ML B/5;8339614;1165
MASQ A OXYGEN+TUBUL AD;9036123;2600
MASQ A OXYGEN+TUBUL AD CPLET;9040030;7800
MASQ A OXYGEN+TUBUL ENF;3260055;2600
MASQUE CHIRURG.AV ELASTIQ.B/50;9038487;7800
MASQUE CHIRURG.AV.CORDE B/50;9004175;5000
MATELAS 1 PLACE MEDICAL ;7017653;56760
MATELAS A AIR 110VOLT(MATELAS PNEUM;9039558;234000
MATELAS A EAU 200CMX90CM;9039541;156000
MATELAS A EAU PHARMA-O ANTI ESCARRE;9007305;99950
MAUBOUSSIN -IN RED -TRAVEL EDITION-COFF EDP 100ML+TRAVEL EDP 20ML;8526546;36145
MAUBOUSSIN -MY TWIST-COFFRET EDP 90ML+LT CORPS 75ML+EDP 20ML;4879673;38660
MAUBOUSSIN A LA FOLIE -TRAVEL EDITION-COFF EDP 100ML+TRAVEL SPRAY EDP 20ML;8562453;29865
MAUBOUSSIN ELIXIR PR ELLE EDPV100+GD+L;1344011;35115
MAUBOUSSIN IN RED PR ELLE SET 23 EDP 100ML+VP;6003962;38105
MAUBOUSSIN POUR  LUI IN RED EDP 100ML;3350172;25755
MAUBOUSSIN PR ELLE EDPV 100ML;4879615;30000
MAUBOUSSIN PR F EDPV100+LAI+GD+TR;4789668;29880
MAUBOUSSIN PROMISE ME EDPV90+LAI+GD;5991165;48215
MAUBOUSSIN-LUI IN BLACK-EDP 100ML+GEL DCHE 75ML+EDP 20ML;8562476;40415
MAUBOUSSIN-PRIVATE CLUB-EDP 100ML+GEL DCHE 75ML+EDP 20ML;8562482;37325
MAUBOUSSIN-STAR-COFFRETS EDP 90ML+LT CORPS 75ML+EDP 20ML;1002610;36600
MAVALA 002 F/10ML BASE PROT.DBL.ACT;6339107;7905
MAVALA BOUCLIER ONGL.2X10ML R908;6189004;11350
MAVALA COLORFIX 10ML (FIXAT.VERNIS);6339165;7185
MAVALA CR CUTICULE 15ML R914;6393928;5860
MAVALA CR NAILACTAN P/15ML R905.01;90090510;11510
MAVALA CR NAILACTAN T/15ML R905.61;6339171;11510
MAVALA CREME-MAINS 50ML R920;6393911;5510
MAVALA DEMAQUILLANT YEUX 100ML;9016741;5715
MAVALA DILUANT VERNIS 10ML R916;6394069;7400
MAVALA DISSOLVANT BLEU 100ML R911;6394017;2760
MAVALA DISSOLVANT DOUX F/100ML;4639839;4600
MAVALA DISSOLVANT EXT.DX ROSE R912;6334802;9155
MAVALA DOUBLE-CILS F/10ML;9009310;14215
MAVALA DURCIS.SCIENT 5ML R9001;6393851;8560
MAVALA EAU EMOLLIENTE 10ML R91501;6393934;6315
MAVALA EAU EMOLLIENTE F/10ML;9994675;7105
MAVALA EXFOL LUMIERE PR ONGLE 15ML;9190137;13120
MAVALA MAVA+ SOIN EXTR.MAIN 50ML;9009296;9740
MAVALA MAVA-FLEX SER F/10ML R998;9009988;12095
MAVALA MAVA-WHITE F/10ML R705;9007050;6700
MAVALA MAVADERMA F/10ML (POUSS/ONGL;4115421;8000
MAVALA MAVADRY 10ML SECH.VERNI.R918;6393845;6180
MAVALA ONGLE-LISSE 10ML R909;6189091;6160
MAVALA ROUGE A LEVRES;9017137;3760
MAVALA STOP ONGL RONGE 10ML R903;6393874;7055
MAXAIR AUTOHALER 200 DOSES;3318961;12765
MAXI 50MG CPR B/100;4211857;3055
MAXI BIO-PROTECT 5KG;9013091;51660
MAXI CONTROL HOMM GEL RETARDANT F/60ML;8523269;13170
MAXI CONTROL HOMME ENDURANCE GEL B/60;8523252;17565
MAXI VIRACIDE 5KG;9015032;93380
MAXI VOLUM SPERME GEL B/60;8523275;17220
MAXICLAV 1G/125MG SACH B/16;8094549;7480
MAXICLAV 500/62,5MG SACH B/16;8094578;4780
MAXIDEX CY FL/3ML;3065247;1375
MAXIDROL CY FL/3ML;3065253;1890
MAXIDROL PDE OPHT T/3,5G;3198356;3345
MAXIDUS 350MG GEL B/10;8007993;25000
MAXIGRIP PDR SOL BUV SACH B/10;8479605;2495
MAXILASE 200U SIROP 200ML;3434686;10220
MAXILASE 200UI/ML SP F/125ML;3065299;2550
MAXILASE 3000 CPR DRG B/24;3065307;3595
MAXILASE ALPHA 3000U CPR B/30;3477889;5890
MAXILENE LOTION 70ML 1 MOIS D'USAGE;7285572;23785
MAXIM 400MG B/7;8453244;12385
MAXIM 400MG CPR B/5;8453250;9505
MAXIMAG AMP BUV B/30;2264708;4200
MAXIPRIN T.A 500MG 50SAC X 4CP;9010193;1135
MAXISPORIN COLLYRE F/5ML;8001832;1875
MAXMOIST SOL OPHT F/10ML;8497537;3790
MAYBELINE BABY LIPS STICK;9043123;2700
MAYBELINE DR RESCUE ALL IN ONE;3011524;5715
MAYBELINE DR RESCUE BASE COAT;30116210;5715
MAYBELINE FIT ME FDT MAT NUEN 355;31395510;6785
MAYBELLINE BLUSH;9021096;4500
MAYBELLINE CLEAR SMOOTH PDRE;9062422;5400
MAYBELLINE CRAYON;9008291;4500
MAYBELLINE FARD A PAUPIERE;9012973;4500
MAYBELLINE FDT DREAM MAT MOUSSE;90029710;10790
MAYBELLINE FDT SUPERST.24H;9062497;12430
MAYBELLINE FIT ME POWDER;9062451;5400
MAYBELLINE GLOSS;9004502;4500
MAYBELLINE KAJAL LINER;9042773;2850
MAYBELLINE MASCARA;9020547;5400
MAYBELLINE RGE A LEVRE;9036494;4500
MAYBELLINE VERNIS ONGLE;9020688;4500
MEBEN GH 100MG/5ML BUV 30ML;8472075;825
MEBEN GH 500MGCPR CPR B/1;8472081;415
MEBENDAZOL QT 100MG/5ML SP 30ML;8040631;690
MEBENDAZOLE UBI 100MG/5ML SP 30ML;8054277;895
MEBUX 40MG PEL B/30;8084462;3600
MEBUX 80MG CPR PELL B/30;8084479;4285
MECAM 15MG CPR B/10 (MELOXICAM);8098211;3485
MECHE GAZE STERILE 5MX2CM;6606809;2730
MECLON 500/100MG OV VAG B/10;8020321;4850
MEDELA BIB NEEDS+2TET 150ML;4619736;38860
MEDELA BOUTS DE SEIN CONT 2X M;2500001;23125
MEDELA BOUTS DE SEIN CONT X2 L;2500002;23125
MEDELA BOUTS DE SEIN CONT X2 S;2500000;23125
MEDEXA 200 F/100ML;1001875;3055
MEDI-GEL SOL MOUSS F/200ML;8743611;2695
MEDIBRONC SP AD FL/250ML;3466696;3705
MEDIBRONC SP ENFANT FL/150ML;3341658;3110
MEDICAINE 2% SUSP INJ CAPS/1.8ML B/50;8091255;14275
MEDICLAV 100/12,5MG PDR BUV 60ML;8417018;3060
MEDICLAV 1000/125MG PDR SACH/12;8417024;5195
MEDICLAV 500/62,5MG CPR B/12;8417030;3475
MEDICLAV 500/62,5MG PDR SACH/12;8417001;4385
MEDICOLD RELIEF CPR B/20;8081038;1960
MEDICOLD RELIEF SP F/100ML;8081021;2785
MEDICREME T/500ML;3286010;5175
MEDIFLOR SACH N 12 CIRCUL/SANG;3162565;5680
MEDIFLOR SACH N 3 DIGESTIVE;3132854;2320
MEDIFLOR SACH N 5 HEPATIQUE;3132908;2420
MEDIFLOR SACH N 7 LAXATIVE;3399333;7740
MEDIKINET 10MG LM GEL B/28;4948138;14125
MEDIKINET 20MG GEL LM B/20;9001656;18550
MEDIKINET 20MG LM GEL B/28;9481507;20300
MEDIKINET 30MG  GEL LM B/28;2345539;25000
MEDIKINET 5MG LM GEL B/28;5005721;13800
MEDIPASTIL CITRON B/24(MAUX GORGE);8389138;2500
MEDIPASTIL FATIG&IMMUN.PASTIL/24;8389167;2500
MEDIPASTIL GINGEMBRE B/24(GRIP/ENCO;8389144;2500
MEDIPASTIL MENTH B/24(RHUME/TOUX);8389173;2500
MEDIPASTIL ORANG BT/24;8546394;2500
MEDIPASTIL VOCAL BT/24;8389150;2500
MEDOMOL IC 32MG/200MG/30MG GEL B/20;8819225;1435
MEDOMOX 250MG CPR DISP B/12;8716608;1500
MEDOMOX 250MG/5ML BUV F/60ML;8074297;1270
MEDOMOX 500MG GEL B/12;8074044;1410
MEDOMOX 500MG GEL B/500;8074587;31025
MEDOMOX 500MG GEL B/500 PL/10;347519;625
MEDORRHINUM 15 CH D;911204;945
MEDORRHINUM 30 CH D;1911241;945
MEDORRHINUM 30CH GRANULES;911138;1255
MEDORRHINUM 5CH GRANULES;911078;1255
MEDORRHINUM 9CH GR;911813;2060
MEDOSIS CPR B/100;8812915;6300
MEDROL 16MG CPR B/20;3318984;5250
MEDROL 4MG CPR B/30;3065595;2745
MEDRYSONE CY FL/5ML;3173787;1780
MEFENAL 250MG GEL B/20;8019884;1450
MEFENAL SUSP BUV F/150ML(AC.MEFENAM;9003431;1395
MEFLAM 15MG CPR B/10;8749068;2365
MEFOR 1000MG CPR B/60;8438078;3885
MEFOR 850MG CPR B/60;8438061;3775
MEFSAL 15MG CPR SEC B/10(MELOXICAM);8021088;2730
MEFSAL 7,5MG CPR SEC B/10;8021059;1640
MEFX-M 200MG CPR B/10;8085444;6640
MEGACEF 100MG/5ML PDR BUV/60ML;8018330;7535
MEGACEF 200MG GEL B/16;8026625;11120
MEGACEF 40MG/5ML PDR BUV/60ML;8018293;3600
MEGACID CPR A CROQUER B/20;993323;1380
MEGACID SUSP BUV 200ML (ANTACID);8416303;1665
MEGAFER SP F/200ML;8442766;3305
MEGALIS 10MG CPR B/1;8417053;1405
MEGALIS 20MG CPR B/1;8417047;3830
MEGAMAG GELULE B/40;3291699;3650
MEGAMYLASE 3000 CPR B/24;3500370;3745
MEGAMYLASE SIROP FL/125ML;3500387;2600
MEGAMYLASE SIROP FL/250ML;3500393;4790
MEGASFON 150MG/150MG SUPP B/8;1710831;1890
MEGASFON 80MG CPR ORO B/20;1710821;2760
MEGENTAL 80MG AMP INJ IM B/1;9017002;1955
MEGEPIL CPR CHAT B/12 (CONTRACEPTIF;9675679;8460
MEGEST 160MG CPR B/30;8473703;23100
MEGLIMER 2/500MG CPR B/30;8476268;5510
MEILUROXIME 100MG/5ML PDR BUV 60ML;2475476;4270
MEILUROXIME 200MG CPR B/10;8476274;3555
MELA'AURA BAUME PEELING NT F/50ML;8240030;24780
MELA'AURA CONTOUR YX F/15ML;8240009;21260
MELA'AURA CR ANTI-IMP MAT F/50ML;8240047;15945
MELA'AURA CR CLARIF ANTI-TACHES F/50ML;497885;21240
MELA'AURA CR CLARIFIANT ANTI-TACHE NT F/50ML;8240078;21260
MELA'AURA CR SOLAIRE PROTECTRICE F/50ML;8240061;15945
MELA'AURA EMULSION GOMM F/75ML;497830;12995
MELA'AURA HLE DE SOIN ET DE MASSAGE F/100ML;8240016;15945
MELA'AURA LT CORPS CLARIF F/500ML;497786;25370
MELA'AURA LT CORPS HYD F/500ML;497793;12390
MELA'AURA MOUSSE NETT VISAGE F/200ML;8240023;15930
MELA'AURA SAV  EXF ANTI-IMPERF F/100G;8240115;6490
MELA'AURA SAV UNIF AU LT DE CHEVRE F/100G;8240122;6490
MELA'AURA SERUM ANTI-IMPERF MAT F/30ML;8240108;22420
MELA'AURA SERUM CONCENTRE ANTI-TACHES F/30ML;8240085;30090
MELA'AURA SERUM VT C BOOST D'ECLAT F/30ML;8240092;30090
MELA-SOMMEIL B/30 URGO GO ALVITYL;8561948;12980
MELACRON CPR B/30;8393157;5815
MELADININE CPR B/30;3065661;10800
MELADININE FAIBLE SOL FL/24ML (FA);3065678;9225
MELADININE FORTE SOL F/24ML (FA);3065684;10300
MELANGE DIF.FLOWERS 10ML PANAROM;9020582;11200
MELANOV MR 60MG CPR SEC B/30;8060622;6295
MELATONINE 1,9MG CP/40 VALDISPERT;6003897;11630
MELATONINE 1,9MG CPR B/60 SOLGAR;8452308;19370
MELATONINE LP 2MG B/30 ARROW;3023301;10705
MELAXOSE GELEE ORAL POT 150G;9023617;6500
MELCEF 100MG/5ML PDR BUV 60ML;8081239;5265
MELCEF 200MG CPR PELL B/12;8081268;5400
MELCEF 400MG CPR DISP SEC B/6;8081274;5265
MELEX 1MG CPR B/30;8082121;6120
MELIANE CPR PL/1X21;3392182;17820
MELIANE CPR PL/3X21;3392199;41890
MELMET LP 1000MG CPR B/30;8084203;3545
MELONAX 15MG CPR B/10;4215795;4025
MELONAX 7,5MG CPR B/10;4215789;3060
MELOXICAM SP CPR 15MG B/10;8437653;5030
MELOXICAM SP CPR 7,5MG B/10;8434169;3035
MELPRO 100MG/5ML PDR BUV 60ML;8081297;5500
MELPRO 200MG CPR DISP B/10;8081328;6340
MELROX 500MG CPR PELL SEC B/10;8081357;4990
MEMANTINE 10MG CPR B/56 ARROW;2759427;17215
MEMANTINE 20MG CPR B/28 BIOGARAN;2688124;18010
MEME LAIT 1 B/400G (0-6MOIS);1396945;2940
MEME LAIT CROISS.3 B/400G (12-36M);1396968;2940
MEME LAIT DE SUITE 2 B/400G (6-12M);1396951;2940
MEMOBIOL GEL B/30;8385502;11670
MEMOPTIC CHOLINE GINKO CPR 30;9833285;34030
MEMORYL 40MG CPR PELL B/30;8749074;4115
MEN BOOSTER APHRO GEL B/60;8523200;16155
MEN SIZE XL CR D ERECTION F/60ML;8523192;14920
MEN SIZE XL PERF SEXUELLE GEL B/60;8523186;17210
MENE/MOY ADVANCED CREAM 30% B/50ML;7418346;48580
MENE/MOY CLEANCER FACE/BODY 15%;7418369;41170
MENE/MOY CLEANSER SENS SKIN 4%;7418375;34380
MENE/MOY PHYTIC ACID CR 8% P/50ML;7407733;44710
MENE/MOY REVITAL.BODY LOT 15%;7418406;50980
MENE/MOY REVITALIZING GEL 50ML;9530484;32900
MENICARE PLUS SOL LENTIL.250ML;7611965;21650
MENICARE SOFT SOL LENT 360ML;4346971;25140
MENOPUR 75UI PDR+SOL INJ B/5;3568161;99210
MENTHOL LEVO CRIST 100G;7428617;19810
MENTHOLATUM DEEP HEAT AER 150ML;2010020;6475
MENTHOLATUM DEEP HEAT PDE 100GR;2010008;5415
MENTHOLATUM DEEP HEAT PDE 15G;2023933;1455
MENTHOLATUM DEEP HEAT PDE 35G;2010014;3110
MENTHOLATUM PAST B/12;2004700;970
MEPAFLOXIN 750MG CPR B/5(LEVOFLOX.);8020338;8430
MEPHAQUIN COMP B/4;2023011;4710
MEQUI-GH 2,5MG/5ML SP F/60ML;8472098;1695
MERCILON 3X21 CPR;3305214;26860
MERCRYL SOL CUT 125ML;3545680;6390
MERCRYL SOL MOUSS.F/300ML;3535629;14830
MERCURESCEINE AQ. 2% FL. 1 LITRE;2012697;6665
MERCURESCEINE AQ. 2% FL. 125CC;4251;1110
MERCURESCEINE AQ. 2% FL. 250CC;4268;2025
MERCURESCEINE AQ. 2% FL. 30CC;4222;575
MERCURESCEINE AQ. 2% FL. 500CC;4274;3660
MERCURESCEINE SODIQUE PDRE 250G;7428729;25825
MERCUROCHR ALC MODIF.70 200ML;8072200;1630
MERCUROCHR ALC MODIF.90 100ML;8072298;1540
MERCUROCHR BDE ADH.1MX6CM FAC.DECOU;8387777;1405
MERCUROCHR BDE ECO 10CMX6CM B/10;8387783;1000
MERCUROCHR PANS CORICID B/12;8387866;2050
MERCUROCHR PANS ECO B/20;8387760;715
MERCUROCHR PANS MIX B/100;8387843;3085
MERCUROCHR PITCH CPRESS NT DX S/40;8501960;1160
MERCUROCHR SPAR MICRO.2,5CMX5M;8387820;2195
MERCUROCHR SPAR TIS AERE 2,5CMX5M/1;8387814;2195
MERCUROCHROM PANS HYDRO AMP B/6;8387808;1120
MERCUROCHROME S AMP 2CMX5M B/1;8387837;2195
MERCUROCHROME TAMPON INH MENTH B/1;8675364;3655
MERICALM SUSP BUV F/150ML;1238140;7100
MERIDOL DENTIFRICE T/75ML;7434983;7270
MERIDOL SOL BDB F/400ML;9527878;16945
MERITUX TOUX GRASSE SUSP BUV F/150ML;1238133;5565
MERITUX TOUX SECHE SUSP BUV F/150ML;1238164;5565
MEROCLASS 500MG PDRE SUSP INJ B/1;8059369;11050
MEROMENEG 500MG INJ B/1;1402651;10330
MEROMEX 1G PDRE SOL INJ/30ML+AMP SOL V/2;8462556;13775
MERON 4MG CPR B/10;8095483;3680
MERONIA 1G PDRE SOL INJ F/30ML;8087621;24795
MERSUT. RS22 CERCL. 48MM-1/2C 40 CM;2277757;37600
MERSUTURE DEC 3,5 (0) A/RD;90176710;1335
MERZOLE 500MG CPR PELL B/20;1240464;1195
MESNA 200MG/2ML INJ AMP B/3;9875869;9900
MESOPRAL 20MG GEL B/16 (ESOMEPRAZOL;8418621;6300
MESOPRAL 40MG GEL B/16;9003508;6235
MESPORIN 1G AMP INJ IM B/1;8017595;5885
MESPORIN 1G INJ IV B/1;2263666;5885
MESPORIN 2G AMP INJ IV B/1;2267150;11050
MESPORIN 500MG AMP INJ IM B/1;8032399;4160
MESTINON 60MG COMP B/20;3616279;11360
MET XL LP 100MG CPR B/30;8173102;6200
MET XL LP 25MG CPR B/30;8472678;1685
MET XL LP 50MG CPR B/30;8080978;4165
METAFOR 1G CPR B/30;8025838;2135
METAFOR 500MG CPR B/30 (METFORMIN);8025815;1395
METAGARD CR 35MG CPR B/30;8093774;2990
METALZINE 500MG CPR B/20;8497276;1675
METALZINE 50MG/ML SUSP BUV F/100ML;8476831;2000
METAPIR 100MG CPR B/30;8481826;8335
METARECOD SYNDROM META S/40;2019039;26516
METAREN 500MG CPR PEL.B/20;8436441;1490
METAZOLE 125MG/5ML SP FL/60ML;2028310;1080
METCLASS G1 1/500MG CPR B/30;8432118;5280
METCLASS G2 2/500MG CPR B/30;8432124;5910
METCLASS SR 1000MG CPR B/30;8432101;3610
METCLASS SR 500MG CPR B/30;8432093;2550
METEOSPASMYL CAPS B/20;3325406;3280
METEOXANE GELULE B/60;3066933;3075
METFORAL 1000MG CPR B/30;8060852;3445
METFORAL 850MG CPR PELL. B/30;2033570;3185
METFORMIN DENK 1G CPR B/30;8085970;2615
METFORMIN DENK 500MG COMP B/100;2264720;3490
METFORMIN DENK 500MG CP B/30;8090830;1270
METFORMIN DENK 850MG CPR B/30;8090876;2340
METFORMIN DENK 850MG CPR/120;8026482;9285
METFORMIN GH LP 500MG CPR B/100;8434620;2935
METFORMIN GH LP 850MG CPR B/100;8434637;6145
METFORMIN GH SR 1000MG CPR B/100;8434643;7135
METFORMIN PH 1000MG CPR B/30 MYLAN;4912577;6835
METFORMINE 1000MG CPR B/30 BGR;3971833;2095
METFORMINE 1000MG CPR PEL B/90 MYLAN;4912643;5640
METFORMINE 1GR CPR PEL B/30 ARROW;2797439;2065
METFORMINE 1GR CPR SEC.B/90 ARROW;2797497;5510
METFORMINE 500MG CPR B/20 AFRICURE;8467068;1975
METFORMINE 500MG CPR B/30 BGR;3971721;870
METFORMINE 850MG CPR B/30 BGR;3971796;1790
METFORMINE 850MG CPR PEL B/90 MYLAN;4912376;5860
METHERGIN 0,125MG DRG B/30;8088000;3870
METHERGIN AMP INJ 1ML B/3;3066962;1500
METHOTREXATE 100MG/ML 10ML ACCORD;9031551;43600
METHOTREXATE 100MG/ML AMP INJ B/10;9038760;39605
METHOTREXATE 10MG CPR B/10 ACCORD;3015413;7995
METHOTREXATE 2 G ;90377510;747200
METHOTREXATE 2,5MG CPR B/20;3067068;5060
METHOTREXATE 2,5MG/2ML MYLAN;3578337;1650
METHOTREXATE 25MG/0,5ML INJ ACCOR;3011378;5235
METHOTREXATE 25MG/ML INJ B/1 BIODIM;3453972;9835
METHOTREXATE 500MG 20ML B/10FL MERC;5642341;106975
METHOTREXATE 500MG UNIT B/10FL MERC;95486410;9250
METHOTREXATE 50MG/2ML B/10 MYLAN;3578314;25220
METHOTREXATE 50MG/ML ACCORD;9036666;6800
METHYL PREDNISOL 125MG INJ B/1;1934611;4240
METHYL PREDNISOL 40MG INJ B/1;1934621;1460
METHYLDOPA 250 CREAT B/100 BL/10;90175010;600
METHYLDOPA RPG 250MG CPR B/30 ADULT;3399451;2380
METMAX 1000MG CPR LP B/30;8730258;2110
METMIN SR 1G CPR B/30;8448964;2895
METMIN SR 1G CPR LP B/10;8770370;965
METMIN SR 500MG CPR B/30;8448941;1310
METMIN SR 850MG CPR B/30;8448958;2615
METOJECT 15MG/0,3ML SER PRE REMPLIE B/1;6774974;15205
METOPROLOL 100MG CPR B/30 SDZ;3766694;4000
METOPROLOL 100MG CPR B/30 VIATRIS/ MYLAN;3852494;3615
METOPROLOL 50MG CPR SANDOZ B/30;3766688;2975
METRAZOL 500MG/100ML IV F/1;1342461;880
METRIDE 1 1MG/500MG CPR B/12;8435743;5540
METRIDE 2 2MG/500MG CPR B/30;8435766;3805
METRO GH 200MG/5ML SUSP BUV F/120ML;8472106;2480
METRODEX 500MG CPR B/20;8092065;2125
METRODEX PDR SUSP BUV F/100ML;8042328;2205
METRODINE HP 75MG NEC INJ 1 AMP;3361968;20840
METROL 125MG/5ML BUV F/120ML;8430639;1080
METROL 500MG CPR B/20(METRONIDAZOL;8430622;1190
METROL 500MG/100ML IV INJ 100ML;8440750;515
METROLEX-F 400/100MG CPR B/21;8092585;3475
METROLEX-F JR 150/30MG SP/100ML;8092616;2785
METRONIDAZOL 500MG CPR B/300 CIPHAR;8036055;18035
METRONIDAZOL CREAT 500MG CP B/100;8009940;8005
METRONIDAZOL QT 125MG SOL F/100ML;8040683;1145
METRONIDAZOL QT 500MG B/50X10COMP;8040677;22070
METRONIDAZOL UBI 0,5% F/100ML PERF;8054509;1130
METRONIDAZOL UBI 125MG/5ML PDRE SUSP  F/100ML;8054521;800
METRONIDAZOLE 250MG B/20 AFRICUR;8467074;1995
METRONIDAZOLE TM 500MG CPR B/20;8014390;980
METRONIDAZOLE UBI 250MG CPR 100BL10;8054076;16560
METRONYL 125MG SP F/100ML;8012830;1180
METRONYL 500MG CPR B/20;2296795;1500
METROVINCC 125MG/5ML SUSP BUV F/120ML;8830416;1655
METROWIN 500MG SOL INJ F/100ML;8028647;1680
METROZ 500MG B/20;8495136;790
METROZAL 125MG/5ML SUSP BUV F/120ML;8438664;1655
METROZAL 500MG CPR B/20;8426069;2065
METROZAL 500MG OVULE VAG B/10;8438658;1790
MEXIME 100MG/5ML PDR BUV 60ML;8440922;5210
MEXIME 200MG CPR B/10;8440856;5200
MEXIME 40MG/5ML PDR BUV 40ML(CEFIXI;8430645;2840
MEXINE 200MG IM/IV 2ML B/10;8040080;4230
MEZACAR 200MG CPR B/30;8486568;3305
MEZEREUM 5 CH GR;8398410;1135
MEZEREUM 7 CH GR;1487091;1135
MEZOL 400MG CPR B/1 (ALBENDAZOL);8435915;645
MEZOL 400MG/10ML BUV 10ML(ALBENDAZO;8430668;855
MFLOX 400MG CPR B/5;8434867;9645
MG2 PLUS AMP BUV 10ML B/20;2267256;4320
MG2 PLUS MONO BUV SACH B/20;8000063;4310
MG2 PLUS SOL BUV F/250ML;8013953;3600
MGC CAROT CR JR ECLAIRC 50ML;2559869;17010
MGC CAROT LAIT CORP ECL 400ML;2559875;15605
MGC WHITE 255 GEL CORP 75ML;2559929;20130
MGC WHITE 255 LAIT ECL 250ML;2559906;17000
MGC WHITE 255 LAIT ECL 500ML;8355607;26370
MGC WHITE 255 SER A-TACH 50ML;8355613;24510
MIACALCIC AMP INJ 80UI 0,8ML;3222178;32465
MIANSERINE 10MG CP B/30 ARROW;3583479;3770
MIANSERINE 10MG CPR B/30 MYLAN;3342379;3810
MIANSERINE 30MG BIOG B/30;3586704;6625
MIANSERINE 30MG CP/30 (ATHYMIL)ARRO;3583491;5310
MIANSERINE 30MG CPR B/30 MYLAN/VIATRIS;90026810;6180
MIANSERINE 60MG CPR B/14 BGR;3586319;2680
MIANSERINE SDZ 30MG CPR B/30;3661854;5950
MICARDIS 40MG COMP B/30;3777611;7530
MICARDIS 40MG CPR B/90;3777628;22725
MICARDIS 80MG CPR B/30;3777634;9840
MICARDIS 80MG CPR B/90;3777640;22725
MICARDIS PLUS 40/12,5MG CPR B/30;3777657;8740
MICARDIS PLUS 40/12,5MG CPR B/90;3777663;22450
MICARDIS PLUS 80/12,5MG CPR B/30;3777686;8450
MICARDIS PLUS 80/12,5MG CPR B/90;3777692;22865
MICARDIS PLUS 80/25MG BT/30;3852703;11250
MICAZOLE GEL ORAL T/20G;8091628;1475
MICFOX 100MG CP DISP B/10;5877618;1600
MICFOX 100MG/5ML PDR BUV 60ML;5920464;2065
MICFOX 200MG CPR B/10;5929598;3635
MICOLAR 2% GEL T/15G;1304469;4130
MICONAZ 2% GEL ORAL T/20G;1856361;1930
MICONAZ 400MG OVULE B/3;8150514;2755
MICOZAL 2% CREME T/15G;8254734;1795
MICROFLOX 500MG CPR B/10;8027323;2130
MICROGYNON FE CP ENR PL/1X28;8070129;620
MICROLAX AD GEL RECT.5ML B/12;3496881;13065
MICROLAX AD GEL RECT.5ML B/4;3496875;7275
MICROLAX BB GEL RECT.3ML B/4;3544545;7810
MICROMOX 400MG CPR SEC B/15;8053013;10495
MICROPAKINE 100MG LP GLE  SAC30;3655115;4570
MICROPAKINE LP 250MG GEL S B/30;3655121;9980
MICROPAKINE LP 500MG SACH/30;3655138;19660
MICROPIME 1G PDR INJ B/1+SOL 10ML;8023905;5500
MICROPORE 1530/3 SPARA 25MMX5M;7078264;1170
MICROPUR MT1 CPR ANTI-DES EAU B/5;7309752;9250
MICROPUR MT1 CPR B/100;7612019;12540
MICROVAL CPR PLQ 1X28;3220067;2895
MICROVAL CPR PLQ 3X28;3220073;5480
MIDAZOLAM 1MG/ML AMP B/10 AGT;5648711;20660
MIDAZOLAM 5MG/1ML AMP 10ML B/10 AGUET;9568788;22715
MIDAZOLAM 5MG/ML AMP 1ML/10 VIATRIS;206461;16485
MIDAZOLAM 5MG/ML INJ B/10 PANPH;5652196;14845
MIDAZOLE 500MG INJ PERF P/1;8007970;1340
MIDODRINE 2,5MG CPR B/30ARROW;193532;6605
MIFEGYNE 200MG CPR B/3;3651347;94930
MIFLASONE 100MCG PDRE INH GEL60;3484553;3300
MIFLASONE 200MCG PDRE INH GEL60;3484582;6575
MIFLASONE 400MCG PDRE INH GEL60;3565955;11725
MIFLONIL 400MCG GEL B/60;3585633;18280
MIGRALGINE GELULES B/12;3434874;2165
MIGRETIL CPR B/20;2263086;2635
MILICOLI SOL ORAL BID 1L;9025160;8025
MILICOLI SOL ORAL BID 5L;1115350;30240
MILTON COLOUR ME F PINK EDP F/50ML;8334485;4180
MILTON CPR EFF B/28;6607370;3665
MIMPARA CPR PELL B/28;1191108;264730
MINERVE CERVIX 4 T2 BLEU/VERT VELP;4661655;41190
MINERVE PHARNEA MINI T/2;7042042;41855
MINIDRIL CPR PLQ B/21;3182390;1980
MINIDRIL CPR PLQ B/3X21;3182409;5415
MINIMARTIENS CPR B/30;8347536;6000
MINIMARTIENS SP F/150ML;8347542;6000
MINIRIN SPRAY NAS 2,5ML;3305504;26980
MINIRINMELT 60MCG LYOPH ORAL B/30;3693104;20695
MINOXIDIL BAIL 2% F/60ML;2792614;5580
MINOXIDIL BAIL 2% S A CUT 60ML  F/3;6359864;30500
MINOXIDIL BAILL 5PC FL 60ML;6891203;7050
MINOXIDIL BAILL.5% SOL F/3X60ML;3689137;63475
MINOXIDIL CPF 2% COFF 60ML B/3;3024331;20610
MINOXIDIL CPF 5% COFF 60ML B/3;3018030;23695
MINOXY SOL BUV GTT F/15ML;8380924;1225
MINZMIX GOLG 1KG;11014;4260
MIOREL 4MG GELULE B/12;3339874;3240
MIOREL 4MG/2ML INJ AMP B/5;3690956;3625
MIPROGEN 200MG CAPS MOL B/30;8458715;6200
MIRA TONG CLIN GRATTE LANGUE;8424797;6000
MIRACLES KORA GEL BAIN GOMM F/450ML;8749370;5500
MIRACLES KORA GEL BAIN LUM F/450ML;8749387;6050
MIRACLES KORA LAIT LUMINESCENT F/350ML;8749393;6600
MIRACLES KORA SAV SURG GOMM PAIN/200G;8749401;2200
MIRACLES LAIT CLA AHA UV 350ML;2474304;4150
MIRACLES LAIT LUM AHA UV 350ML;2474306;6220
MIRADENT MIRA WHITE GELEE F/100ML;8424834;10500
MIRAFLUOR C T/100ML MIRADENT;6300832;2190
MIRCERA 50MCG/0,3ML SERING;3815145;80735
MIRCERA 75MCG/0,3ML SERING;3815151;79270
MIRMAL 80MG/480MG CRP B/6;8816534;2100
MIRTAZAPINE 15MG CPR B/30 BGR;3767386;3400
MIRTAZAPINE 15MG CPR B/30 MYL;7726313;4740
MISIQUIN 40/320MG CPR B/9;8428401;3075
MISIQUIN 40/320MG CPR PEL B/12;8437601;3475
MISOFAR 200MG CPR B/4;8471437;6375
MISOFEM 200MCG CPR B/4 (CYTOTEC);8444044;1005
MISS EDEN CR NUIT 50ML;9019159;8880
MITHRA GEL LUBRIF GYNECO T/40ML;6489396;3650
MITOMYCINE 10MG INJ B/1;4310016;41800
MITOSYL POM T/150G;3307532;3785
MITOSYL POM T/65G;3068027;2260
MIX-O 200MG/500MG CPR B/10;8816735;1995
MIXA BB BAUM CALM.ATOP.250ML;8556412;3330
MIXA BB LAIT 100ML;40128410;1105
MIXA BB LAIT F/250ML;2271654;2530
MIXA BB LAIT F/300ML;1786661;3840
MIXA BB LAIT TOILETTE F/400ML;8518268;3465
MIXA BB SH DEMEL.KARITE 300ML;1786641;3740
MIXA BB SH F/250ML;6077067;2990
MIXA BB SHP NORMAL F/300ML;1786651;5020
MIXA CICA REP 10EN1 F/150ML;1250777;6420
MIXA CR CERAMIDE F/400ML;1878271;7505
MIXA CR MAIN A/DESS.PROT.100ML;8224986;5015
MIXA CR MAIN ABIM.REPAR.100ML;2271714;4180
MIXA CR MAIN SURG 30% GLYC 100ML;9999152;3950
MIXA CR PANTHENOL F/400ML;1832941;7835
MIXA CREME CICA REPARATION 400ML;5080831;7530
MIXA DCHE HUILE ATOPIE 750ML;5089453;5475
MIXA DEO ANTI TRACE SPR T/150ML;8518297;3000
MIXA EAU MICELL PHYSIO APAIS 400ML;9689693;3950
MIXA EAU MICELL PHYSIO PURIF 400ML;8556464;3425
MIXA ECLAT L BEAUTE 250 ML;2476590;4335
MIXA ECLAT LT CORPS F/230ML;1819041;3300
MIXA EPS CR VIS HAD PS 100ML;8145376;3250
MIXA EPS LAIT APAIS INTER F/250ML;6000422;2790
MIXA EPS LAIT REPARATEUR 400ML;18632;5090
MIXA EPS TONIQ HYD APAIS 200ML;8145353;2990
MIXA GEL NETT A IMPERF.150ML;1158334;5335
MIXA GEL NETT ANT-SECH F/150ML;1250784;5335
MIXA GEL NETT VIT C F/150ML;1158433;5335
MIXA HLE ANTI VERGETURE F/100ML;7222910;10170
MIXA INTENS LAIT PS (COR+GLY) 400ML;8319250;7660
MIXA INTENS.GEL AMINC.EXPR.125ML;6005501;15030
MIXA INTENS.LT RAFF.250ML BLANC;9005045;6040
MIXA INTENSIF LAIT DCHE PS 200ML;90115910;7250
MIXA IPS BAUM EF.PANST 300ML;8145330;3950
MIXA IPS CERAMIDE F/400ML;1819081;6980
MIXA IPS CERAMIDES F/250ML;8780055;5590
MIXA IPS CICA REPAR F/400ML;1819091;8000
MIXA IPS LAIT ALLANT.250ML PES;2275416;3370
MIXA IPS LAIT ANTI IRRIT.250ML;8145324;3550
MIXA IPS LAIT COR.PS (COR+GLY)250ML;82249710;6940
MIXA IPS LAIT CORP SAT HYPO KARITE 250ML;8145318;5060
MIXA IPS PANTHENOL F/250ML;7021732;5725
MIXA IPS PANTHENOL F/400ML;1819071;7420
MIXA LAIT BEAUTE  NUTRITION 250ML;92830710;2140
MIXA LAIT BEAUTE  NUTRITION 375ML;2938;5535
MIXA LAIT BEAUTE 400ML;8379967;5535
MIXA LAIT BEAUTE CORP 100ML;41335;1065
MIXA LAIT BEAUTE DCEUR 250ML;8379950;2260
MIXA LAIT BEAUTE DCEUR 400ML;8158054;3170
MIXA LAIT BEAUTE HYD CORP 250ML;8316211;2140
MIXA LAIT BEAUTE HYD CORP 400ML;8379996;4570
MIXA LAIT CICA REPAR 250ML;1878251;5340
MIXA LAIT CORP ALLANTOINE 400ML;9018289;4845
MIXA LAIT CORP ANTI-DESS.250ML PS;422710;3815
MIXA LAIT CORP ANTI-DESS.400ML PS;50964610;5080
MIXA LAIT CORP APAIS.250ML PSS;6000426;3030
MIXA LAIT CORP FL/250ML;8224911;2060
MIXA LAIT CORP REPARAT.250ML PES;42211;5900
MIXA LAIT CORP REPARAT.400ML PES;5096499;5080
MIXA LAIT CORP SATINANT 250ML;8246769;4340
MIXA LAIT CORP SATINANT 400ML;5508128;4850
MIXA LAIT DEMAQ ANTI-IMPERF 200ML;8556458;2910
MIXA LAIT DOUCEUR 100ML;41430;1065
MIXA LAIT DOUCEUR 400ML;99941510;3170
MIXA LAIT FRAICH.250ML;8224928;2260
MIXA LAIT FRAICH.CORP 400ML;8380002;3295
MIXA LAIT FRAICHEUR 100ML;8397965;1065
MIXA LAIT NUTRITION 100ML;8397959;1065
MIXA LOTION A IMPERF FL/200ML;5500546;3340
MIXA LT AD CPS NUTRITION 375ML;8158048;4710
MIXA NIACINAMIDE CR POT/400ML;1164458;8170
MIXA PACK BEAUTE;2471577;10235
MIXA PANTHENOL CR F/400ML;7515517;7835
MIXA PX S& SENSIBLE CR P/400ML;1020457;6940
MIXEL 100MG/5ML SUSP F/60ML;1255338;6200
MIXEL 200MG GEL B/10;1255321;5510
MIXIN 200MG CPR B/10;8816528;4515
MIZOLE 2% CR T/15;8445463;1790
MIZOLGAN 500MG CPR B/20 (METAMIZOLE;9001633;1270
MIZOLGAN A INJ 2,5G/5ML B/5;9001656;2615
MKL  GEL DCHE BIO 1L DANESSE;1799481;6060
MKL CR VISAGE ANTI-RIDES BIO;1799371;6750
MKL DEO 50ML BIO ALOE VERA;1799401;5995
MKL-MASQUE VIS HYDR ET REGENERANT;9018036;4500
MKL-MASQUE VIS TENSEUR COUP D'ECLAT;9029956;4500
MKL-MASQUE VISAGE MATIFIANT;9050181;4500
MKLDEO 50ML BIO FL ORANG;1799391;4640
MO-FLOREN CY F/5ML (MOXIFLOXACIN);8050782;3625
MOBIC 15MG CPR B/10;3389056;5810
MOBIC 15MG CPR SEC B/14;3389062;5930
MOBITIL 15MG CPR B/10;8058080;3815
MOBIWELL SOUTIEN ART CPR B/60;1255871;12005
MOCLAMINE 150MG COMP BT/30;3332493;8585
MODAFINIL 100MG CPR B/30 MYLAN;3015165;35350
MODAMIDE 5MG COMP B/30;3150208;4275
MODECATE 125MG INJ 5ML B/1;3121454;8860
MODECATE 25MG INJ AMP 1ML B/3;3121460;6205
MODIODAL 100MG CP B/30;3346466;60520
MODOPAR 125MG CPR DISP.B/60;3331312;11260
MODOPAR 125MG GEL B/60;3170429;6560
MODOPAR 125MG LP GEL B/60;3298537;9465
MODOPAR 250MG GEL.B/60;3170487;10445
MODOPAR 62,5MG GEL B/60;3240762;5750
MODUCREN CPR SEC B/30;3220937;5265
MODULITE GRAN SACH B/10;3220044;1945
MODURETIC 5/50MG CPR SEC B/30;3149240;1820
MOJO EDPV H N10 F/83ML;2920461;10000
MOLGAM 100MG CPR B/20;8422812;1750
MOLGAM 200MG CPR B/20;8422806;2895
MOLICARE JOUR T3 L P/20;7101224;12555
MOLICARE PRE MOBILE SLIP 6GTTES XL/14;8563955;18720
MOLICARE PRE MOBILE SLIP 8GTTES M/14;8563949;13000
MOLICARE PREM EXT MED.P/30;4892432;16710
MOLICARE PREMIUM MOBILE SLIP 8GTTES L B/14;8563926;15430
MOLINARD NIRMALA EDPV75ML;1373527;40705
MOLIPANTS SOFT SLIP FILET AD T2 B/3;8396581;2275
MOLIPANTS SOFT SLIP FILET AD T3 B/3;8396598;2885
MOLSIDOMINE 2MG BIO CPR B/30;3555419;2885
MOLSIDOMINE BIO 4MG CPR B/30;3555431;3550
MOLUSDERM SOL CUT F/3G;1684479;22900
MOLVIT C 500MG CPR CROQ B/100;8085355;5605
MOM CYP SP F/200ML;8515502;3955
MOMETOX CR 15G;1424361;2550
MOMEX 50MCG SUSP PULV NAS.140DOSES;8454367;8610
MOMRAZONE 0,1% CR T/30;8484457;3445
MON BIJOU SECR-BOUGIE BIJOU ZESTE D'AGRUMES-PARF ARG+ 1 BRACELET ARGENTET;8228984;21145
MON BIJOU SECR.BOUG BIJ FLEUR DE VANILLE-PARF  FLEUR DE VANILLE+ 1 COLLIER ARGENTE;8001430;21145
MON ETOILE GEL DCHE ECL F/260ML;8666193;3000
MON ETOILE HL ECL F/60ML;8666187;3000
MON ETOILE LAIT ECL F/260ML;8666170;7495
MON ETOILE SAV NOIR MIEL P/520G;8666164;9990
MON ETOILE SAVON BIOMEDICAL 200G;2020018;2500
MON ETOILE SAVON ECLAIRCISSANT;1918273;2500
MON ETOILE SAVON NOIR MIEL 500G;2020024;10305
MONAAMI CPR B/20;8099647;2785
MONAST 10MG CPR PELL B/30;1585701;10750
MONAZOL 300MG OVULE B/1;3419521;4020
MONICOR LP 20MG GEL B/30;3279296;3270
MONICOR LP 40MG GEL B/30;3286480;5580
MONILIA ALBICANS GRLS 9CH;491104;1390
MONO TILDIEM LP 200MG GEL B/28;3357228;7120
MONO TILDIEM LP 200MG GEL B/84;3722981;22720
MONO TILDIEM LP 300MG GEL B/28;3357211;9400
MONO TILDIEM LP 300MG GEL B/84;3722998;14185
MONOJECT LANCETTE PRE/SANG B/200;7020112;22365
MONOKETO 0,25MG/ML CY 60UNID/0.4ML;2221461;10135
MONOPROST 50MCG CY B/30 UNIDOSES;2673826;11850
MONSAVON GEL DCH PASSION 300ML;8157439;2800
MONSAVON GEL DCHE AMD. DCE 300ML;8157451;2400
MONSAVON SAV.LT AMD. DCE 100G;8173711;670
MONSIEUR GELULES B/10;8560773;19155
MONT BLANC EXPLORER EDPV 100ML+7,5ML +DEO STICK;9015612;60785
MONT BLANC LEGEND EDTV 100ML+7,5ML +75G;18540310;57695
MONT BLANC LEGEND SPIRIT EDT50ML+GEL DCH 100ML;6382261;36060
MONTA PLUS 5MG/10MG CPR B/10;8436257;4135
MONTAS 10MG CPR B/28;8467890;13090
MONTAS 4MG CPR B/28;8467878;5235
MONTAS 5MG COR PELL B/28;8467884;6545
MONTEC 10MG CPR B/14 (MONTELUKAST);8022366;8435
MONTEC 5MG CPR B/14;8022314;4440
MONTULAR 10MG CPR B/30;8486580;6060
MONURIL 3GR SACH B/1;3320923;7055
MOPRAL 10MG GEL B/14;3413004;3570
MOPRAL 10MG GEL B/30;4052460;8510
MOPRAL 20MG GEL B/14;3408121;5240
MOPRAL 20MG GEL B/30;1859015;9270
MOPRALPRO 20MG CPR B/14;3753266;28595
MOPRALPRO 20MG CPR B/7 (OMEPRAZOL);3753243;16900
MOPRAZ 20MG CPR B/30;8074742;5700
MORCET 10MG CPR B/14;8498726;5840
MORINGA 445MG GEL B/100;2474911;8435
MORINGA OLEIFERA PDRE POT/30G;8391282;2500
MORINGA OLEIFFERA PDRE 25GR;8325718;2500
MORINGA POMMADE CHEVEUX;9062356;1500
MORINGA POMMADE CORPS;9062310;2000
MORINGA POMMADE MASSAGE;90623410;2000
MORINGA SAVON 125GR;9062327;2000
MORINGA SM BIO GEL B/100;4716758;7175
MORINGA SM BIO PDR B/50G;4716764;7175
MORKING 10MG/10MG CPR B/30;1238300;3445
MORPHINE CHLORHYD.1% INJ B/10 UNITE;3116453;1200
MORPHINE SULFATE 30MG COMP UNITE;1005400;1670
MORTIN 960MG COMP B/10;8010044;1255
MOSCONTIN 10MG LP CPR UNITE(MORPH.S;3286971;550
MOSCONTIN 30MG CPR UNITE(MORPH.SULF;3286988;2110
MOSITON 40MG/240MG CPR B/12;8809899;2285
MOSITON 80MG/480MG CPR B/6;8809907;2285
MOSQUITO NET 60X235X1000CM;2049373;15215
MOTILIUM 10MG COMP B/40;3234112;3360
MOTILIUM 1MG/ML BUV FL/200ML;3234098;2700
MOTRICIT 400 BTE 20 CP;6971673;5655
MOUCHOIR LOTUS BLANC P/100;7294996;800
MOUCHOIR STERILUX BLANC B/100;6559636;1165
MOUNJARO  10MG STYLO PR ER/2,5MLKWIKPENML;292945;531645
MOUNJARO  2,5MG STYL  RER/2,5ML  KWIKPEN;292907;182600
MOUNJARO 5MG KWIKPEN STYLO B/1;292914;246200
MOUNJARO 7,5 MG KWIKPEN STYLO B/1;292938;347600
MOUSTI K.O Z.TROP/INFEST 100ML;4236171;6450
MOUSTICARE A/MOUST.HABITA SPR 500ML;4788172;7950
MOUSTICARE BRACEL.A-MSTIQ BLANC;8318204;2535
MOUSTICARE BRACEL.A-MSTIQ NOIR;8318210;2805
MOUSTICARE BRACEL.A.MOUSTIQ;4483751;2820
MOUSTICARE SAV ANTIMOUST. PAIN 100G;8156368;3390
MOUSTICARE SPR FAM T ZON FL/125ML;2069881;5870
MOUSTICARE SPR ZONE INFEST.75ML;8318233;4605
MOUSTICARE SPR ZONE TEMP.50ML;5137318;3890
MOUSTICARE VET TISSUS SPR 75ML;2028296;3890
MOUSTIDOS SPR REPUL ICAR F/100ML;1004750;6520
MOUSTIDOSE COMPRESS CALM S/8;4791694;2440
MOUSTIDOSE CR AD 50ML (A/MOUSTIQ);7060471;3195
MOUSTIDOSE CR BB/ENF 50ML(A/MOUSTIQ;7060488;2675
MOUSTIDOSE CR SOIN CALMANT F/40ML;6041037;3390
MOUSTIDOSE ESS.CITRON.SPR 30ML;6044235;4340
MOUSTIDOSE FL REP.HYD SPR 125ML(LAI;4791731;6350
MOUSTIDOSE GEL APAIS PIG ROLL-ON 15ML;8656214;3780
MOUSTIDOSE LAIT REP. 50ML 6M+;8333497;4265
MOUSTIDOSE LAIT REP.125ML 6M+;8678813;8355
MOUSTIDOSE LOT BB/ENF 100ML;7060465;3910
MOUSTIDOSE LOT REP.INF.SPR 125ML;4791719;5735
MOUSTIDOSE LOT REP.INF.SPR 50ML;4791702;4060
MOUSTIDOSE SOIN CALM.GEL 40ML PS;4791725;3960
MOUSTIDOSE SOIN CALM.ROL ON 15ML;1494071;4820
MOUSTIDOSE SPR REP ACT VEG F/100ML;6041075;9015
MOUSTIDOSE SPR ZONE INF F/100ML;1718391;7020
MOUSTIDOSE SPR ZONE TRES INF F/100ML;1718401;6865
MOUSTIQ.IMPREG.1PLACE;9004985;5200
MOUSTIQ.IMPREG.2PLACES;2273452;5400
MOUSTIQ.IMPREG.3PLACES;9031232;6850
MOUSTIQ.IMPREG.BERCEAU;2273446;5400
MOVCOL 13,125 PDRE SUSP BUV B/10;8483297;4130
MOVICOL PDR BUV AD S AROM B/20;9476534;17545
MOVICOL PDR BUV CHOCOLAT S/20;4947682;15945
MOVICOL PDR BUV S/20 CITRON;4947653;11510
MOVICOL PDR BUV SACH-DOS ENF B/20;3640970;6940
MOVIPREP PDR SOL BUV S B/4;3788164;10300
MOXIFLOX 400MG CPR B/5(MOXIFLOXACIN;8430763;10870
MOXIFLOX GH 400MG CPR B/10;8472158;11020
MOXILAND 1G/125MG PDRE SUSP BUV SACH B/16;8474594;6970
MOXILAND 1G/200MG PDRE SOL INJ B/1;8495550;2205
MOXILAND 500/62.5MG PDRE SUSP BUV SACH B/16;8474602;4975
MOYAH SAV ECLAIRCISS GOM 200G;8616597;2500
MOYAH SAV EXTRA GOM PAIN 200G;8616545;2500
MOYAH SAV HYDRATANT 200G;8616700;2500
MOYAH SAV NETTOYANT 200G;8616640;2500
MRITIZ 5/10MG CPR ENR B/10;8467507;2550
MUCAL SACH B/15;3245831;1695
MUCAL SACH B/30;3245848;2845
MUCOCIL AD SP F/125ML;8077864;1720
MUCOCIL AD SP F/300ML;8080820;3100
MUCOCIL ENF SP F/125ML;8080837;1720
MUCODRENOL 6MG/ML SP F/200ML;8054610;2630
MUCOFLUIDINE SP F/100ML;8388475;2000
MUCOGYNE GEL VAG.T/40ML;7126968;4980
MUCOGYNE OVULE VAGINALE B/10;3991007;19970
MUCOLEX 250MG/5ML SP F/125ML;8062555;2135
MUCOLEX JR 125MG/5ML SP 100ML;8092622;1865
MUCOMYST 200MG PDRE SACH B/18;3406518;2605
MUCOPAIN GEL BUCCAL T/15G;8059820;1035
MUCOSOL AD 5% SP F/200ML;2028161;3775
MUCOSOL ENF 2% SP F/200ML;2028184;2930
MUCOVENT PLUS SP F/100ML;8010297;1310
MUGLER A MEN EDT RECHARGE 100ML;1866552;38000
MUGLER ALIEN EDTV 60ML;2810010;44020
MUGLER ALIEN MAN EDTV 50ML + SH 50ML;1677408;40180
MUGLER ANGEL EDT 25ML+EDP10ML+LT50ML;6140417;50065
MUGLER WOMANITY EDPV 50ML RESS.;1677437;43000
MUKESTA 150MG CPR B/4;8015372;2870
MUKESTA 200MG CPR PELL SEC B/10;8077522;4025
MUKESTA 50MG CPR B/10;8015320;2125
MULTICAL PLUS 100 SACH B/10;8012008;5115
MULTIGARD M FORTE CAPS B/30;8831338;3455
MULTISTIX 8SG B/50 BANDEL.;3228904;51090
MULTIVET BOLUS B/50;90219510;11360
MULTIVITAMIN PLUS 100G KEXING;26962;4260
MULTIVITAMINE MULTI-G CPR EFFV T/20;8454290;2835
MULTIZEN CPR EFF B/12;1118241;4160
MUMFER CPR CROQ B/30;4032250;3155
MUMFER SIROP F/150ML;2292159;2990
MUSA 200MG GEL B/30;8484552;6890
MUSCOFLEX 4MG GEL B/20;8445813;6200
MUSTEL LINIMENT 400ML;8703324;7930
MUSTELA  HLE VERG F/105ML;1475211;8150
MUSTELA BB CR CHGE 123 F/100ML;1220941;7370
MUSTELA BB CR CHGE 123 F/50ML;7342287;3720
MUSTELA BB CR CHGE BIO F/75ML;1874041;8900
MUSTELA BB CR NOURRIS.40ML COLD CR;1236420;5520
MUSTELA BB CR SOL INTOL SPF50 50ML;4208246;7665
MUSTELA BB GEL LAV SURG 300ML;5443736;8140
MUSTELA BB HUIL MASS SPR 100ML;1549391;8160
MUSTELA BB LAIT TOIL.200ML PS;6148726;5040
MUSTELA BB LAIT TOIL.500ML PS;6051820;7245
MUSTELA BB LING.AP.CHGE/70;7993783;4820
MUSTELA BB MUSTI EDS F/50ML;6016634;6120
MUSTELA BB PHYS.LINGET.VIS S/25;9698628;4030
MUSTELA BB SAV SURG 100G PS;1549451;2950
MUSTELA CICA CR REPAR 40ML;8703334;5470
MUSTELA HLE VERGET F/105ML;6443951;11210
MUSTELA KIT HYDRA MUSTI BLEU;14424810;18000
MUSTELA KIT HYDRA MUSTI ROSE;1442471;18000
MUSTELA KIT PA STELATOPIA;12736010;18200
MUSTELA KIT PN HYDRA BB;1273591;18130
MUSTELA KIT SAVON;1416771;7130
MUSTELA KITS JOIE;1498181;16900
MUSTELA LINGETTES COTON B/60;1567081;5180
MUSTELA LINGETTES NET BIO B/60;8703786;4820
MUSTELA LT PN SS RINC F/500ML;8703470;9140
MUSTELA LT SPF50+ F/100ML;8704060;15060
MUSTELA MATERN.BAUM HYD AP.200ML;6443945;5300
MUSTELA MATERN.GEL FERM.CORP 200ML;6443939;8375
MUSTELA MATERN.GEL JBE LEGERE 125ML;6443299;4370
MUSTELA MATERN.HUIL.PREV.VERG.105ML;6443276;6690
MUSTELA MATERN.SER.CORR.VERG.75ML;6443282;6085
MUSTELA MATERN.SER.FERM.BUST.75ML;6443247;5340
MUSTELA MM BAUME ALLAIT T/30ML;8703448;7760
MUSTELA MM CR VERG F150ML;1475201;12010
MUSTELA MUSTI COFFRET FILL 2018;1302677;11230
MUSTELA PA STE HLE LAV F/500ML;1475231;11580
MUSTELA PA STELA CR BIO F/150ML;1874051;10560
MUSTELA PA STELATO G LAV F/500ML;1475221;10450
MUSTELA PANIER JOY;8153134;38535
MUSTELA PANIER MOMO ROSE;8162073;39500
MUSTELA PANIER VICTOIRE BLEU;1498161;39850
MUSTELA PANIER VICTOIRE ROSE;1498171;39850
MUSTELA PN BB BAIN MSSE EVEIL 750ML;1549351;13250
MUSTELA PN BB CR HYDR VIS 40ML;7039531;5370
MUSTELA PN BB EAU RAFR/COIF 200ML;8177927;5475
MUSTELA PN BB GEL NETT.2/1 200ML;1549341;5580
MUSTELA PN BB HYD CORPS F/500ML;8704004;12100
MUSTELA PN BB SHP DOUX F/200ML;6284843;4375
MUSTELA PN EAU DE SOIN 50ML;1565571;7370
MUSTELA PN EAU NETT.300ML;7407845;7490
MUSTELA PN EAU RAFR COIF F/200ML;1549371;6930
MUSTELA PN EAU SS RINC F/500ML;1886811;13870
MUSTELA PN GEL LAV AVOCAT 500ML;87034010;7020
MUSTELA PN GEL LAV NO CC F/300ML;1549431;8820
MUSTELA PN GEL LAVANT 750ML;1543851;12020
MUSTELA PN GEL LAVANT DX 500ML;1549381;9910
MUSTELA PN HYD LAIT CORP 500ML;1549411;10990
MUSTELA PN LAIT DE TOIL F/750ML;1685281;13410
MUSTELA PN LAIT HYDR CORP 300ML;7575206;10290
MUSTELA PN LAIT HYDRA CORPS 750ML;1543871;14620
MUSTELA PS GEL LAV ABEIL.500ML;8703422;8080
MUSTELA PS HUILE LAV 500ML;1475251;13150
MUSTELA PS LAIT NOUR CC 200ML;8703221;7390
MUSTELA SH CR NOUR F/200ML;8704345;7670
MUSTELA SHP DOUX F/200ML;1549421;4870
MUSTELA SHP DOUX F/500ML;1550431;7870
MUSTELA SOIN LT CROUTE F/40ML;1549591;5560
MUSTELA STELATO G.LAV 200ML;8703363;8940
MUSTELA STELATO LAVANT 500ML;8703364;9630
MUSTELA STELATOPIA CR BIO F/300ML;1780751;20260
MUSTELA STELATOPIA CR EMOLL.200ML;8703352;10650
MUSTELA STELATOPIA CR LAV.200ML;9673373;8105
MUSTELA STELATRIA CR REP.BB 40ML;4893638;5990
MUXOL SOL BUV FL/180ML;3302434;3335
MY BABY HLE DE MASSAGE F/110ML;8686209;845
MY BABY LINGETTE ENF PAQ/80;8703528;1155
MY BABY LT DE TOILETTE F/365ML;8686149;1080
MY BABY LT DE TOILETTE F/755ML;8686155;1695
MYCO APAISYL CREME TB/30G;3517614;9660
MYCO APAISYL PDRE FL/20G;3517637;8020
MYCODERME 1% CR T/40G;8090764;1720
MYCODERME 150MG OV B/3;8088589;2700
MYCOFLU 150MG GEL B/4(FLUCONAZOL);8424320;4440
MYCOHYDRALIN 200MG CP VAG.B/3;4939866;10920
MYCOHYDRALIN 500MG CPR VAGINAL/1;2796581;13180
MYCOHYDRALIN CREME T/20G;3419478;9230
MYCOLEX 2% CR T/20GR (MICONAZOL);8090391;1200
MYCOSTATINE SUSP BUV F/24ML;3517904;2430
MYCOSTER 1% POUDRE FL/30G;3412482;4875
MYCOSTER 10MG/G SHP F/60ML;3686400;5150
MYCOSTER 8% S.EXT+PINCEAU 3ML;3341894;13940
MYCOSTER CREME DERM T/30G;3255746;4105
MYCOSTER SOL LOC F/30ML;3304114;4050
MYCOTRAX 100MG GEL B/4 (ITRACONAZOL;8436139;4165
MYCOTRIX CR T/50G;8703480;3270
MYCOVA 100MG CPR B/10;8471868;2065
MYCOVA 50MG/5ML SUSP BUV 60ML;8471874;2340
MYCOXIB 90MG CPR B/30;8475406;5510
MYDRIATICUM 0,5% CY F/10ML;3069498;2040
MYELOVAX FL 1000DOSES;9038116;19780
MYFIX 100MG/5ML PDRE PR SUSP BUV F/60ML;8475464;2755
MYFIX 200MG CPR B/10;8475369;4135
MYGRIPP CPR B/100(25X4);2475327;6200
MYLEUCA SOL LAV DOUCE FL/250ML;4369096;8810
MYLEUGYN LP 150MG OVULE B/1;3746527;2920
MYNOCINE 100MG GELULES B/15;3411689;8610
MYNOL 2,5G/5ML SOL INJ B/20;2472636;5600
MYOCALM C CP B/30;1650801;6460
MYOCALM CPR CONTRACT MUSCUL B/30;3525720;6500
MYOCALM SPR F/100ML;1264051;8520
MYOFEN 200/250MG GEL B/30;1451121;4130
MYOLAX 4MG CPR B/12;8068925;2040
MYONIT SR 2,6MG CPR B/30;8098671;3930
MYONIT SR 6,4MG CPR B/30;8098688;5065
MYOXERIL 10MG CPR B/20;8477977;3995
MYSPA  BEUR KARITE MANGUE EXOTIQ 200ML;9021765;26200
MYSPA ATTIR MAGNETIQ GOM.ECLAT 50G;469102;36430
MYSPA BEUR KARIT FEUIL VERT. 200ML;469029;28850
MYSPA BEUR KARIT SAKURA 200ML;4691822;26200
MYSPA BEUR KARIT SANT AMBR 200ML;4690672;26200
MYSPA BEUR KARIT.VANILLE 200ML;469028;26200
MYSPA BEUR.KARIT.MIEL CALIS.200ML;469075;26200
MYSPA BEUR.KARIT.PASS.200ML;469026;26200
MYSPA COFFRET CORP BEST SELLER;4692027;28850
MYSPA COFFRET VIS&CORP CELEST;4692010;43300
MYSPA CR ABS.PERF.CAVIAR 50ML;469106;55555
MYSPA CR CELESTE 50ML;469131;47320
MYSPA CR LUMIERE SOURCE 50ML;6860726;45200
MYSPA CR NEUTRE DESALTERANTE;9026478;5520
MYSPA CR POLYNESIE.AQUA+50ML;469135;32470
MYSPA EAU-EN-BRUM ADD.MONOI 150ML;469121;17120
MYSPA EAU-EN-BRUM DELI.FR.EXOTIQ 150ML;469127;19025
MYSPA EAU-EN-BRUM MAJES.MIEL CALIS;469119;17120
MYSPA EAU-EN-BRUM.SENS.SANT.AMBRE.150ML;469123;17120
MYSPA EXCEL CAVIAR SER.JEUNES.30ML;469104;63495
MYSPA EXFO.PEPIT.SUC.SANT.AMBRE;469066;28850
MYSPA EXFO.SABL BLC/FR.PASS 360G;469018;28850
MYSPA EXFOL. PASSION;4690665;28850
MYSPA EXFOL.ECOR/FEUIL VERT.350G;469021;26200
MYSPA EXFOL.GOUSSE VANILL 360G;469083;26200
MYSPA EXFOL.NOIX DE COCO 320G;4699014;26200
MYSPA EXFOL.RIZ&SAKURA 350G;469180;26200
MYSPA EXFOL.SUC&MANG.EXOTIQ 300G;469017;22600
MYSPA EXFOL.SUC&MIEL CALIS.300G;469074;23615
MYSPA EXP HYAL/CAVIAR SER MASQ 50ML;469108;32470
MYSPA EXPERT HYAL CAVIAR 50ML;4699108;39700
MYSPA FRESH LOTION PEELING 150ML;469093;22730
MYSPA FRESH PINK SO CHIC 150ML;4690931;27790
MYSPA GEL BULLES BLEU LAGON 150ML;9036063;23820
MYSPA GEL DCHE ADDICT MONOI 200ML;469160;10800
MYSPA GEL DCHE SAKURA 200ML;4691860;11910
MYSPA HUIL ADDICTIV MONOI 100ML;469162;24880
MYSPA HUIL FRUIT PASS. 100ML;469009;24880
MYSPA HUIL MANGU EXOTIQ 100ML;469007;24880
MYSPA HUIL MIEL-CALISSON 100ML;469073;22630
MYSPA HUIL SAKURA 100ML;469145;24880
MYSPA HUIL SANTAL AMBRE 100ML;469065;22600
MYSPA HUILE COCO 100ML;469002;24880
MYSPA HUILE FEUILLE VERTE 100ML;469012;24880
MYSPA HUILE VANILLE 100ML;469011;24880
MYSPA INTENSE PURE SERUM F/30ML;469095;33125
MYSPA LAIT ADDICTIF MONOI 100ML;469163;25610
MYSPA LAIT ADDICTIF MONOI 50ML;469030;14465
MYSPA LAIT MANGUE EXOTIQ 100ML;4690719;23285
MYSPA LAIT MIEL CALISSON 100ML;469072;20960
MYSPA LAIT VELOUR OBSESS.150ML;469100;20580
MYSPA MY PEELING CR NETT.LISS.50ML;469097;21645
MYSPA PERLES DU LAGON 30ML;9046541;43300
MYSPA REGARD PETILL.GEL YX 15ML;469115;27065
MYSPA SERENITY SECRET CR 50ML;4691129;27200
MYSPA SORBET LAGON 50ML;9033171;24600
MYTELASE 10MG CPR SEC.B/50;3069848;9060
N-T-TUS SP FL/100L;1200066;2400
NAABAK 19,6MG/0,4ML UNIDOSE B/10;3442678;7060
NAABAK 4,9% COLLYRE F/5ML;3356341;3495
NAABAK 4.9% CY F/10ML (NAAXIAFREE);3356358;7290
NAAXIA CY FL/5ML;3267028;3360
NABILOC 5MG CPR B/30;8752923;5855
NABYOL FORTE 100MG CP B/50;8089560;3475
NACRIDERM AGE BREAKER LOT/3;6646370;228450
NACRIDERM SUN BREAKER SPF 50+ P/3;6073081;137070
NACTALIA NUTRI LIFE 3EME AGE B/400MG;8676702;3940
NACTALIA NUTRI LIFE LT 1ER AGE B/400;8676688;4065
NACTALIA NUTRI LIFE LT 2 B/400G;8676694;4285
NADICLOX 2% PDE T/15G;8067340;2275
NAFLIV GEL B/30;8819981;5650
NAGFEN 2,5% GEL T/120G;8064637;3965
NAIL POLISH ALLURA 25 PADS;36216;2250
NAIL POLISH TWIST AND OUT;36222;2250
NAIL VARNISH PRETTY:PERFECT;362010;2250
NAIR CR DEPIL HYD PSS T/200ML;1412986;5710
NALGESIC 300MG CP PELL B/36;8076379;5015
NALGESIC 300MG CPR B/12;8046289;2025
NALOREX CPR SECA 50MG B/28;3390036;48975
NALOXONE 0,4MG/ML AMP B/10 AGUETTAN;3686386;12590
NALOXONE 0,4MG/ML AMP B/10 MERCK;9045872;4330
NAN COMFORT 1 LAIT PDRE B/400G;8559787;5110
NAN COMFORT 2 LAIT PDRE B/400G;8559793;5110
NAN H.A.1 LAIT PDRE B/400G;8310562;4535
NAN OPTIPRO 1 LAIT PDRE B/400;8516045;4910
NAN OPTIPRO 2 LAIT  PDR B/400GR;8512024;4910
NAN OPTIPRO 3 LAIT PDRE B/400G;8512030;4395
NAN SS LACTOSE LAIT PDR 400G;8312012;4700
NANA PROT SLIPS FRAICHEUR NORMAL/20;8561169;1060
NANA SERV HYG MAXI EXT.NUIT 7MM/8;8561092;910
NANA SERV HYG MAXI NORMAL OC 7MM/10;8561040;910
NANA SERV HYG MAXI SUPER ALY 7MM/9;8561057;910
NANA SERV HYG PERODEX MATERN.S/15;8561100;1680
NANA SERV HYG ULTR NORM THIN B/10;8561117;975
NAPROSYNE 500MG CPR B/10;3502417;3260
NAPROSYNE 500MG SUPPO B/12;3205056;3680
NARCISSE EDT VAPO 50ML;9006487;35520
NARISOL 0,05% PED SPR NAS F/10ML;8424082;1340
NARISOL 0,10% AD SPR NAS F/10ML;8424099;1530
NARTA DEO 0% ALC PROTECT ATOM 200ML;8678546;3335
NARTA DEO ATO CLASS  HOM 200ML;8335616;2800
NARTA DEO ATO EVEREST 200ML;8268334;3540
NARTA DEO ATO FR COLOGNE 200ML;2284533;3335
NARTA DEO ATO INVISIBLE 200ML;8310792;3335
NARTA DEO BILLE POUDREE 50ML;8268400;2870
NARTA DEO F ATO FR.FLORAL 200ML;2284556;3335
NARTA DEO F BACTI PUR ATOMM F/200ML;8344466;3335
NARTA DEO F BIO EFFICAC.200ML FR.NA;5003121;3040
NARTA DEO F FRESHISSIM 200ML FR.PUR;8556702;2785
NARTA DEO F IMPECCABL.200ML;8145399;2785
NARTA DEO F PEAU PARFAITE 200ML;8159119;3040
NARTA DEO F PIERRE ALUN 200ML;8156227;3040
NARTA DEO F PROTECT.5 200ML FR.PROP;8344383;3140
NARTA DEO F RESIXYL 200ML;7120865;3235
NARTA DEO F SENSAT.DRY 200ML RESIST;8310823;3040
NARTA DEO H ATO CLASSIQ 200ML;2284527;3335
NARTA DEO H BACTI-PUR 200ML ;8344414;3235
NARTA DEO H BACTI-PUR VAP/200ML(PHC;8344443;3060
NARTA DEO H DRY RESIST 200ML WP;4330680;2640
NARTA DEO H FRESH PERF.200ML FR.PUR;5090031;3040
NARTA DEO H IMPEC.200ML;8145382;3040
NARTA DEO H PIERRE ALUN 200ML;8396368;2785
NARTA DEO H PROTECT 48H ATOM F/200ML;8344377;3140
NARTA DEO INVISIMAX H F/200ML;8206534;2800
NARTA DEO PROTECT.H 48H 200ML;8344377;3355
NARTA H IMPECCABLE DEO SPR F/200ML;8388989;2785
NARTA H POWERCAR FRESH PERF DEO SPRAY F/200ML;8556694;2785
NASACORT 55MCG SOL NAS 15ML (FA);3429229;11080
NASAL SPRAY 7 ACTIF F/50ML;8179688;6855
NASAX 50 MCG DOSES/F100;2284562;5540
NASO B12 250MG SPR NAS F/1;8497810;7575
NASO GH 0,05% GTTE F/10ML;8081133;935
NASO GH 0,10% GTTE F/10ML;8081162;1350
NASODREN 50MG SOL NAS FL+AMP;5186239;32340
NASONEX 50MCG FL/120 DOSES;3430126;12360
NASONEX 50MCG PULV NAS 60DODES;1252344;6720
NASONEX 50MCG PULV NAS FL/40DOSES;3486687;6750
NASONEX 50MCG/DOSE SUSP PULV NAS 140DOSE  ;3007514;12330
NATABIOL CPR B/30;8058430;5960
NATECAL D CPR B/60(CALCIUM+VITD3);8030495;5235
NATISPRAY 0,15MG /DOSE F/13ML;3293698;6145
NATISPRAY 0,3MG BUV F/18ML;3430706;7415
NATRIXAM 1,5/10MG CPR B/30;8027151;7370
NATRIXAM 1,5/5MG CPR B/30;8027139;6530
NATRUM CARBONICUM 9CH GR;508106;1155
NATRUM CARBONICUM 9CH GR;8658727;1135
NATRUM MURIATICUM CH9 DOSE;8171534;945
NATRUM SULFURICUM 7 CH GR;513099;1190
NATRUM SULFURICUM GR 9CH;513107;5840
NATUR'L APRES-SHAMPOING 500ML;1003147;7670
NATUR'L BIO THE 3EN1 SACH B/20;62430;7670
NATUR'L BIO THE A-HEMORROID.S/20;62431;7670
NATUR'L BIO THE DETOX SACH B/28;62433;9205
NATUR'L BIO THE MINCEUR SACH/20;62432;6600
NATUR'L BIO THE PROG. VENTRE PLAT B/28;6243790;9205
NATUR'L BIO THE REGULE SUCRE SACHT  B/20;6243933;7670
NATUR'L BIO THE SOMMEIL SACHT B/20;6243867;6140
NATUR'L CR A/RIDES CTR YX 5SEC;9017580;5500
NATUR'L CR AMINCIS.ACTIF NATUREL;9027696;5500
NATUR'L CR FACE AC HYAL P/50G;9032088;14670
NATUR'L CR FACE RETINOL P/50G;9023586;14670
NATUR'L CR HYD VIS CURCUMA 50G;62426;7055
NATUR'L CREME HERBAL ANTI-ACNE T/50G;624362;5370
NATUR'L CREME REPARATRICE 250G CAPILLAIRE;1003124;5680
NATUR'L HUILE CAPILLAIRE 100ML;1004897;7060
NATUR'L LAIT CORP DIAMAN COL+HA;9027667;8450
NATUR'L LOT HYD CURCUMA 100ML;62417;5500
NATUR'L MASQ ARGIL CURCUMA 50G;62427;5200
NATUR'L MASQ AU CURCUMA B/5;9038671;11875
NATUR'L MASQ CLARIF BUS.B/5;9038659;11875
NATUR'L MASQ CTR COU COLLAGENE  ;9023511;2270
NATUR'L MASQ CTR YX COLLAGENE;9036689;10000
NATUR'L MASQ. A/AGE AC.HY.B/5;9039618;11875
NATUR'L NETT VIS CURCUMA 100ML;62429;5500
NATUR'L PACK SOIN VIS CURCUMA;62419;27000
NATUR'L PATCH DETOX PIEDS B/20;6244163;9750
NATUR'L SAV ECL CURCUMA 100G;62434;1500
NATUR'L SAVON ALOES VERA;9027621;1535
NATUR'L SAVON CHARBON BAMBOU;9026716;1535
NATUR'L SAVON PAPAYE ROSE;9026701;1500
NATUR'L SER A/AGE ANTI-ACNE TEA TREE F/30ML;624355;5370
NATUR'L SER CTR YX  A/AGE 20G;62416;4500
NATUR'L SER HYD CURCUMA 50ML;62428;6200
NATUR'L SER VITC F/30ML;9021788;10480
NATUR'L SER.A+B+C&AC HYA/30ML;9002638;11875
NATUR'L SHAMPOING 500ML;9035081;7670
NATURA GOLD GEL B/60;8236104;8215
NATURAL WHITE 5-MINUTE;4025095;6500
NATUREX CR ANTISEPT T/30G;6665108;2470
NATUREX INHA/ROLL ON 2EN1/1;8691854;2040
NATUREX PAST GING B/12;8471650;2405
NATUREX PAST MENTH B/12;8452670;2615
NATUREX PAST MIEL B/12;8471644;2605
NATUREX PAST ORANGE B/12;8471667;2605
NATUREX SP F/100ML;8504705;2640
NATUREX SP MENTH SACH/10ML B/12;8768982;4170
NATUREX SS SP F/100ML;8472690;2540
NATUREX VAPORUB PDE POT/30G;8691860;2430
NATUROFERT FEMME GEL B/120;1255642;30900
NATUROFERT HOMME GEL B/120;1255659;28355
NAUSELIB CPR B/36 (ETATS NAUSEEUX);6012047;4265
NAUSELIUM 10MG CPR B/20(DOMPERIDONE;8088187;2305
NAUSELIUM 1MG/ML F/200ML;8088170;2305
NAUTAMINE 90MG CPR B/20;3070308;16025
NAVELBINE 10MG/1ML SOL PERF F/1ML;3319038;24370
NAVELBINE 20MG CAP MOLLE 1;3659484;70455
NAVELBINE 50MG/5ML SOL PERF F/5ML;3318441;101330
ND CLONE 30 1000 DOSES NOBILIS;9015262;7100
NEALGYL 80MG CPR DISP B/10;8089583;2275
NEBCINE 100MG/2ML IM-IV B/1;1648772;3930
NEBCINE 25MG INJ AMP 2,5ML B/1;3164854;3510
NEBCINE 75MG INJ SERING B/1;3164860;4430
NEBIEM 2,5MG CPR B/30;1321461;4135
NEBIEM 5MG CPR B/30(NEBIVOLOL);8457880;5510
NEBILONG 5MG CPR SEC B/30;8058341;6750
NEBILONG AM CPR PELL SEC B/30;8060639;15775
NEBILONG H 5MG/12,5MG CPR SEC B/30;8058281;8435
NEBILOX 5MG CPR B/30;3742073;8090
NEBILUS 5MG CPR B/30 (NEBIVOLOL);9003514;5970
NEBIVOLOL 5MG CPR B/90 MYLAN;3003842;18940
NEBIVOLOL 5MG CPR QUADRISEC B/30 BGR;3974091;5790
NEBIVOLOL GH 5MG CPR B/30;8439379;4685
NEBIVOLOL MYLAN 50MG CPR B/30;3932916;5550
NEBOLITOX 10/100/50MG CR 50G;1424371;2095
NEBULISATEUR A PISTON NL 100 ROSSMAX;2483766;60000
NEBULISEUR APP AEROSOL GRAND ;1761861;60420
NEBULISEUR C5 PRECIX;8688645;45445
NEBULISEUR ELECTRIQUE;90185410;58500
NEBULISEUR LC+ PARI TUBULURE;9024338;7800
NEBULISEUR OMRON AD. NE-C801;9557715;143000
NEBULISEUR OMRON AD/ENF C102T.;8526701;63620
NEBULISEUR OMRON COMPRES.NE-C803;8526701;54530
NEBULISEUR OMRON ENF.NE-C801;9037766;143000
NECESSARY  ASCORBYL GLUCOSIDE 15% SERUM F/30ML;911;19000
NECESSARY ACIDE SALICYLIQUE 2%+VITAMINE B5 SERUM F/30ML;919;18500
NECESSARY ALPHA-ARBUTINE 2%+ACIDE HYALURONIQUE SERUM F/30ML;910;19500
NECESSARY CAFEINE 5%+EGCG SERUM F/30ML;913;19000
NECESSARY NIACINAMIDE 10%+ZINC 1% SERUM F/30ML;917;18500
NECIN-3 CR T/15G (NEOM.BACIT.POLYM.;8091829;2645
NECTRAM 1G PDR INJ+SOLV F/1 IM/IV;8061248;2025
NEEX GRIPE WATER F/200ML;8474967;2805
NEMOZOLE 400MG CPR B/1;8074558;955
NENEE NATURE DEO CR CLASSIQ F/50ML;1257769;5835
NENEE NATURE DEO CR RENFORCE F/50G;1257776;6500
NENEE NATURE DEO ROLL ON FEMMM F/50ML;1257783;5000
NENEE NATURE DEO ROLL ON HOMME F/50ML;1257790;5000
NENEE NATURE KIT DETOX MOI 45G+DEO 50G;1257912;12000
NENEE NATURE SAV DEO CHARB PAIN/90G;1257905;3335
NEO GABA 150MG GEL B/50;8467223;16970
NEO GABA 75MG GEL B/14;8467246;3845
NEO MEDROL ACNE LOT FL/25ML;2007822;2690
NEO-CYPOL 100EC 10%  F/100ML;9027822;1695
NEO-HYCOLEX CY F/5ML;622766;2065
NEOCATE ALI PDR BT/400G;3364412;39910
NEOCIN PDE T/15G;8483618;620
NEOCINE 50 SACHET 100G;8486410;3480
NEOCIP 500MG CPR B/10 (CIPROFLOXA);8422166;2925
NEOCODION AD SP F/180ML;3071006;2220
NEOCODION BB SP F/125ML;3259543;1775
NEOCODION DRAG B/20;3276576;1695
NEOCODION ENF SP F/125ML;3071012;1845
NEOCORT PDE DERM T/15G;9017568;2595
NEOFIXIM 100MG CPR DISP B/30;8485132;3940
NEOFIXIM 100MG/5ML PDR SUSP BUV F/60ML;8739578;4820
NEOFIXIM 200MG CPR PELL B/10;8485103;4505
NEOFIXIM 400MG  CPR PELL B/8;8485126;5990
NEOGADINE COMP ALIM MIKROS F/100ML;8743120;3905
NEOGADINE ELIXIR SOL 150ML;8621262;3800
NEOGADINE SOL GTTE BUV F/15ML;8621256;4055
NEOGLOBIN GEL B/30;8054343;5970
NEOGLOBIN SP F/200ML;8054314;5895
NEOMDEXSOL COLLYRE F/5ML;8074021;1145
NEOMERCAZOLE 20MG CPR B/30;3616227;6065
NEOMERCAZOLE 25MG COMP;3302871;2373
NEOMERCAZOLE 5MG COMP.B/50;3611106;5225
NEOMOX 1G CPR DIS B/14;8078993;2480
NEOMYCINE COLLYRE DIAMANT FL/10ML;3071101;1715
NEOPEPTINE COMPL ALIM BUV F/100ML;8743114;3905
NEOPEPTINE COMPL ALIM GTTE BUV F/15ML;8743108;3125
NEOPRED COLLYRE FL/5ML;2292194;2370
NEORAL 100MG CAPS B/60;3463060;249195
NEORAL 10MG CAPSULES B/60;3463077;27920
NEORAL 50MG CAPS B/60;3463054;101250
NEORECORMON 10000UI B/6;3500341;291950
NEORECORMON 10000UI B/6 UNITE;9015150;48660
NEOSYNEPHRINE 10% CY F/5ML;3217214;2630
NEOSYNEPHRINE 5% CY FL/5ML;3217208;2630
NEOTISON 27,5MCG SO NASAL 120DOS F/1;8475955;3885
NEOTRAZ SOL F/1L;3240031;21390
NEOVIS TOTAL MULTIS OPHT LUBRIF;3664490;3175
NEOVITACYL SACHET 100G ;9035017;2035
NEOVITAL CPR B/30;8555358;5485
NEOVOX MENTH.CITRON PAST/16;8352017;3270
NEOVOX MENTH.EUCALYPTUS PAST/16;8351992;3335
NEOVOX MENTH.REGLIS.PAST/16;8352000;3240
NEOXY 20 SACHET 100G;6873166;3035
NEOZIP POMMADE T/10G;9001840;2095
NEPA CANIN ;9010827;3550
NEPAFLAM 0,1% COLL F/5ML;8497690;4685
NEPHROLIMUS 2MG CAPS B/60 ;128289;123880
NEPHRONYL GEL B/30;8635146;6360
NERF FORTE P 75MG/750MCG GEL B/30;8475429;6890
NERIBASE CREME T/30G;6178182;10290
NERISONE C CR DERM T/30G;3225283;10535
NERISONE CR DERMIQ T/30GR;3222379;2970
NERISONE CREME DERM T/10G;2006596;1465
NERISONE GRAS POMMADE T/10G;2006604;1465
NERISONE GRAS POMMADE T/30G;3222362;3280
NERISONE PDE DERMIQ T/30G;3222356;3210
NERISONE POM T/10G;2006610;1465
NESTEFFER 125MG/5ML NN BUV/100ML;8053473;1240
NESTEFFER 1GR CP EF B/8(PARACETAMOL;8022515;1240
NESTEFFER 500MG CPR EFF B/16;8022490;1240
NESTEFFER EXTRA 500MG/65MG CPR B/20;8471294;1490
NETAZOX 100MG/5ML SUSP ORAL F/30ML;8420894;1515
NETAZOX 500MG CP/6 (NITAZOXANIDE;8420902;1930
NETAZOX DT 200MG CPR B/6;8420919;1790
NETILDEX 3MG/MG/ML F/5ML;8450719;5800
NETROMICINE 150MG INJ B/1 (NSFPL);3245245;2804
NETTACIN 3MG/ML COLLYRE F/5ML;8450725;5415
NETUX SUSP BUV FL/90ML;3071644;1475
NEUCIPRO 0.3% COLLYRE F/5ML;8059659;1515
NEUCIPRO 200MG SOL INJ F/100ML;8067386;2785
NEUCIPRO 500MG CPR B/14;8075693;2785
NEUCIPRO 750MG CPR B/14;8075687;4850
NEUCLAV 1G/125MG SUSP SACH/16;1547541;7850
NEUCLAV 250/31,25MG SUSP SACH/16;1547611;3970
NEUCLAV 500/62,5MG SUSP SACH/16;1547581;5290
NEUCLOX 125MG/5ML PDR F/100ML;1654811;3170
NEUCLOX 500MG GEL B/12;1654801;2890
NEUCLOX DS 250MG/5ML S.BUV F/100ML;1654821;3790
NEUDOR 2% COLLYRE F/5ML;8061366;8405
NEUDOR-T 2/0.5% COLLYRE F/5ML;8061432;11545
NEUESOME 40MG IV SOL PERF AMP/1;8437446;6890
NEUESOME D 40MG CAPS B/30;8437400;6890
NEUFER PLUS CPR B/30;8443122;2755
NEUFER PLUS SP F/200ML;8443091;3445
NEUGEN 0,3% CY F/5ML (GENTAM.SULF.);8059636;895
NEUHEPTAVIT SP F/200ML;8437481;2755
NEUIBU P FORTE 100/125MG BUV 60ML;8443027;1240
NEUIBU P FORTE CPR B/100;8437452;8955
NEULATAN 0.005% COLLYRE F/2.5ML;8061372;9450
NEULATAN-T 0,005% CY F/2,5ML;8061449;12080
NEULEPTIL 1% GTTE BUV F/30ML;3071696;4690
NEULEPTIL 25MG COMP.B/50;3186962;8600
NEULEPTIL 4% GTTES BUV F/30ML;3272584;9500
NEULORA 2,5MG SP F/100ML;8443085;2755
NEULORA 5MG CPR B/30;8437469;4135
NEUMETRO 500MG CPR B/30;8443116;2065
NEUMETRO N FORTE 100MG;8443079;1380
NEUPOGEN 30M IU/0,5ML INJ B/1;8084953;66000
NEUPOGEN 30MU INJ SER 0,5ML(ACCOFIL;3539538;130780
NEURAKEM SP F/125ML;8496785;2410
NEURAL 75MG GEL B/30;8445144;6890
NEUROBION CPR PELL B/20;2277208;3030
NEURODOL R CAPS B/30(PARA.ACECL.RAB;8437417;4135
NEUROECT NERVE GEL B/30;1868581;7230
NEUROGAB 150MG GEL B/30;8470082;11090
NEUROGAB 75MG GEL B/30;8470076;7715
NEUROGIL 150MG CAPS B/30;8450056;17910
NEUROGIL 75MG CAPS B/20;8424113;8985
NEUROGIL 75MG CAPS B/50;8450033;17910
NEUROGIL PLUS 75MG/750MCG GEL B/30;8739408;10330
NEUROMED 150MG GEL B/30;8750628;11160
NEUROMED 75MG GEL B/15;8750605;4325
NEUROMED 75MG GEL B/30;8750611;8680
NEURONTIN 100MG GEL B/90;3378986;13045
NEURONTIN 300MG GEL B/90;3379017;28120
NEURONTIN 400MG GEL B/90;33801441;31030
NEUROPAT PLUS CAPS B/30;8388021;11535
NEUROPAT-P GEL B/30;8475725;10330
NEUROTHIC 150MG GEL B/28;8489957;4135
NEUROTHIC 75MG G B/28;8489940;2755
NEUROTHIC-M BT 75MG/750MCG GEL B/30;8802638;2895
NEUROTOP 200MG COMP B/50;8019476;6640
NEUROTOP LP 300MG COMP B/50;2036255;10005
NEUROVIT CPR B/20 (VIT B1+B6+B12);8555401;1860
NEUROVIT FORTE CP B/100;9990033;9980
NEUROVIT INJ AMP B/3 (VIT B1+B6+B12;9993675;1175
NEUROVITAN VIT B1,B2,B6,B12 CP/30;8052396;1650
NEUTRADERM BB CR HYDR AP 100ML;6210640;7780
NEUTRADERM BB EAU NET DOUC  3EN1 1L;6210644;21740
NEUTRADERM BB EAU NET DOUC 3EN1 .200ML;6210641;7945
NEUTRADERM BB GEL 3EN1 NETT 400ML;8656131;12830
NEUTRADERM BB GEL NETT 200ML;8656119;6085
NEUTRADERM BRUME E S F/125ML;8725748;5845
NEUTRADERM CR MAINS REP T/50ML;8731364;3780
NEUTRADERM GEL CR HYDR 200ML;8659388;9735
NEUTRADERM GEL CR HYDR 400ML;6113278;14820
NEUTRADERM GEL CR NRRIS.200ML;6037827;9305
NEUTRADERM GEL CR NRRIS.400ML;6037829;14220
NEUTRADERM GEL DCH DERM P.1L;7994788;14415
NEUTRADERM GEL DCH DERM P.200ML;4608807;3810
NEUTRADERM GEL DCH DERM P.500ML;8661824;9470
NEUTRADERM GEL DCH MICEL 200ML;8661847;4820
NEUTRADERM GEL DCH SURGR DERM F/200ML;8661818;4810
NEUTRADERM GEL DCHE MICEL T/500ML;8659371;9555
NEUTRADERM GEL DCHE MICELL.1L;8661853;14990
NEUTRADERM GEL LAV INT F/250ML;8725808;7060
NEUTRADERM GEL LAV INT F/500ML;8725814;11465
NEUTRADERM PACK 3+1SAV SU DER PROT/200 ;8701512;10470
NEUTRADERM PACK BAUME;8774304;14545
NEUTRADERM PACK GEL NOURISS;8774296;14300
NEUTRADERM PACK SAV SURG BB 3EN1 PAIN/100G;8780902;7870
NEUTRADERM PANIER BB MM/1;8731909;51270
NEUTRADERM RELIPID+BAUM 200ML;6037833;9790
NEUTRADERM RELIPID+BAUM 400ML;8656102;14495
NEUTRADERM RELIPID+CR DCH 200ML;8656071;5235
NEUTRADERM RELIPID+CR DCH 400ML;8656088;9140
NEUTRADERM RELIPID+HUIL LAV.1L;8656065;18240
NEUTRADERM RELIPID+HUIL LAV.400ML;8656059;9910
NEUTRADERM SAV SURG DERM 200G;6037844;3490
NEUTRADERM SAV SURGRAS 3EN1 P/100G;8692121;3580
NEUTRADERM SH DOUCEUR BB/ENF 200ML;8725263;5945
NEUTRADERM SH EX DX F/200ML;1761541;5490
NEUTRADERM SOIN APAISANT INT T/40ML;8725783;5635
NEUTRADERM STICK LEV REPER 4G;1761521;2830
NEUTRAL CPR A CROQ/A SUCE B/40;2028497;1710
NEUTROCOLD 125/2,5/1MG SP 100ML;8023934;1405
NEUTROCOLD 2/5/30/500MG CPR B/100;8023928;6890
NEUTROG 2EN1 NETT&MASQ ANTI-BOUT 150ML;8692575;6020
NEUTROG CALM CURCUMA BRUM APAIS SPR 125ML;8692635;6365
NEUTROG CALM CURCUMA MOUS NET F PPE 150ML;8692629;6445
NEUTROG CR HYD CENCENTR T/50ML;8692546;2630
NEUTROG CR MAIN AP SS PARF T/50ML;8692523;2635
NEUTROG DEEP CLEAN GEL EXF T/150ML;8692463;6205
NEUTROG F NORV CR PIED TR SEC 100ML;8692457;4715
NEUTROG F NORV LAIT CORP 250ML;8692552;6730
NEUTROG F NORV LT CORPS HYD INT F/250ML;8692492;6695
NEUTROG F NORV LT CORPS REP INT F/250ML;8692500;6710
NEUTROG GEL EXF ANTI BRIL CIT VERT 150ML;8692486;6005
NEUTROG GEL EXFOL ANTI-BOUT  T/150ML;8692569;6020
NEUTROG GEL NETT ANTI-BOUT F/200ML;8692581;6035
NEUTROG HYD AQUA GEL HYD F/50ML;8692517;11125
NEUTROG HYDROBOOST EAU MIC TRIP ACT F/400ML;8692612;7515
NEUTROG HYDROBOOST GEL CR CORPS F/250ML;8692606;7650
NEUTROG VIS CLEAR SPOT PROOF 2EN1;6613324;8280
NEUTROGENA 2/1 VIS CLEAR NETT MASQ;9010744;9260
NEUTROGENA BAUM CONF PS 200ML;9518744;7470
NEUTROGENA BAUM LEVR REPAR T/15ML;9924987;12840
NEUTROGENA CR DESINCRUST 150ML;4490751;7900
NEUTROGENA CR MAIN HYDR CONC T/75ML;6546697;12915
NEUTROGENA CR MAIN IP25 50ML/2;9727531;19580
NEUTROGENA CR PIED SOIN CALLO 50ML;60183856;15695
NEUTROGENA CR PIED TRES SEC 100ML;4660182;16665
NEUTROGENA CR PIED TS ABIMES 150ML;7832330;21660
NEUTROGENA LAIT INTEN 250ML BLEU;9738374;7750
NEUTROGENA LAIT REPAR 250ML ROUGE;6118205;10120
NEUTROGENA LT COPRS REP INTENSE F/400ML 2020;46611818;9055
NEUTROGENA STICK LEVR BLC 4,8GR;6008556;7680
NEUTROGENA STICK LEVR.BLEU 4,8G;7476214;6850
NEUTROGENA STICK LEVRES 2+1 4,8G;602708;7390
NEUTROGENA VIS.CLEAR CR DES.150ML;9010750;7890
NEUTROGENA VIS.CLEAR GEL EXF PAMPL;5714483;6265
NEUTROGENA VIS.CLEAR GEL NETT PAMPL;9010939;8230
NEUTROGENA VIS.CLEAR LOT DES.200ML;4490745;8800
NEUTROGENA VIS.CLEAR SPOT P.2/1 NET;3357665;8520
NEUTROMAX 300MCG SER PRER/1ML B/1;8456596;38680
NEUTROPAR 1000MG SOL INJ F/100ML;8067392;1255
NEUTROPINE 300MCG INJ SER.B/1;8432012;29450
NEUTROSEC CPR B/30;1252580;6185
NEUTROSEC SP F/200ML(AC.AMI.CHOL.VI;8509677;4505
NEVRINE CODEINE CPR B/20;22202510;2470
NEVXAL 0,1% CY F/5ML;8479491;2725
NEWFLEX COOL.ROLL-ON F/60ML;8394984;4695
NEWFLEX GEL CHAUF/DELASS ROLL 60ML;8396115;4905
NEWMED AURIC SPR/30ML;4561942;4000
NEWMED NAS SPR/20ML;4561936;3800
NEXAVAR 200MG CP PEL B/112;3761372;3500000
NEXGARD CHIEN L 10-25KG CPR B/6;9157266;79870
NEXGARD SPECTRA >15-30KG CP B/3 L;9761479;21725
NEXGARD SPECTRA >2-3,5KG CP B/3 XS;3910197;11370
NEXGARD SPECTRA >3,5-7,5KG CP/3 S;9549325;18530
NEXGARD SPECTRA >30-60KG CP B/3 XL;9962835;28400
NEXGARD SPECTRA >7,5-15KG CP/3 M;9004867;20450
NEXIUM CONTROL 20MG CPR B/14;2765008;18505
NEXIUM CONTROL 20MG CPR B/7;2764983;9780
NHCO ARTIXINE GEL B/56;6531241;17195
NHCO MAGNESIUM GEL B/42;6530060;14240
NHCO MAGNESIUM GEL B/84;9947369;21745
NHCO PONDIMAX DEF PONDERAL B/80 GEL;1283043;29810
NIBIOL 50MG COMP B/60;3072448;1535
NICARDIPINE AGUET 10MG AMP/10ML B/10;7009083;16395
NICLOSAMIDE 1KG (FUT);90180210;58455
NICOBION 500MG COMP B/30;2238220;13230
NICOPATCH 20 - 14MG/24H B/7;3838028;23070
NICOPATCH 30 - 21MG/24H B/7;3838063;28450
NICOPATCHLIB 7MG 24H DIS TRANSDEM B/28;4009305;24080
NICORETTE 2MG GOM MENTH  SS B/30;3709621;11810
NICORETTE 2MG GOM MENTH B/30 SS;3654966;11800
NICORETTE 2MG GOM MENTH FRUIT SS/30;3709897;14100
NICORETTE 2MG GOM ORIG B/105 SS;3763112;24860
NICORETTE 2MG GOM ORIG SS B/30;3763098;8745
NICORETTE 2MG GOM SS MENT B/105;3763135;36430
NICORETTE 4MG GOM MENTH GLA SS B/30;3709762;8970
NICORETTE 4MG GOM.MACH ORIGI.B/105SS;3709839;12360
NICORETTE 4MG GOM.MACH.MENT.B/30 SS;3655049;8980
NICORETTE SKIN PATCH 10MG/16H B/28;9650579;37635
NICOTINELL TTS 30CM B/28;3346874;63945
NIDAZOL 250MG CPR B/20;8026950;1685
NIDAZOL 500MG CPR B/20;8003699;1685
NIDAZOL 500MG OVULE B/10;2036723;1960
NIDO 1+ LAIT CROISS.B/400GR;2285685;3420
NIDO 1+LAIT CROISS B/900GR;8551366;7150
NIFCAL 10MG COMP B/30;8010363;3225
NIFCAL 20MG COMP B/30;2033736;5195
NIFEDI DENK 10MG LP CPR B/100;2264832;5400
NIFEDI DENK 20MG LP CPR B/100;2264849;7815
NIFEDI DENK 20MG LP CPR B/30;8084864;2440
NIFEDIPINE TM 20MG CPR B/100;8030213;4230
NIFEXINE CR RECTALE T/30G;2725847;20175
NIFLOX 200/500MG CPR B/10X3;1400523;6890
NIFLUGEL 2,5% GEL T/60G;3318665;2260
NIFLURIL 250MG GELULE B/30;3072879;2360
NIFLURIL 400MG ENF SUPPO SEC.B/8;3188636;1805
NIFLURIL 700MG AD SUPPO B/8;3132133;2080
NIFOX 200MG GEL. B/16;8001051;1365
NIFUROX 200MG GEL B/28;8087851;3030
NIFUROX SUSP BUV F/90ML;8087880;2030
NILVIT CPR B/100;1844;3770
NIMESULIDE GP 100MG CPR B/20;8068049;3335
NIMOTOP 30MG CP B/90;3657261;41125
NINA R.L'AIR DU TEMPS EDTV 100ML;7020709;61000
NINA R.NINA EDTV 80ML(LES BEL DE N);9013435;52000
NINA R.NINA EDTV50+RAL MAT FUS.2,5G;9009617;48000
NINA RICCI V.N.DEO A TPS 125ML;9013257;16200
NINA RICCI V.N.DEO RI.CLUB 150ML;9009020;12600
NINA RICCI-NINA VAPO 50ML+R.L 2.5G;9009267;63050
NINOLAC BAN POM PEC 130G;8161636;550
NINOLAC CEREAL BLE/LAIT PDR B/400G;8592402;2785
NINOLAC CEREAL BLE/LAIT/5FRT 400G;8592572;3125
NINOLAC CEREAL BLE/LAIT/DATT 400G;8592514;3125
NINOLAC CEREAL BLE/LAIT/MIEL 400G;8592454;2895
NINOLAC CEREAL LAIT BLE 5FRUI.200G;8303792;1490
NINOLAC CEREAL LAIT BLE B/200G;8303823;1635
NINOLAC CEREAL LAIT BLE DATTE 200G;8303728;1635
NINOLAC CEREAL LAIT BLE MIEL 200G;8303757;1635
NINOLAC CEREAL LAIT RIZ 200G;8303869;1635
NINOLAC CEREAL RIZ/LAIT PDR 400G;8592359;2895
NIQUITINMINS 1,5MG CP A SUC SS MENT;3867219;11080
NITRIDERM TTS 10MG/24H B/30;3283056;14390
NITRIDERM TTS 5MG/24H SACH/30;3283033;13465
NIVEA 80102 CR POT 60ML;6686228;800
NIVEA 80104 CR POT/150ML;6413281;2900
NIVEA 81110 DEMAQ YEUX 125ML;6289177;3120
NIVEA BABY GEL LAV CH/CORP 200ML;2257789;2460
NIVEA BABY LAIT TOIL.HYD 200ML;8321318;2650
NIVEA BABY TALC 100GR;2273564;3010
NIVEA BB SAV CR 100G R805006;8275630;1310
NIVEA COOL KICK H 200ML;8156210;3100
NIVEA CR CORP CACAO P/200ML 83839;8508548;3275
NIVEA CR HYD B/60ML;8156084;1440
NIVEA CR MAX HYDRTANT MEN P/400ML;8604358;2660
NIVEA DEO BILL F DRY FRESH 50ML;1579461;1750
NIVEA DEO BILL F PEARL B. 50ML;8310504;1970
NIVEA DEO BILL F.BLACK&WHIT MEN 50ML;8310496;1900
NIVEA DEO BILL F.DRY COMF.50ML;8337041;1420
NIVEA DEO BILL F.FRESH ENERGY 50ML;8382277;1900
NIVEA DEO BILL H BLAK/WHIT 50ML;1579433;1500
NIVEA DEO BILL H SILVER 50ML;1233471;1970
NIVEA DEO BILL H.DRY IMP.50ML81610;2271772;1970
NIVEA DEO COOL KICK MASCU SPR 2000ML;8327491;2935
NIVEA DEO DEEP H ROL 50ML;1579481;2065
NIVEA DEO DRY F.FRESH SPR 200ML;8702026;3050
NIVEA DEO F H 200ML (81600);8156173;3030
NIVEA DEO F ROLL ON STRESS P.50ML;8508608;2370
NIVEA DEO F.A-TRANSP.150ML;8317340;2100
NIVEA DEO F.BLACK&WHIT.SPR/200ML;2473251;3050
NIVEA DEO F.DRY COMF.200ML(81604);8338566;3030
NIVEA DEO F.FRESH NAT.200ML(81619);8277072;3050
NIVEA DEO F.PEARL&BEAUTY 200ML;8156090;3050
NIVEA DEO F.STIC DRY COMFOR.40ML;8317392;3600
NIVEA DEO H BILL BLACK/WHIT 50ML;8488107;1270
NIVEA DEO H BILL FRESH ACTIV 50ML;8225543;1900
NIVEA DEO H BLACK&WHIT SPR/200ML;8310467;2935
NIVEA DEO H BLACK&WHIT.150ML;8488018;2100
NIVEA DEO H DRY IMP.200ML 81605;8225661;3030
NIVEA DEO H ROL BL WHT 50ML;1579431;1960
NIVEA DEO H SILV.PR.SPR 200ML;8262811;3050
NIVEA DEO H SPRAY BLK WHT F/200ML;1387831;3100
NIVEA DEO H SPRAY DEEP F/200ML;1579381;3100
NIVEA DEO H STIC FRESH ACTIV 50ML ;8156003;3840
NIVEA DEO H STRESS ROLL ON 50ML;8156049;2280
NIVEA DEO H.A-TRANSP F/200ML;8317334;2100
NIVEA DEO H.BILL C.KICK 50ML;1579491;1420
NIVEA DEO H.DRY FRESH  200ML;8488024;3050
NIVEA DEO H.FRESH POWER 150ML;8508637;2100
NIVEA GEL NETT FRAICH.150ML;1082941;4060
NIVEA GEL NETT PURIF 150ML(81170;1233531;4060
NIVEA LABELLO CLASSIC 85061(ORIGINA;6094284;2610
NIVEA LABELLO HYDRO CARE;8349759;2170
NIVEA LABELLO LIPBAM FRAISE;8861003;2170
NIVEA LABELLO MEN ACTIVE CARE;8156061;1485
NIVEA LAIT COR BEUR CAO 250ML 89155;8488194;2700
NIVEA LAIT COR BEUR CAO 400ML;6013972;3800
NIVEA LAIT CORP ALOE V.HYD 250ML;1524461;2760
NIVEA LAIT CORP HYD PN 400ML 80303;8317268;2540
NIVEA LAIT CORP NRS PS 400ML;2262425;4710
NIVEA LAIT DCE.DEM.PS 200ML 81103;6578013;4110
NIVEA LAIT DEM VIS/YX 200ML 81104;8225856;4110
NIVEA LAIT DEMAQ 81100 F/200ML;3695505;4545
NIVEA LAIT ECL FAIRNESS F/250ML;8381970;2655
NIVEA LAIT FAIRNESS ECL.250ML;8508560;2655
NIVEA LAIT H MAX HYD 250ML 80355;8508554;2500
NIVEA LAIT HYD EXP CORP PN 250ML 80301;8225610;2760
NIVEA LAIT HYD/RAF.Q10 250ML 81835;8341120;2210
NIVEA LAIT HYD/RAF.Q10 400ML 81836;8488219;3800
NIVEA LAIT HYDRA. EXPRESS F/400ML;8564446;3910
NIVEA LAIT NAT FAIRNESS ECL 400ML;1543971;2540
NIVEA LAIT NOUR.CORP PS 400ML 80203;8225632;3830
NIVEA LAIT NOURISSANT F/250ML;8564400;2700
NIVEA LAIT REPAIR/CARE 250ML;1579301;2250
NIVEA LAIT SMOOTH SENSA 250ML 83843;4005900;1695
NIVEA LING.DEM.DCEUR PSS P/25;1083041;4400
NIVEA LINGET.DEMAQ FRAICH B/25;1082931;3580
NIVEA LIPBALM ;8604329;1390
NIVEA LIPBALM BLACKBRRY 4,8G;1579531;1580
NIVEA LIPBALM FRAISE STICK T4,5G;8604341;2610
NIVEA LIPBALM H CARE STICK T/4,8G;8604335;2610
NIVEA LIPBALM WATERMEL.4,8G;1579521;1580
NIVEA LOT.AP/RAS REF 81311;8468168;5180
NIVEA LOT.HUILE JOJOBA 200ML;1524481;2060
NIVEA LOT.HUILE VANILLE 200ML;1524471;2060
NIVEA LOT.ROSE HUILE ARGAN 200ML;1524491;2060
NIVEA LOT.TONIQ PN 200ML 81105;6579389;3495
NIVEA LOT.TONIQ PS 200ML 81106;6579372;3780
NIVEA PACK BEBE;2472565;9590
NIVEA PACK FEMME;2472559;10190
NIVEA PACK HOMME;2472588;9750
NIVEA SAV FRAISE 90G R82432;8164008;805
NIVEA SAV MIEL HUIL JOJOBA 100G;2277846;1100
NIVEA SOFT CR HYD 75ML(89057);8488188;1390
NIVEA SOIN A-RIDE Q10 JR(86795)50ML;2285716;5510
NIVEA SOIN A/RIDE Q10 JR FERM.50ML;8604401;9300
NIVEA SOIN A/RIDE Q10+L NRRS.50ML;8205859;5510
NIVEA SOIN A/RIDES Q10 NUIT;2285722;9660
NIZODERM 2% CR T/15GR;8001364;1620
NO SPA 40MG CPR B/100;2038544;6820
NO SPA 40MG CPR B/20;8026200;1820
NO SPA 40MG INJ 2ML AMP B/5;8027464;1365
NO SPA 40MG INJ 2ML B/25;8027470;6780
NO SPA FORTE 80MG CP B/20;2039093;3295
NO SPALGIN 500MG CPR B/12;8095023;2810
NO-ALLERG 5MG/10MG CPR PELL B/20;8493189;3720
NO-ALLERG P 2,5MG/5MG CPR B/10;8493195;2615
NO-REFLUX 40MG/30MG GEL B/20;2477253;7165
NOBACTER BAUM AP/RASAGE 75ML;7385629;7520
NOBACTER GEL RAS BOMB X2;181958;12065
NOBACTER GEL RASAGE 50ML;178028;4020
NOBACTER GEL RSAGE 150ML;1480211;9910
NOBACTER MSSE RASER BBE 150ML;3125794;9660
NOBACTER SAV PAIN 100G PX SENS.;3073206;5065
NOBILIS DILUENT OCULO NAS F/35ML;9022581;1590
NOBILIS MA5+CLONE 30 1000DOSES;9017404;6645
NOBILIS MG 6/85 1000DS;9017321;55260
NOBILIS MG 6/85 2000DOSES;9021914;105430
NOBILIS NEWCAVAC 1000 DS;6993462;13900
NOBILIS REO+IB+G+ND 1000 DOSES;9017628;147600
NOBILIS SG 9R 500DS+SOLV;90239210;20090
NOBILIS VAC CORYZA 1000DOSES;8558400;19220
NOBIVAC CANINE 1-DAPPVL2 FL 1 DOSE;90604310;2490
NOBIVAC CANINE PARVO SEIND 1DOSE;7392196;3960
NOBIVAC RAGE 10FL X 1 DOSE;3005943;1560
NOBIVAC RAGE 1DOSE;4831258;1560
NOBLE CUP L;9021742;5000
NOBLE CUP S;9016652;5000
NOCERTONE 60MG CPR B/30;3180853;6050
NOCHOL 20MG CPR B/30;8493893;12455
NOCICEPTOL GEL T/120ML;8815606;22005
NOCTRAN 10 COMP B/30;3150728;1620
NODIAR 3G PDRE SACHET B/10;1696001;1090
NOELAVITASOL PDRE 15GR;9023741;320
NOEVIS TOTAL MULT S OPHT LUB F/15ML;671;20860
NOLVADEX 10MG COMP B/30;3205932;5540
NOLVADEX 20MG CPR B/30;3286528;17040
NOMADOL 50MG CPR B/30;8013249;3265
NOMEGESTROL 5MG CP B/10 SANDOZ;9016209;3450
NOMEGESTROL 5MG CPR B/10 MYLAN;3645370;3310
NOMEGESTROL 5MG CPR SEC B/30;3817345;3970
NOMYC 150MG GEL B/2;2292248;4850
NOMYC 150MG GEL B/4;2292254;8295
NOMYC 50MG GEL B/7;2292260;6915
NONDOLYSS SAV ARG VERTE 200G;4409485;1270
NONDOLYSS SAV CACAO 200G;4409492;1270
NONDOLYSS SAV COLLAGENE 200G;4409454;1270
NONDOLYSS SAV SAFOU 200G;4409461;1180
NOOTONIC GEL B/100 (PERF.COGNIT.MEN;6077021;30620
NOOTROPYL 1,2G AMP BUV 6ML B/30 (FA);3314414;11630
NOOTROPYL 1GR INJ 5ML B/12;3130571;3800
NOOTROPYL 20% SOL BUV FL/125ML;3209551;3510
NOOTROPYL 3G INJ 15ML B/4 (FA);3464792;5170
NOOTROPYL 800MG COMP B/45;3266371;12105
NOPRON ENF SP FL/150ML;3141586;13085
NOPROSTA GEL 160MG B/60(SAW PALMETTO);8635152;4910
NOPYLO 1G/500/20MG CPR B/56;8472922;11710
NOPYLO CPR 500 DUO 500/20 B/56;2476108;11700
NORADRENALINE 16MG/8ML B/10 AGUET;6000024;53725
NORADRENALINE TART AGUET 2MG AMP/4ML B/10;6093557;26860
NOREVA AQUEREVA LT CORPOREL F/400ML;5147848;15005
NOREVA CICADIANE CR REPAR APAIS T/40ML NOREVA;6307343;9370
NOREVA EXFOLIAC ACNOMEGA 100 CR 30ML;4289701;12120
NOREVA EXFOLIAC ACNOMEGA 200 CR 30ML;4289718;12475
NOREVA EXFOLIAC CR MAT ET P T/40ML;6126559;11495
NOREVA EXFOLIAC CR REPAR HYDR T/40ML;7831483;12500
NOREVA EXFOLIAC GEL DESINCR.F/50ML;7353138;10325
NOREVA EXFOLIAC GEL MOUSSANT DX F/200ML;6127857;11240
NOREVA EXFOLIAC GEL MSS S/SAV 200ML;4777932;11370
NOREVA EXFOLIAC GLOBAL 6 EN 1 T/30ML;4124934;19710
NOREVA EXFOLIAC LOT.ASSECH.F/125ML;7569039;15170
NOREVA EXFOLIAC NC GEL 4% F/30ML;7456016;8595
NOREVA KERAPIL CR SOIN DERMO REGUL UR 75ML;8520041;9655
NOREVA XERODIANE AP+ BAUME RELIP NUTRI F/400ML;6020100;26500
NOREVA XERODIANE CERA+ HLE NUTRI F/1L;4283;18435
NORFEN 400MG COMP B/10;8018784;2645
NORFIX 400MG CPR B/10;2295324;4820
NORFLOXACINE 400MG CPR B/10 TM;8015969;2345
NORFLOXACINE BIOG 400MG CPR B/10;3613341;4060
NORFLOXAN 20% 1L;9027561;21020
NORFLOXINE 400MG CPR B/14;8003630;6915
NORFLOZOLE 500/400MG CPR B/10;8042630;4135
NORLEVO 1,5MG COMP B/1;3641372;4150
NORLUTEN COMP B/20;3073494;1240
NORMACOL AD LAVEMENT 130ML;3130737;1670
NORMACOL ENF LAVEMENT 60ML;3130743;4405
NORMACOL STERCUL.GLES SACH.10G B/30;3626102;4820
NORMADON 2MG CPR PELL B/60;8418816;15305
NORMADON 4MG CPR PELL B/30;8418822;13805
NORMALARI-UNE 20MG/120MG CPR B/6;8478942;735
NORMALARI-UNE 80MG/480MG CPR B/6;8478959;1680
NORMET 100MG CPR B/30;8065298;2675
NORMIX 200MG CPR PEL B/12(RIFAXIMIN;8020315;5235
NORMOPTIC 0,5% COLLYRE FL/5ML;2284591;2025
NORNET 1,5MG CPR B/1 (LEVONORGESTRE;8429323;1205
NORPINE 5MG CPR B/30;8085295;5910
NORPROLAC 25+50MCG CPR B/3+3;3386477;6360
NORPROLAC 75MCG CPR B/30;3386508;26370
NORSET 15MG CPR PEL B/30;4454127;3480
NORSET CPR 15MG B/30;3445412;5220
NORVEL-72 CPR B/2 (LEVONORGESTREL);8091841;2590
NORZOL 400/600MG CP B/10(NORFL.TINI;2283841;2955
NOSEE 10MG/10MG CPR B/30;8776705;5355
NOSIC 10/10MG CPR B/30;8436932;5250
NOSIC CPR B/10;8050799;1985
NOSIL AD 0,1GTTE NAS F/10ML;8429257;1610
NOSIL ENF 0,05 GTTE NAS F/10ML;8429263;1435
NOTOUX 5MG ENF SP F/100ML;8066949;1130
NOURRICE HUILE HYDR REPAR F/125ML;8349966;6000
NOVACLAV 100/12,5ML ENF BUV SP/60ML;8069037;4075
NOVACLAV 1G/125MG AD PDR SACH/12;8069209;5935
NOVACLAV 500MG/62.5 CPR PELL B/16;8069020;4685
NOVADOL 1000MG CPR SEC B/8;8069149;925
NOVAFER 50MG/5ML SP F/200ML;8060303;3155
NOVAFER CPR CROQUER B/30;8062118;3155
NOVAFLOX COLLYR F/5ML;9999850;2910
NOVALAC ALLERNOVA AR  0-36MOIS B/400MG;6502549;21560
NOVALGIN 500MG COMP B/20;3073979;2025
NOVALGIN AMP INJ 5ML B/5;2001475;5015
NOVALGIN SP FL/100ML;2001506;2440
NOVAMETHER 80/480MG CPR SEC/6;8079490;2580
NOVAMETHER DS 40MG/240MG CPR B/12;8079538;2580
NOVAMOX 1000MG CPR DISP B/12;8069103;3650
NOVAMOX 250MG/5ML PDR BUV 60ML;8069072;910
NOVAMOX 500MG CPR DISP B/12;8069095;1875
NOVAMOX 500MG/5ML PDR BUV 60ML;8068954;1365
NOVANUIT FLASH FEUILLE ORDODISP B/20;8055801;9795
NOVANUIT TRIPL ACT GEL B/30;6044079;13000
NOVATEN 100MG CPR B/28;2028617;8090
NOVATEN AM CPR B/28(AMLODI/ATENOLOL;8049170;8295
NOVATEN CPR 50MG B/28;2274109;4435
NOVATREX 2,5MG CPR B/12;9021713;4915
NOVAVINCC 2,5G/5ML IM/IV SOL INJ AMP5ML B/5;17153;1970
NOVAZONE 1G IM/IV 10ML PDR+SOLV;8425348;2525
NOVER UNE 400MG CPR B/20;8490736;8400
NOVEX 4000UI/0,4ML SER B/2 PRER.;8095158;7745
NOVOCLIN 1G/125MG SACH B/16;8079797;8295
NOVOCLIN 250MG/31,25MG SACHT B/12;8088655;3155
NOVOCLIN 500/62,5MG SACH B/12;8088678;5775
NOVOFINE AIG 31G 0,25X6MM B/100;7389656;23195
NOVOFINE AIG PLUS 0.32G 4MM B/100;1646641;18395
NOVOM PLUS 20/20MG CPR B/30;8474482;5510
NOVONORM 0,5MG CPR B/90;3484027;8275
NOVONORM 0,5MG CPR PL/270;3716644;33005
NOVONORM 1MG COMP B/90;3484033;14975
NOVONORM 1MG CPR B/270;3716650;41425
NOVONORM 2MG CPR B/270;3716667;34590
NOVONORM 2MG CPR B/90;3484056;10500
NOVOPHANE DS SH SQUAM.MOD.125ML;8357664;11475
NOVOPHANE LOT ANTI CHUT 100ML;9000349;11810
NOVOPHANE ONGL CHEV GEL B/60;4494789;14660
NOVOPHANE ONGLE&CHEVX GEL B/180;9508444;37200
NOVOTWIST AIG 0.32X5MM B/100;8313388;15275
NOZINAN 100MG COMP B/20;3074298;11615
NOZINAN 25MG COMP B/20;3074281;3600
NOZINAN 25MG INJ 1ML B/5;3272578;2590
NOZINAN 4% GTTE FL/30ML;3074312;7590
NOZINAN 4%GTTE F/125ML;5504461;8103
NT TUS SP F/100ML;8429375;2425
NU-MOLCAF 500/30MG CPR B/20;8479887;815
NUBIANCE ACT-5 CR SOIN INT AI F/30ML;8553230;21460
NUBIANCE ACT-5 CR SOIN INT.AI 30ML;8553230;12985
NUBIANCE AXICLAR F/75ML;1725771;24460
NUBIANCE EYE RE7 MULTI CO F/15ML;1726021;28220
NUBIANCE HBR3 LT CORPS UNF F/500ML;1429731;24490
NUBIANCE HRB3 LAIT HYD CORP 250ML;8514773;15680
NUBIANCE HRB3 SER A-TACH 100ML;8514767;14335
NUBIANCE HRB3 SPF30 CR JR 100ML;8514744;16755
NUBIANCE HRB3+ CR NUIT 100ML;8514750;15310
NUBIANCE HRB3+ CR SOIN NUIT F/50ML;8553224;17070
NUBIANCE MELINTIM RECONF ZONE INF CR T/75ML;8773486;25715
NUBIANCE NUB D-FENSE F/50ML;1725791;33970
NUBIANCE S JA.TA HRB3 F/50ML;1725821;28540
NUBIANCE S NA.TA HRB3 F/20ML;1725841;28540
NUBIANCE SERUM INT HRB3 F/30ML;8182325;28450
NUBIANCE SOIN INT A.IMP ACT5;1251741;21740
NUCLEO C.M.P.FORTE CAPS B/30;5015271;6390
NUCLEO CMP INJ AMP B/3;5015288;4020
NUCOXIA 120MG CPR B/30;8487208;15140
NUCOXIA 60MG CPR B/30;8487177;6890
NUCOXIA 90MG CPR B/30;8487183;8270
NUGEL CPR B/30;8453072;1995
NUGEL O SUSP BUV F/200ML;8454410;3085
NUGEL SUSP BUV F/200ML;8453089;2755
NUGREL 75MG CPR B/30(CLOPIDOGREL);8061604;10525
NUGREL-A PLUS 75/100MG GEL B/30;8084427;9410
NUHANCIAM C ANTI-TACHES F/15 ML;8689320;25645
NUHANCIAM CR CONT YEUX T/15ML;8663303;22945
NUHANCIAM CR ECLAT UNIF T/50ML;9812797;30580
NUHANCIAM CR HYD INT F/50ML;8663295;20200
NUHANCIAM CR INVISIBLE SPF+50 F/50ML;8834147;14485
NUHANCIAM CR STOP BOUT T/15ML;6021358;12670
NUHANCIAM EAU MICELLAIRE DEMAQ F/200ML;2085130;14960
NUHANCIAM EMULS ANTI-IMPERF.30ML;6021351;16825
NUHANCIAM FL.MATIF.UNIF.40ML;2085124;25290
NUHANCIAM GEL DCHE 200ML;8689308;6500
NUHANCIAM GEL DCHE DCE SS SAV500ML;8663326;12255
NUHANCIAM GEL NETT DERMO PURIF T/165ML;6021356;9925
NUHANCIAM GOMMAGE DOUX T/75ML;9812805;18790
NUHANCIAM HLE S METAMORPHOSE F/100ML;8147932;18365
NUHANCIAM LAIT CORP H 24H 500ML;6022688;21000
NUHANCIAM LT CORP ECL TACHE F/500ML;8705941;27600
NUHANCIAM MASQ PURETE ECLAT 75ML;6445967;18790
NUHANCIAM MOUSSE NET DOUCE F/170ML;4076773;17925
NUHANCIAM S CORPS E NON P F/200ML;8669139;19520
NUHANCIAM SER.ABS.A/TACH.30ML;60084010;39795
NUHANCIAM SOIN CORP EXT.CR 400ML;2020857;30425
NUHANCIAM SOIN CORPS EXT CR F/500ML;8834153;30425
NUKAST 4MG/2,5MG CPR B/10;8490825;4810
NUKAST 4MG/2,5MG SP F/60ML;8490854;4135
NULOC 40MG CPR B/10;8496822;2755
NURABOL 2MG/5ML SIROP F/125ML;2289559;1930
NURABOL 4MG CPR B/30;2289565;2755
NURABOL 4MG SP F/125ML;2289571;2755
NURAVIT 4MG CPR PELL B/15;8445701;2895
NURAVIT SIROP VIT F/125ML;2286911;2895
NUREFLEX CPR 200MG B/30;3398612;1720
NUROFEN 200MG CPR B/20;3396435;4355
NUROFEN 200MG CPR B/30;3841421;5230
NUROFEN 400MG CPR B/12;3686498;7430
NUROFENCAPS 400MG CAPS MOL B/10;2213384;10980
NUROFENFLASH 200MG CPR B/12;3675247;5455
NUROFENFLASH 400MG CPR B/12;3676057;7725
NUROTROY SR 5MG/20MG/1500MCG CPR/10;8444587;4190
NURSIE 1 AR B/400G;8561749;4640
NURSIE 1 BTE FER 900G;8321873;8160
NURSIE 1 LAIT PDRE B/400G;8560632;4165
NURSIE 2 AR B/400G;8564073;4640
NURSIE 3 900G;5337196;8435
NURSIE 3 B/400G;5363596;3945
NURSIE ADIALAC LAIT PDRE B/400G;8305673;4835
NURSIE AR LAIT PDRE B/400G;8751444;4645
NURSIE CONFORT 1 B/400G;8564104;4865
NURSIE CONFORT 2 B/400G;8564110;4865
NURSIE EXPERTISE+ 1 B/400G (0-6MOIS);8564050;5875
NURSIE EXPERTISE+ 2 B/400G 6-12MOIS;8564067;5875
NURSIE FORTINUTRI 1 LAIT PDR 400G;1250111;4370
NURSIE FORTINUTRI 1 LAIT PDR B/300G;1252740;2390
NURSIE FORTINUTRI 2 LAIT PDRE 900G;8564044;8620
NURSIE FORTINUTRI 2 LAIT PDRE B/400G;1250142;4370
NURSIE FORTINUTRI 2 LT PDR B/300G;1252757;2400
NURSIE LACTOFIDUS BTE/400G;8307005;4440
NUTRASEL P/250GR;8365770;2270
NUTRASUCRE PDRE B/475G;8348949;2180
NUTRASUCRE PDRE B/950G;8348932;4180
NUTRASUCRE SUCR. FONCT. PDRE B/750G;8559770;3270
NUTRAVIT SP F/100ML;8515152;3465
NUTRIBON EPINARD LAIT B/250G;8291043;1020
NUTRIBON FRAISE PDRE B/200G;8326936;1070
NUTRIBON POMM TERRE B/200GR;8242464;1170
NUTRIBON POMME FRUIT PDRE 200G;8326959;1070
NUTRICAP A/CHUT SER 10ML AMP/10;7934852;7510
NUTRICAP A/CHUT SH F/150ML;7934846;4495
NUTRICAP BAUM AP/SH DEMEL 100ML;6363726;3705
NUTRICAP CROIS.CHEV GEL B/60 1MOIS;7922493;7650
NUTRICAP SH GERME BLE F/200ML;6363703;4180
NUTRIFORT BLE SOJA PDRE B/200G;8621486;545
NUTRIFORT MAIS SOJA B/250G;2296890;545
NUTRIGEE ANTI-OXYDANT FORT CP/15;6273762;9270
NUTRIGEE BASILIC SACRE FORT CP/15;6273779;9270
NUTRIGEE DIGEST HALEINE CPR B/14;2474785;5950
NUTRIGEE DIGEST HALEINE CPR/28;4783335;9575
NUTRIGEE INFU THE BIO MINC S/30;4684780;15735
NUTRIGEE PHYTO SOMMEIL CPR B/30;4812829;11950
NUTRIGEE THE DETOX BIO SACHT/20;2152205;15730
NUTRIGEE THE VERT ANTIOX S/30;5203305;12330
NUTRIGEE TOTAL MINCEUR CP B/30;4812806;11610
NUTRIS FORCE G POWER MAX SOL BUV AMP/20;8675660;11505
NUTRIS NUTRISENT OMEGA3 MARIN B/20;9027681;5330
NUTRIS NUTRISENTIELS ZINC GEL B/30;73315;10335
NUTRIS.12VIT+7OLIGO CP EF T/24;8342071;3850
NUTRIS.12VIT+GINS.CP CROQ T/24;8520621;3685
NUTRIS.COENZ.Q10 GEL B/30 (PROT.C.);8342119;6310
NUTRIS.EFFIDIGEST VENTR PL.CP/24;8341924;4630
NUTRIS.EXTR.PEPIN PAMPL.BUV 50ML;8341947;4285
NUTRIS.FORCE G STIMUL.A BUV B/10;8520615;3510
NUTRIS.FORCE G VITAMINE CP B/56;8341841;9485
NUTRIS.INF BIO ALLAIT.TIS S/20;6404626;3785
NUTRIS.INF BIO DIGESTION S/20;8342148;3530
NUTRIS.INF BIO DRAINEUR S/20;8342272;3570
NUTRIS.INF BIO SOMMEIL S/20;8342160;3720
NUTRIS.INF.BIO ANTI STRESS S/20;8342177;3495
NUTRIS.INF.BIO ARTICULATION S/20;8342183;4100
NUTRIS.INF.BIO CIRCULATION S/20;8342220;2845
NUTRIS.INF.BIO FOIE/VES TIS S/20;8342131;3785
NUTRIS.INF.BIO REGUL SUCRE S/20;8342237;3810
NUTRIS.INF.BIO VENTR PLAT S/20;8342289;3510
NUTRIS.INF.CONFORT DIGEST BIO ST/30;6275643;8705
NUTRIS.INFU.BIO DEPURAT.S/20;8342125;2850
NUTRIS.INFUS.BIO BRUL GRAIS.S/20;8342266;4880
NUTRIS.INFUS.BIO TRANSIT S/20;8342154;3540
NUTRIS.INTIMHAE SOIN APAIS GEL200ML;8500587;3940
NUTRIS.LECITONE SE CAPS B/60;8341982;10670
NUTRIS.LEVUR RIZ RGE CAPS/90;8342102;13650
NUTRIS.LEVURE BIERE CPR B/40;8390555;4970
NUTRIS.MANHAE MENOP.CAPS B/30;8341870;10610
NUTRIS.ULTRABIO.FLOR.INTEST.GEL/16;8341901;2280
NUTRIS.ULTRABIO.INFANTIL BUV S/7;8398700;3630
NUTRIS.ULTRATRANSIT GEL B/16;8341918;2375
NUTRIS.VITC+GINS.CPR CROQ T/24;8342059;4905
NUTRIS.VITC+MAGNES.CP CROQ T/24;8342065;3435
NUTRIS.VITC+PROBIO.CP CROQ T/24;8500570;2710
NUTRIS.VITC/GUARANA CP B/24 CROQ;8675499;5325
NUTRISENS CR LINE SAVEUR  CAFE 125G;1549680;1200
NUTRISENS CR LINE SAVEUR ABRICOT 125G;6154968;1200
NUTRISENS CR LINE SAVEUR CITRON 125G;615496;1200
NUTRISENS CR LINE SAVEUR VANILLE 125G;2051555;1200
NUTRIT SP 200ML (MULTIVIT+AA);8398551;3635
NUTRIVISC 5% CY F/10ML;3449982;3700
NUTRIVISC 5% CY UNID 0,4ML B/30;3423907;3770
NUTROF TOTAL B/60CAPS(COMPL ALIM);4476188;34980
NUTRYELT AMP PP 10ML B/10;35221;30305
NUVARING ANNEAU VAGINAL SAC B/1;3630813;17000
NUVENTA CAPS B/30;1353231;7700
NUX VOMICA 7 CH GR;527090;3020
NUX VOMICA GR 5CH;527078;5390
NUXE AROMA PERF GEL NET T/200ML;4858949;8825
NUXE COF.PRODIGIEUX CULTE;448091;42035
NUXE CR MERVEIL.EXPERT NUIT 50ML;419578;23340
NUXE EAU DEMAQ MICELLAIRE 200ML;9958696;8915
NUXE HLE PROD 100ML+HL 30ML;36996;26815
NUXE HUIL PRODIG OR T/50ML;4572331;8510
NUXE HUILE PROD 50ML;2014;17565
NUXE-COFFRET HLE P LES ICONIQUE-HLE ;6104105;21635
NUXE-COFFRET P FRAGRANCE MYTIQUE-P PARF 30ML+HLE;6272600;21635
NUXE-COFFRET PRODIGEUX R-HLE P FLORAL100ML;1101780;29880
NUXE-COFFRET PRODIGIEUX LE MMT SERENITE-HLE;1101880;29880
NUXE-NUXE H-COFFRET GEL DCHE 200ML+D 50ML+GEL HYD;6477578;18545
NYLON D4 (1) 3/8 45MM COURBE;8226318;1300
NYLON D5 (2) 3/8 45MM COURBE;9001030;1230
NYLON FIL.D2(3/0) PETERS;8311432;1405
NYLON MONOFIL D1,5(4/0)3/8C25;8266631;1560
NYLON MONOFIL D2 (3/0) 3/8C30;8266648;1300
NYLON MONOFIL D3 (2/0) 3/8C TR30;8266654;1700
NYLON MONOFILAMENT 10/0 MONOSOF;8001200;15600
NYSTASHA 100000UI CPR GYNECO B/14;8010328;1530
NYSTATINE UBI SOL BUV 1000000UI F/30ML;2475661;1380
O-TETRA 20% LA 100ML;3041092;2750
O.P.I-NAIL STRENGHTENER-BASE COAT FORTIFIANT PR ONGLES BATUR 15ML;6703005;10845
O2 NEX 200MG/500MG CPR B/30;8471710;6890
O2 NEX 50M/125MG BUV F/60ML;8452687;2810
OBJECTIF ZEROVERRUE STYLO 3ML;8133321;24400
OCUFEN 0,12MG/0,4ML CY 50DSE;3350261;8345
OCUGUARD CAPS MOLLE B/30;8335450;7025
OCUGUARD CAPS MOLLE B/30;8484925;6890
ODIA 1MG CPR SEC B/30;8058938;2910
ODIA 2MG CPR SEC B/30;8058967;4220
ODIA 3MG CPR SEC B/30;8058973;4285
ODICEF 1G IM/IV PRDE INJ+SOL B/1;8061722;1780
ODIFLEX PDRE ORAL 5G SACH/10;9016623;6610
ODIMONT 10MG CPR B/30;8487214;11020
ODIMONT 5MG CPR B/30;8487243;8265
ODITAX 1G IM/IV PDRE SOL INJ B/1;8488969;3570
ODM5 SOL OPHT FL/10ML;2012817;17630
ODYFEBRAL SUSP BUV 125MG FL/100ML;1645011;1380
ODYYNE SP F/200ML;8802561;2340
OEDES 20MG GEL B/14;8006798;3940
OEDES 20MG GEL B/28;8096784;7205
OENOBIOL CAPILLAIRE REVITAL B/60;5356983;21310
OENOBIOL REGARD 150MG CP B/30;9816594;29090
OESTRODOSE GEL FL DOSEUR 80G;3382924;6515
OESTROGEL TUBE 80GR ;3168929;5260
OFIKEN 100MG/5ML PDR BUV F/60ML;8059056;5815
OFIKEN 200MG CPR PELL SEC B/16;8059033;6230
OFLAB OZ 200/500MG CPR B/10;8424656;2205
OFLOCARE 200MG CPR B/10;8000838;3885
OFLOCET 200MG COMP B/10;3290323;6230
OFLOCET 200MG/40ML INJ IV B/1(FA);5563446;8295
OFLOCET GTTES AURIC 20UNIDX0,5ML;3398635;5980
OFLOCINE 200MG CPR B/10;2277415;2935
OFLOCINE PERF F/100ML;8002346;3710
OFLOMAC 200MG CPR B/10(OFLOXACIN);8071838;2965
OFLOMAX 200MG CPR B/10;8020255;3500
OFLOMED SOL AURIC.5ML B/20 UNIDOSES;9093316;4220
OFLOR 200/500MG CPR B/10;8092734;4990
OFLOSWIZ-O 200/500MG CPR B/10;8456509;3720
OFLOX 200MG CPR B/10;8079768;4990
OFLOXACINE 200MG TM CP B/10;8033499;2755
OFLOXYL 200MG CPR B/10;8602566;2925
OFLOXYL 200MG CPR B/100 (OFLOXACINE;8017804;20695
OFLOXYL 200MG CPR B/100 BL/10;9999175;2070
OFLOZOLE 200/500MG CPR B/10;8446037;2410
OFRAMAX 1G INJ B/1;8010682;2815
OFUSIDIC 0,1% COLL F/5ML;8435105;3775
OGAST 15MG GEL B/30;3454842;10785
OGAST 30MG GEL B/28;3445518;8050
OGESTAN CAPS B/30 (GROSS.ALLAIT.);2065038;7035
OKIMUS CPR B/40;6366619;8750
OKZAN BOLUS PL/5;90002510;3030
OKZAN F CPR B/10;9026372;1820
OKZAN F CPR B/100;3143007;10720
OLANAP 10MG CPR B/50;8475978;9645
OLANAP 5MG CPR B/50;8475961;6875
OLANDO 0,1 COLL F/5ML;8491227;3030
OLANZAPINE 10MG CPR B/28 BGR;4939926;14300
OLANZAPINE 10MG CPR B/28 MYL;3945505;14805
OLANZAPINE 5MG CPR B/28 BGR;4939895;15995
OLANZAPINE 5MG CPR B/28 MYLAN;9454399;18920
OLEANDER 5 CH GR;535072;1135
OLEO GLYCERINE LAIT CORP/250ML;6209652;5895
OLFEN 100MG RECTOCAPS B/5;2024499;2095
OLFEN 100MG SR DEPOCAPS B/10;2024507;3610
OLFEN 10MG GEL TUBE/50G;2024482;2235
OLFEN 50MG LACTAB B/20;2024542;3195
OLFEN 75MG AMP INJ B/3;8014562;1410
OLFEN 75MG SR DEPOTABS B/30;2292277;5540
OLIGOBS GROSSESSE FER CPR B/30;6117329;6990
OLIGOBS GROSSSESSE OMEGA3 CPR /30+CAPS/30;6007936;10930
OLIGOBS MENOPAUSE CPR B/30;6625965;6545
OLIGOBS PROCREA F CAPS 60;8328177;14330
OLIGOBS PROCREA M PDR S/30+CAPS/30;6117312;39465
OLIGOPHOS 1LITRE;7277905;5200
OLIGOPHOS 5L;9021736;21985
OLIGOSELEN VIT E BID 1L;9029979;9520
OLIGOSELEN VIT E BID 5L;9002118;45110
OLIGOSOL COBALT AMP 2ML28;145975;9560
OLIGOSOL CU OR AG F/60ML;750797;6520
OLIGOSOL IODE AMP B/14;3075286;2115
OLIGOSOL LITHIUM AMP 2ML B/28;3754662;11290
OLIGOSOL MANG CUIV COB AMP/28;3014067;10245
OLIGOSOL MANGA CUIV AMP B/28;3754745;8650
OLIGOSOL MN  AMP B/28;3754739;15830
OLIGOSOL ZINC AMP 2ML 28;7547741;9645
OLIOSEPTIL GORGE/LARYNX B/24 PASTIL;8347832;8420
OLIOSEPTIL GORGE/LARYNX SPR F/20ML;8354200;8050
OLIOSEPTIL NEZ GORGE GEL B/15;7824230;7775
OLIOSEPTIL SINUS GEL B/15;7897909;7735
OLIOSEPTIL SPR NASAL F/20ML;8354074;8060
OLIVITASOL PDRE SACH 15G B/1;309507;430
OLMAT 20MG CPR SEC B/30;8058312;10110
OLMAT 40MG COR SEC B/30;8058329;13470
OLMAT H 20MG/12,5MG CPR SEC B/30;8084172;16420
OLMETEC 10MG CPR PELL B/30;3740140;11340
OLMETEC 20MG COMP B/30;3740186;17130
OLMETEC 40MG CPR PEL B/30;3740217;17400
OLOPAT 0,1% COLL F/5ML;8078740;5280
OLOTOP 0,1% CY F/5ML;8439250;4165
OLOXINE 200MG CPR B/10;8443429;3635
OMAX 10MG GEL GAST.RES.B/30;8437593;4850
OMAX+ZINC REHYDR ORALE PDR 2 SACHETS+10CPR;8469216;2080
OMC D 400MG/830MG CPR B/30;8474499;4820
OMEGA 3 VIT E EPA CAP B/120 ANASTOR;3204708;55480
OMEGAVIE 800MG/75MG/50MG GEL B/30;8531926;4170
OMEGEN 20MG GELULE B/14;8050210;2660
OMEGEN 20MG GELULE B/28;8050227;4550
OMEGEN 20MG GELULE B/7;8050204;2305
OMEPRAZOL 20MG GEL B/28 BGR;3628621;5985
OMEPRAZOLE 20MG  GEL B/28 BGR;3016840;4760
OMEPRAZOLE 20MG CPR UBI 10BL7;8099498;9675
OMEPRAZOLE 20MG GEL B/14 AFRICURE;8493077;685
OMEPRAZOLE 20MG GEL B/14 BGR;3016839;1710
OMEPRAZOLE 20MG GEL B/7 ARROW;4975833;1370
OMEPRAZOLE VIR 20MG GEL B/14;8469392;2425
OMEPRAZOLE VIR 40MG GEL B/14;8469400;5150
OMERON 20MG GEL B/100;8005155;5600
OMERON 20MG GEL B/100 PL/10;142875;560
OMESHAL D 20MG/10MG GEL B/60ML;8483558;2410
OMETIL 20MG GEL B/10;8095833;1615
OMEXEL LP 0.4MG CPR PEL B/30;3696249;9600
OMEZEE 20MG GEL B/10;8776668;2615
OMEZOL 20MG GEL B/14;8014987;4410
OMEZYN 20MG CAPS B/15(OMEPRAZOL);8305934;4275
OMICAP 20MG GEL B/14;2275899;9480
OMICAPS 20MG CAPS B/28;8061478;6325
OMIT 10/10MG CPR PELL B/30;8455929;4355
OMIX LP 0,4MG GEL B/30;3399818;10025
OMIZ 20MG GEL B/14;8445753;3100
OMIZ 20MG GEL B/28;8445776;5370
OMIZEC 20MG GEL B/28;8042268;4850
OMNIC OCAS LP 0,4MG CPR B/30;8427991;15525
OMNIPAQUE 300MG/ML  F/100ML1;2667576;32810
OMNIPAQUE 300MG/ML INJ F/100ML;3460110;36090
OMNIPAQUE 350MG/ML F/50ML;3460073;21475
OMNIPAQUE SOL INJ 300MG 50ML;3460073;17825
OMPRANYT 20MG GEL B/14;8026944;4160
ON CALL EXTRA B/25 BANDELETTES;7555959;6610
ON CALL EXTRA B/50 BANDELETTES;1444021;11330
ON CALL EXTRA GLUCOMETRE ACON;7559414;13220
ON CALL EZ GLUCOMETRE ACON;6175901;13220
ON CALL LANCETTES STERIL.B/100;1444071;3400
ON CALL PLUS B/25 BANDELETTES;9046328;10000
ON CALL PLUS B/50 BANDELETTES;8397646;11625
ON CALL PLUS GLUCOMETRE ACON;8397623;19655
ON CALL SHARP BANDEL.B/25;4717166;5600
ON CALL SHARP BANDEL.SACH/25;4717172;6650
ON CALL SHARP BANDELETTE B/50;1443981;13220
ON CALL TWIST BL.3G LANCET B/100;5020131;7800
ON CALL VIVID BANDELETTE B/25;1443951;6610
ON CALL VIVID BANDELETTE B/50;1443941;13220
ON SETRON DENK  4MG CP OROD B/6;8070201;4165
ON SETRON DENK 8MG CP OROD B/6;8550993;5540
ONAGRE CAPSULES B/40 PRANAROM;7844770;12690
ONCOVIN SOL INJ 1MG 1ML;3264998;16780
ONCTOSE CREM T/48G;3171914;10735
ONE -V-KIT1G/150MG/1G CPR B/4;8475375;4135
ONE TOUCH ;4871950;29565
ONE TOUCH DELICA LANCETTE B/200;4062050;18380
ONE TOUCH SELECT+ BDELET.REACT/100;6024674;33150
ONE TOUCH ULTRA B/100 BANDELET.;7659156;52820
ONE TOUCH ULTRA B/100 FL/25 BANDELE;9026900;12825
ONE TOUCH ULTRA B/2*50 UNITE;4320084;27860
ONE TOUCH ULTRA B/2X25 UNITE;4129802;13090
ONE TOUCH ULTRA B/50 BANDEL;7537950;26180
ONE TOUCH ULTRA SOFT B/200 LANCET.;7659185;21120
ONE TOUCH ULTRA SOFT LANCET.UNITE;8046326;105
ONE TOUCH VERIO BAND.B/2X50;9739942;42700
ONE TOUCH VERIO GLUCOMET;4062096;79750
ONE TOUCH VITA B/2X50 BANDEL;4871967;53960
ONE TOUCH VITA B/2X50 UNITE;3295763;26980
ONECEF 1G INJ AMP 10ML B/1;8014763;2785
ONECEF SB 1,5G PDR INJ F/20ML;8062851;4135
ONGLYZA 5MG CPR PELL B/30;3973588;13750
ONIFINE 1% CR T/30GR;8434821;4220
ONIFINE 1% SOL PULV.CUT F/30ML;8443441;4000
ONIFINE 250MG CPR B/14;1252034;9480
ONIFINE 250MG CPR B/28;115105;16810
ONOSMODIUM VIRGI 9 CH GR;536108;1255
ONYTEC 80MG/G VERNIS MEDICAL FL/6.6ML;3950110;20870
OPALGYNE SOL.VAGIN. 0,1%UNID B/6;3284653;20675
OPATANOL 1MG/ML COLL F/5ML;3598972;5125
OPELAN 10MG CPR ORODISP B/30;8484977;12400
OPELAN 5MG CPR ORODISP B/30;8484960;10880
OPELAN ODT 10MG CPR B/30;1511871;12400
OPELAN ODT 5MG CPR B/30;1511861;10880
OPHTACINE CY F/5ML(GENTAMICINE 0,3%;8007792;1380
OPHTACURE COLL F/5ML;8491210;3790
OPHTAGRAM POM OPHT T/5G;3255930;1480
OPHTALGYLE 0,1% COLL F/5ML;8491233;2990
OPHTALMINE COLLYRES 20ML;3075872;3175
OPHTASILOXANE COLLYRE F/10ML;3075599;13740
OPHTIM CY 0,25% 60 UNI DOSES;3354632;9070
OPRAZOLE 20MG CPR B/28 (OMEPRAZOL);8027487;4990
OPRAZOLE 20MG CPR PELL B/14;8076209;3200
OPTICIN 0,3% CY F/5ML;8078852;2480
OPTICLUDE JR PANS 5CMX6CM B/50;8075427;26795
OPTICLUDE MINI SILICONE 5X6 CM B/50 GARCON;6757820;27170
OPTICLUDE PANS AD B/20;6093959;15090
OPTICLUDE PANS JNIOR B/20;6470126;18090
OPTICRON 2% COLLYRE FL 5ML;3202980;3490
OPTICRON 2% CY UNID B/10;3313550;3195
OPTIDEX-T COLL F/5ML;8078823;2825
OPTIFLOX COLL F/5ML;8078817;2510
OPTIFRESH COLL F/10ML;8078792;2480
OPTIMIZETTE GE 75MCG CP B/3X28;2740698;5390
OPTIMOL 0,5% COLLYRE F/5ML;8004279;1545
OPTIPRED 1% COLL F/5ML;8078757;2370
OPTISERUM LAV.OCUL.5ML B/10DOSES;8502830;2575
OPTIVET MULTIVIT CPR B/30 (VETO);3420085;4800
OPTIVET MULTIVIT CPR B/30 BL/10;9764414;1600
OPTOGEST 100MG CPR B/30;8444593;5510
OPTOGEST 200MG CPR B/30;8444601;12055
OPTONE ACTIMIST SPRAY OCULAIR.10ML;2941215;20185
OPTOVISC 0.3% COLL F/10ML;9999852;1170
OPTREX SOL LAVAG OCUL FL/15 UNID;7885616;9380
ORAB D 20MG/30MG CPR B/30;8476038;5695
ORACEFAL 125MG PDRE SP FL/60ML;3201880;1875
ORACEFAL 1GR CPR DISP B/6;3290211;5070
ORACEFAL 250MG PDRE SP FL/60ML;3203123;3320
ORACEFAL 500MG GELULE B/12;3201839;5635
ORACEFAL 500MG PDRE SP FL/60ML;3216054;5675
ORACILLINE 1000000UI/10ML SUSP BUV F/180ML;3282708;19380
ORACILLINE 1M COMP B/12;3194915;4570
ORACILLINE SP BUV 250000U;3181031;8420
ORACILLINE SP BUV 500000U F/120ML;3282660;10735
ORADROXYL 1G CPR B/6;2284639;5015
ORADROXYL 250MG/5ML SUSP F/60ML;2284651;2795
ORAL B 2EN1 DENTIF PATE T/120G;8678730;1425
ORAL B 3D WHIT DENT.ECLAT T/75ML;2019943;6750
ORAL B ARP FRESH MINT 93G;8147748;1645
ORAL B BROSSET.PRECIS.CLEANX3;9745374;21110
ORAL B DENT EXTRA FRSH GEL T/130G;8703534;1440
ORAL B DENT JUNIOR 6+ANS T/75ML;8650358;1700
ORAL B DENT MINT FRESH FAM PATE T/158G;8521595;3120
ORAL B DENT MINT FRESH GEL T/140G;8349630;1260
ORAL B ESS FLOSS MENTH;7030932;2015
ORAL B FIL DENT ESSENTIAL B/12;8342941;23000
ORAL B FIL DENT.CIRE ESSENTIAL/1;8388446;1940
ORAL B GEL DENT EXTR FRESH 90G;1242774;840
ORAL B GEL DENT.EXT.FRESH 140G;8349618;1260
ORAL B HERBAL MINT DENT T/90G;4015406;780
ORAL B HERBAL MINT GEL 140G;8144632;1140
ORAL B PATE DENT MINT FRESH T/95G;8349624;2375
ORAL B PRO EXP DENT PROT 75 ML;5379760;5860
ORAL B PRO EXP DENT SENS 75ML;5379777;9080
ORAL B PRO HEALTH DENT FRESHN T/75ML;8540055;2375
ORAL B STR. TEETH DENT EXT FRESH T/40G;8594772;600
ORAL B STR.TEETH DENT EXT FRESH 90G;8540032;465
ORAL B STR.TEETH DENT HERB MIN 90G;8540049;1025
ORAMIN F GEL B/30;8531843;6670
ORANDIA 500/5MG CPR B/30;8484523;4545
ORANGEL GELATINE BUV SACH B/10;6372843;4180
ORAP 1 CPR B/30;3130714;1390
ORAP 4MG CPR B/30;3130720;4835
ORCHAPRED GEL OPHT F/5G;80080530;2315
ORCHAZIDE CY F/5ML (KETOTIFENE);8008082;3210
OREILLER A MEMOIRE DE FORME;8585856;63130
OREILLER ANAT50X32X8/10;2000091;61725
OREILLER ORTHOPEDIQUE OF-5866 GM;4131934;55225
OREILLER ORTHOPEDIQUE OF-5866 PM;4131928;42955
ORELOX 100MG CPR B/10;3331424;8970
ORELOX 200MG CPR PEL B/10;8027837;10360
ORELOX 40MG/5ML SUSP PED F/100ML;3360408;10400
ORELOX 40MG/5ML SUSP PED F/50ML;3360383;5965
OREX 125MG/5ML BUV F/60ML (CEFALEXI;8030383;1630
OREX 250MG/5ML BUV F/60ML (CEFALEXI;8030408;2535
OREX 500MG GEL B/12 (CEFALEXINE);8030414;4010
ORGALUTRAN 0,25MG INJ SER.B/1;3553018;47570
ORGALUTRAN 0,25MG INJ SER.B/5;3553024;160000
ORGANIC CHOLESTEROL SACH/20;8980725;5000
ORGANIC DETOX SACH/20;8980749;5000
ORGANIC DIABETIC SACH/20;8980763;5000
ORGANIC SLIMMING TEA SACH/20;8980824;5000
ORIDERMYL GEL AURIC T/10GR;6868231;4390
ORIDERMYL PDE AURIC T/30G;9018740;30755
ORIMETENE 250MG CP B/60;3254899;25475
ORIXO 200MG CPR B/10;8441962;3445
ORIXO 400MG CPR B/10 (OFLOXACIN);8441979;5540
ORNIBRON H120 FL 1000DOSES;9027673;1845
ORNICETIL 2G FL IM/IV+SOLV B/1;3076191;1970
ORNIMIX CLON HB1/H120;9022262;2430
ORNIPRIM B1 1000DS;9027816;1845
ORNIPURAL INJ F/100ML;6885979;3870
OROCAL 500MG COMP.B/60;3322916;6665
OROCAL D3  500MG/200UI CPR B/60;6960602;6450
OROCAL D3 500MG/200UI CPR B/180;3738841;24070
OROCAL D3 CPR B/60 A SUCER;3442804;6625
OROCAL D3 CPR SUC B/180;3696060;19630
OROCAL VIT D3 500MG/1000UI CP CROQ B/30;1373;6275
OROCAL VIT D3 500MG/400UI CPR B/60;60139510;6880
OROFER 50MG SIROP F/150ML;8036902;1820
OROFER GELULES B/40;2292314;1570
OROKEN 100MG PDR SUSP FL/200DOSES;3358989;9810
OROKEN 200MG AD COMP B/8;3313113;9785
OROKEN 40MG SUSP BUV FL/40ML;3358995;4825
OROMAG COMP B/30;3411726;3305
OROMONE 1MG CPR B/28;3511675;3080
OROMONE 2MG CPR B/28;3424367;4405
OROPERIDYS 10MG CPR B/21;3005785;2065
OROPOLIS SPRAY F/20ML;9722002;6210
OROPUR CAPS B/50;7271699;4835
OROSEPTOL AD/ENF TABL B/30;3160307;4095
OROSPRAY PDRE AERO F/210ML;6849156;4950
OROZAMUDOL 50MG CPR B/10 ORODISPERS;8004954;3060
OROZEN PAST CROG B/20;8397882;5050
"ORPHELINA ""NAFISSOU""";7931345;1000
ORTHESE CHEV LIGA AIR THASNE;4486318;23660
ORTHESE CHEVIL SALVACAST CRYO;8740564;22780
ORTHESE COUDE EPI CLASS T5;2484713;18755
ORTHESE HALLUX VAGUS MED 2MM GIBORT;6609512;7630
ORTHESE POIGN.RIG.T3 R4126;7084112;17685
ORTHESE POIGN/MAIN STD SALVA;5150891;21440
ORTHESE POIGN/PCE T2 MED SALVA;6237932;27560
ORTHESE POIGN/PCE T3 LARGE CPF;9884704;25870
ORTHESE POIGNET MAIN ENFANT;7244739;21895
ORTHESE POUCE T1 CPF;4863057;14230
ORTHESE POUCE T2 CPF;4863040;14230
ORTHESE SALVA KID POIG/POUCE;7244745;23160
ORTHESE SALVA POUCE TA;1744501;11610
ORTHO CEINT OMBILICALE BB PED-7121;64712110;6050
ORTIE SILICE BUV F/500ML BIOFLORAL;9844018;30900
ORTIS FRUIT&FIBRE TRANSIT CUB B/24;7995339;17640
OSCAR RENTA P.LUI EDT+DEOD;9019314;12115
OSCILLOCOCCINUM GLOB.B/6 DOSES;3281100;11590
OSICORT RET.40MG INJ 1ML+SER.;8074989;3475
OSMOGEL GEL T/90G;3076417;2010
OSMOLEINE POM.NASAL T/20G;9990027;3375
OSMULE PDRE 5,6GR SACH B/10;4351512;2755
OSPAMOX 1000MG CPR DISP B/12;2299026;4495
OSPAMOX 1000MG CPR PEL B/12;2011203;3405
OSPAMOX 250MG SUSP GLES FL/60ML;2009181;1710
OSPAMOX 375MG SP FL/60ML;2024832;2420
OSPAMOX 500MG COMP B/12;2009152;1380
OSPAMOX 500MG CPR DISP B/12;2299032;1960
OSPEN 1MUI CPR B/12;3132162;3445
OSSOPAN 600MG CPR B/30;3239523;2750
OSTEO CONFORT (ARTICUL & OSSEUX)/15;6273839;9260
OSTEO CONFORT CPR B/60 NUTRIGEE;7104398;31300
OSTEO-24 CPR B/60;8824479;10425
OSTEOCARE CPR B/30;8385531;7275
OSTEOCARE SP F/200ML (CA+MG);8022662;6725
OSTEON 70MG CPR B/10;8069853;34440
OSTEOPHYTUM CP B/60(MOBIL.RENF.ART);8516654;12145
OSTEOPHYTUM GEL AP/DECONT.100ML;8516677;9140
OSTEOPHYTUM PATCHS B/14;4662399;3760
OSTEOSYL D3 CPR B/30;8058401;6000
OTICAL SOL AURIC F/15ML;8466583;1655
OTIKOO EAR DROP F/15ML;9040219;1535
OTIPAX SOL AURIC.F.C.GTT 15ML;8076244;2340
OTOFA SOL AURIC FL/10ML;3280520;3155
OTOFLU 3% S.AURIC.YX F/5ML;5599421;5910
OTOREX ED GTTE AURIC F/10ML;8437498;1375
OTOSCOPE+PILE;9016818;110500
OTRIVINE 0,05% ENF GTTE /10ML;3182800;1765
OTRIVINE 0,1% AD NEBUL.FL/10ML;2009755;1840
OTRIVINE 0,1% MENTH SPR 10ML;8071815;1805
OTRIVINE 0.1% GTTE NAS F/10ML;2492600;1945
OUATE SYNTH 2,7M X 10CM SOFFBAN;8270779;710
OUATE SYNTH 2,7M X 7,5CM;8270791;610
OUATE SYNTHET.BL 275 X 10CM;6196493;825
OV-POWER GEL B/30;8719831;13475
OVAIRIL GEL B/60;8648798;9090
OVAKYST CPR B/30;8665963;9995
OVARINUM 7CH GR;548815;2400
OVAZOL 500MG OV B/10 (METRONIDAZOL);8092071;1710
OVITRELLE 250MCG/0,5ML SERING;3622452;27550
OVOCYPLUS GEL B/60;8001795;28980
OVOCYPLUS GROSSESSE GEL B/30;8545236;12345
OVUMIX OV VAG B/6;8008544;3475
OVUROL 200/300/100MG OV B/3;8454723;6200
OXACID SUSP BUV FL/200ML;1424381;2065
OXACILLINE UBI 1G PDRE SOL INJ UNIT;9920044;1310
OXACILLINE UBI 250MG/5ML SP/60ML;8054455;1520
OXACILLINE UBI 500MG GEL 10BLIST12;8054136;33090
OXAGRAM 500MG GEL B/24;2285739;4230
OXALAIR 125MCG INHAL DOSES/120;2284674;8295
OXALIPLATINE 100MG IV F/20ML MYLAN;5704800;24370
OXALIPLATINE 50MG IV F/10ML MYLAN;5704734;16780
OXAPEN 1GR INJ IM/IV B/1;2297932;1395
OXAPEN 250MG/5ML SP F/60ML;2297903;2135
OXAPEN 500MG COMP B/12;2297926;4035
OXEOL 10MG CPR SECA B/30;3371375;7705
OXFLO OZ CPR B/10;8815575;2755
OXICEB 100MG GEL B/20;8014881;4820
OXICEB 200MG GEL B/20;8015001;8710
OXICLAR 125MG/5ML PDRE SUSP BUV F/100ML;8431834;2925
OXICLAR 250MG/5ML PDR BUV 100ML;8431828;3445
OXICLAR 500MG GEL B/24;8438612;3305
OXYBOLDINE CPR EFF B/24;3617103;2890
OXYCLANE SUPER CPR B/100;6868320;3680
OXYCLINE 20% 100ML;9640600;3725
OXYMED 20% SACHET 100G;9005269;2685
OXYMED 50% SACHET 100G;6846933;3600
OXYMED 50% SACHET 400G;9007185;12045
OXYMETRE DE POUL DIGIT SPENGLER 02;2001759;55000
OXYMETRE DE POULS POWERSCAN;3804426;26130
OXYNORMORO 5MG B/14;9500572;6030
OXYPLASTINE POM T/135G;3077144;4820
OXYTETRA 10% LAPROVET F/100ML;9045352;2620
OXYTETRA 200 LA 100ML;90344510;4180
OXYTETRA BASE 1KG SAC 25KG ;9015629;27540
OXYTETRA.50% PDRE 100GR LAPROVET;1695;4040
OXYTETRA.50% PDRE 1KG LAPROVET;9030273;35720
OXYTOCIN 10% 50M INJ UEMOA HUVEPHARMA;1116538;2555
OXYTOCINE 10UI F/50ML;9025579;3195
OXYTOCINE IG 5UI/ML INJ B/3;8463024;1335
OXYTOCINE MEDAC 5UI/ML B/10(SYNTOCI;5857952;6980
OXYTROY 5UI/ML INJ AMP 1ML/3;8425503;1170
OXYVET 10%;7085778;1420
OXYVET 20%;2168991;2840
OZAPRAL 15MG GEL B/30 (LANSOPRAZOL);8063951;4990
OZAPRAL 30MG GEL B/30;8063968;7330
OZBEY COUCHE AD LARGE P/8;9007682;3825
OZBEY COUCHE AD MEDIUM P/10;9001768;3825
OZIBEN 100MG COMP B/6;2036321;1380
OZIBEN 100MG SUSP BUV F/30ML;2036338;1860
OZIBEN 200MG SACHET B/3;8026743;1860
OZIBEN 500MG CPR B/1;2262483;1365
OZICLIDE MR 60MG CPR B/30(GLICLAZID;9603912;7565
OZOLAMIDE CY F/5ML;8008099;7205
OZOTHINE SP FL/125ML;3077351;1575
P PLAIS BONBON COLA 110ML R900407;8179381;4770
P PLAIS BRUME P VAN PAIL F/200ML;1841981;6240
P PLAIS CARAMEL 110ML 87112;2264128;4835
P PLAIS CHEVREFEUIL 110ML;8437038;4355
P PLAIS CITRON CLEM 900427 F/110ML;8179369;5410
P PLAIS COQUELICOT 110ML R900429;8179352;4770
P PLAIS EDT COCO 110ML REF 901574;1709371;5770
P PLAIS EDT ROSE 110ML 01846;1626971;5800
P PLAIS FL OR 110ML 01845;1626961;5820
P PLAIS FLEUR DE COTON 110ML;8179464;5740
P PLAIS FRAISE ACID.110ML 87185;8437185;4840
P PLAIS FRAM GRENAD 110ML 900426;8179375;4770
P PLAIS KID BUBBLE GUM 110ML;84370670;4355
P PLAIS LAIT COR VANIL 250ML;1330971;4140
P PLAIS MARSHMALLOW 110ML 87168;8143443;4840
P PLAIS MUGUET 110ML R87116;2264884;5600
P PLAIS MUSC BLANC 110ML 2036;1661101;5820
P PLAIS NOUGAT 110ML R900405;8179398;4770
P PLAIS PATCHOULI 110ML 87142;2265033;5740
P PLAIS VAN FRAISE 110ML 87184;8192602;5740
P PLAIS VAN MONOI 110ML 87180;8118712;4355
P PLAIS VAN.GOURM 110ML87162;8437073;5860
P PLAIS VANI FRAMBOISE 110ML;8437096;5780
P PLAIS VANIL 110ML 87173;2266506;5860
P PLAIS VIOLT MAC 110ML 900122;1521901;5860
PABAL 100MCG S INJ 1ML B/5;1333421;89540
PACIPHYL SP F/100ML;8454143;1965
PACLITAXEL 100MG/16,7ML AHCL ACCORD;5788091;15950
PACLITAXEL 100MG/16,7ML PERF.ARROW;5742410;14215
PACLITAXEL 6MG/ML IV B/5 BIOLYSE;8422858;74035
PACLITAXEL 6MG/ML PERF B/5 UNITE;411855;25840
PACLITAXEL 6MG/ML PERF UNITE BIOLYS;91364010;14807
PACLITERO 100MG/16,7ML SOL INJ AMP B/1;8472833;35485
PACO RAB.1MIL-COFFRET EDT EDT 100ML+10ML;7382253;89140
PACO RAB.PURE XS EDTV50+10+P.CL;6816139;77885
PACO RABAN-LADY MILL EDP 50ML+LT 75ML;6601054;77810
PACO RABAN.1MIL.EDT100+ GD100ML;6853548;88110
PACO RABAN.1MIL.EDTV 100ML+EDT 20ML;9004123;61815
PACO RABAN.BLACK XS EDTV100+GEL100M;6852566;45000
PACO RABAN.BLACK XS PR EL.EDPV+LAIT;1163715;50000
PACO RABAN.BLACK XS PR EL.EDTV+LAIT;552076;47000
PACO RABAN.EDTV F/100ML;6808134;52000
PACO RABAN.LADY MILL.EDPV 80ML;6850840;93750
PACO RABAN.LADY MILLION DEO SPR 150;9061115;19000
PACO RABAN.LADY MILLION GOLD-COFFRET 50ML+LT CORPS 100ML;6857167;85445
PACO RABAN.PR H EDTV100+DEO STIC75G;6852603;52000
PAIDOFEBRIL 100MG/5ML SP 200ML;8083592;2920
PAIDOTERIN SOL ORALE FL 100ML;2031068;2785
PAINEX 325/400MG CPR B/10;2277881;1185
PAINOVER CR T/30G;8462438;1655
PALMER COCOA BODY BUETTER B/170G;8158580;9290
PALMER COCOA BUT EVENT.CR VIS 75G;8323197;7265
PALMER COCOA BUT GEL CLEANS.150ML;8313715;8005
PALMER COCOA BUT HUIL SKIN TH 60ML;8313738;8860
PALMER COCOA BUT LAIT D.CALM 100ML;8313750;10645
PALMER DAILY FACIAL LOT.SPF15 100ML;8158545;10645
PALMER REJUV.FACIAL SER.30ML;8158574;13935
PALUCARE 40MG/320MG CPR ENR B/6;8497046;3320
PALUCET-Z 80MG IM INJ AMP 1ML B/6;8423303;3390
PALUCURE 80/480MG CPR B/6;8417952;2165
PALUCURE DT 20/120MG CP DISP B/6;8417946;705
PALUCURE PLUS 80/480MG GEL B/6;8466666;3305
PALUDOSE SP F/100ML;8619822;3225
PALUJECT 0,40 AMP INJ B/72;2028729;31025
PALUJECT 0,40 INJ PREP B/6;2006811;2305
PALUMART 80/480MG CPR B/6;8053177;2260
PALUMAX 20/120MG CPR DISP B/6;8082575;830
PALUMAX 40/240MG CPR DISP B/6;8082581;2030
PALUMAX 60MG IM/IV B/1;1450001;1200
PALUMAX 80/480MG CPR DISP B/6;8082612;2030
PALUMEL 80MG/480MG CPR ENR B/6;8081400;2755
PALUMETHER 80MG INJ AMP 1ML B/6;8012066;5030
PALUMIL 20/120MG CPR DISP/6 ENF;8424030;980
PALUMIL 80MG/480MG AD CPR B/6;8424024;2675
PALUQUIN CPR B/18 (QUININE S.300MG);1352221;4200
PALUTHER IM 80MG AMP 1ML B/6;2023749;15125
PALUTOR 20/120MG CPR DISP B/6;8088997;925
PALUTOR 40/240MG CPR B/12;8092786;2785
PALUTOR 80/480MG CPR B/6;8092817;2925
PALUVA 180/1080MG PDR BUV F/60ML;8068552;1350
PALUVA 20/120MG CPR SEC B/6;8068581;1035
PALUVA 40MG SOL INJ AMP/1ML B/6;8418437;2510
PALUVA 40MG/240MG CPR ENR SEC B/6;8068598;1530
PALUVA 60/360MG CPR B/6;8436406;1530
PALUVA 80/480MG CPR B/6;8068569;1750
PALUVA 80MG INJ AMP 1ML B/6;8418443;2730
PALUXIN 525MG CPR B/3;2276083;600
PAMAGIN C CPR B/10;8005244;1960
PAMAGIN C SP F/60ML;8002777;1960
PAMOATE PYRANTEL 125MG CPR B/36;8260203;3000
PAMPERS  BB DRY S2 3/8KG P/40;8318262;7665
PAMPERS BABY DRY N 3-8 P/62;8162423;16110
PAMPERS BB DRY JUNIOR S5 11-25KG P/48;8789889;15505
PAMPERS COUCH BB DRY MIDI S3 P/32;8754129;8240
PAMPERS COUCH BB DRY S4 9/18KG P/32;8318285;8240
PAMPERS COUCH BB DRY S4 9/18KG P/64;8598741;13865
PAMPERS COUCH PREM  3-8KG P/74;8566310;16485
PAMPERS CULOTTE 6-11KG P/31;8544691;9725
PAMPERS CULOTTE N5 12-18KG P/26;8544722;7585
PAMPERS N2 3-6KG P/80 JUMBO PACK;8326818;12600
PAMPERS N3 4-9KG P/36;8272695;6700
PAMPERS N3 MIDI 4-9KG P/9;8313402;1900
PAMPERS PANT N°4 9-14KG P/28;8544716;7800
PAN LR 20MG CPR B/10;8443317;2505
PAN LR 40MG CPR B/10;8443300;2755
PANADOL 2,4% ENF/NN SP F/100ML;8011144;1570
PANADOL 500MG COMP EFF B/12;3361514;1570
PANADOL 500MG CP SEC B/16(DECAPITER;3403307;990
PANADOL ACTIFAST 500MG COMP B/20;2295413;1860
PANADOL ADVANCE 500MG CPR B/16;9001449;1185
PANADOL EXTRA 500MG COMP B/20;8045812;1280
PANADOL FEMINA CPR B/10;8005698;1815
PANADOL RHUM&GRIP.CPR PEL.B/16 (FA);8005669;1820
PANALGIC COMP EFF B/16;2297524;1295
PANCI D 40/10MG CPR B/30;8457153;6500
PANDEX INJ F/100ML;1116539;2025
PANDEX INJ FL/50ML UEMOA HUVEPHARMA;1116540;1190
PANEWIN-T 100MG CPR B/10(ACECLO/THI;8028021;2850
PANFUREX 200MG GEL B/28;3275588;3570
PANFUREX SUSP BUV FL/90ML;3275594;2935
PANMECTINE 10 ORALE 1L;9023310;21555
PANOL 250/5ML SUSP BUV F/100ML;8096637;1035
PANOL 250MG SIROP F/60ML;2295442;730
PANOL 500 MG CPR B/20;8550734;800
PANOL 500MG CPR B/100;8382461;1860
PANOL 500MG SACH B/12;8084456;1245
PANOPRIST 4MG CPR B/30;8144833;7400
PANOPRIST 8MG CPR B/30(PERINDOPRIL;8015053;11435
PANOPRIST PLUS 2/0,625MG CP/30;8015076;6120
PANOPRIST PLUS 4/1,25MG CPR B/30;8015159;8925
PANOTILE GTTE AURIC FL/8ML;3192253;1820
PANOXY BASE GEL;9026739;3205
PANSORAL 1ERES DENTS NN GEL 15ML;6010181;3995
PANSORAL GEL BUCCAL T/15G;3607576;5930
PANTAD DSR 30 40/30MG GEL B/30;6088341;7000
PANTAD-DSR 40MG/30MG GEL B/100;8474677;19560
PANTESTONE 40MG CAPS B/60;3776480;24490
PANTHENOL 8% PROT&REP SPR F/250ML;1259664;12505
PANTHENOL 8% PROT&REPAR CR F/250ML;1259671;12505
PANTIN 20MG CPR B/30;8430585;8950
PANTIN 40MG CPR GAST RES B/30;8448846;8955
PANTO DENK 20MG CPR B/28(PANTOPRAZO;8004316;4990
PANTO DENK 40MG CPR B/28;8004322;5745
PANTOFAV 40MG CPR B/30;8479597;5235
PANTOFORCE D CPR B/10;8815581;4410
PANTOLOC 20MG CPR B/14;8441293;3580
PANTOLOC 40MG CPR B/14;8441301;4520
PANTONEX LP 40MG CPR B/30;8026884;5265
PANTOPRAL D 40MG/30MG CPR B/30;8023561;8155
PANTOPRAZOLE 40MG CPR  B/28 BGR;3921338;7200
PANTOPRAZOLE 40MG CPR B/28 TEVA;9337347;5450
PANTOPRAZOLE 40MG CPR B/28 VIATRIS;133064;5645
PANTOTAB 40MG CPR B/30;8021208;6960
PANTYRASE CPR B/20 (DIGESTIF);8399088;6000
PAOLO GIGLI ORO VIOLA F/100ML;6310962;175140
PAOLO GIGLI PASSIONE F/100ML;6310108;175140
PAPERMINTS ;9000471;2730
PAPERMINTS COOL CAPS B/32X18 ;2475160;42185
PAPERMINTS FRESH BREAT SS T/24;9000013;1580
PAPILLI STICK M F BTE/60;6665114;3000
PAPILOCARE GEL VAG 7 CANULES;2073;33730
PAPILOCARE GEL VAG DOSE 5ML B/21;8976102;90500
PAPOFFER CPR EFF B/20;8022521;3045
PAPS PDRE HYG CORPS F/100G;8334261;5865
PAPULEX CR ANTI ACNE T/40ML;7865140;9595
PAPULEX GEL NET.MOUSS 150ML;7623922;6800
PAPULEX ISOCORREX VIS 50ML;4484696;11140
PAPULEX LOTION 125ML;7742420;25140
PARA CO-DENK 1000/60MG SUPPO/10;8074506;4990
PARA CO-DENK 500/30MG CP B/20;8074535;2095
PARA DENK 125MG SUPPO B/10;8033849;1100
PARA DENK 250MG SUPPO B/10;8033855;1185
PARA DENK 500MG COMP B/20;8045775;760
PARA SPEC.POUX/LENTE SPR 125ML;3493842;3130
PARABUDOL 125/100MG/5ML BUV 100ML;8430674;980
PARABUFEN SUSP BUV F/60ML (IBU&PAR);8055555;1310
PARACAF CPR B/20;8074943;895
PARACALM 500MG/38MG CPR PELL B/20;1352231;3150
PARACE 100MG/500MG CPR B/10(PARA/ACECLO);1424391;2000
PARACEC 500/100MG CPR B/100;8452351;16805
PARACECLO 500MG/100MG CPR B/30;8450903;1750
PARACET.CREATOL 1G CPR EFF B/8;8078094;1100
PARACET.CREATOL 500MG CPR EF B/16;8078088;965
PARACETA M 1G SOL INJ F/100ML;8064330;1645
PARACETAMOL  CREAT 500MG 100BL10;2033831;19285
PARACETAMOL 1G CPR B/8 VIATRIS;9026981;1930
PARACETAMOL 500MG 100BL12 CREAT;8031922;22040
PARACETAMOL 500MG CPR B/20 AFRICURE;8467097;630
PARACETAMOL 500MG CPR B/24 CREAT;2029396;990
PARACETAMOL 500MG CPR EFF B/16 BIOG;3613335;3180
PARACETAMOL ARROW 1G B8 CP;3638157;1170
PARACETAMOL ARROW 500MG CP B16;3581753;1070
PARACETAMOL BIOGAR 500MG CPR B/16;3820057;705
PARACETAMOL TM 500MG CPR B/20;8014415;325
PARACETAMOL UBI 500MG CP 100BL10;8054082;14875
PARACETAMOL WINT.500MG CP/1000;8421095;10455
PARACETAMOL WINT.500MG CP/20;8094271;580
PARACETAWAL 1G/100ML IV PERF 100ML;8062271;2165
PARACOX-8 500ML 1000DOSES;8054283;150250
PARACOX-8 500ML 5000DOSES;9001805;585390
PARADIK 50MG/500MG CPR B/100;8465402;6890
PARAEFFER 500MG CPR EFF B/16;8060792;1210
PARAFENE 500/400MG CPR B/20;8054395;2340
PARAFIZZ 1G CPR EFF B/8;8738389;1310
PARAFIZZ 500MG CPR EFFV B/16;8492942;1310
PARAFLAM 400/325MG B/10;2297547;855
PARAKEM SP F/100ML;8496791;1585
PARAMAX 100/500MG CPR B/30;8082374;2785
PARAMAX 100MG/500MG CPR B/10;8438546;1035
PARAMED 1G PDR BUV SACH/10;8444676;1000
PARAMED 3% SOL BUV F/100ML;8444699;835
PARAMED 500MG CPR B/1000;66944;8800
PARAMED 500MG CPR B/20;8444682;300
PARANIDAZOLE 500MG CPR PELL SEC/20;8441761;1295
PARANIL 100ML;9333401;3550
PARANTAL 125MG SUPPO B/10;9019231;760
PARANTAL 250MG SUPPO B/10;9020056;800
PARANTAL 500MG CPR B/20;2028793;1005
PARANTAL C1000 CPR EF B/10;2028758;1250
PARASIDOSE CR SOIN TRAITANT T/200ML;8594708;9790
PARASIDOSE PEIGNE POUX FIN;4481166;2740
PARASIDOSE REPULS.A-POUX 100ML;7032523;4195
PARASIDOSE SH ANTI POUX F/100ML;8293326;2535
PARASIDOSE SH POUX F/200ML GILB;3304700;7190
PARASIDOSE SHP PREV LAVANDE 200ML;5359131;9850
PARASIDOSE SOIN TRAIT 100ML;2056140;6880
PARASIDOSE SOIN TRAIT 200ML;2056157;10470
PARASIDOSE SOL ENVIRON.SPR F/250ML;4494708;12320
PARASON 125MG/5ML SUSP B F/100ML;8490452;965
PARAT-UNE 250MG SIROP F/100ML;8478971;1155
PARATYPHOIDINUM B 15CH DOSE;8615385;945
PARAVEN SP 10MG/ML IV PERF 100ML;9999010;1655
PARAVENT 3 VOLET BATI SUR ROULETTE;6556075;194820
PARAZOL 20MG/5ML SUP BUV F/10ML;8065016;1255
PARAZOL 400MG CPR B/1;8065022;805
PAREGORIQUE CPR B/20 AVENTIS;2006834;1185
PARFUM COFF EDPV 1P 150ML;3232946;39960
PARFUM COFF EDPV 1P 30ML;9017031;39960
PARFUM FEM N1 EDPV 150ML;3001023;21830
PARFUM FEM N10 EDPV 150ML;3001046;21830
PARFUM FEM N10 EDPV 30ML;9054575;7335
PARFUM FEM N12 EDPV 30ML;7537714;7335
PARFUM FEM N13 EDPV 150ML;4730014;30560
PARFUM FEM N13 EDPV 30ML;9041029;7335
PARFUM FEM N16 EDPV 150ML;3001075;21830
PARFUM FEM N16 EDPV 30ML;9005571;7335
PARFUM FEM N19 EDPV 150ML;3001052;30560
PARFUM FEM N19 EDPV 30ML;9054569;7335
PARFUM FEM N2 EDPV 150ML;30010310;21830
PARFUM FEM N2 EDPV 30ML;90400610;7335
PARFUM FEM N26 EDPV 150ML;4730043;30560
PARFUM FEM N28 EDPV 30ML;90205610;7335
PARFUM FEM N3 EDPV 30ML;9044200;7335
PARFUM FEM N30 EDPV 150ML;9056870;21830
PARFUM FEM N30 EDPV 30ML;9041035;7335
PARFUM FEM N31 EDPV 30ML;7500125;7335
PARFUM FEM N32 EDPV 150ML;3001508;30560
PARFUM FEM N32 EDPV 30ML;90457910;7335
PARFUM FEM N4 EDPV 150ML;4730037;30560
PARFUM FEM N4 EDPV 30ML;9008888;7335
PARFUM FEM N40 EDPV 30ML;9045636;7335
PARFUM FEM N5 EDPV 150ML;3001081;30560
PARFUM FEM N7 EDPV 30ML;9044128;7335
PARFUM FEM N8 EDPV 150ML;3001098;30560
PARFUM HOM N52 EDPV 150ML;9008061;30560
PARFUM HOM N53 EDPV 150ML;9007995;30560
PARFUM HOM N59 EDPV 150ML;9026484;30560
PARFUM HOM N59 EDPV 30ML;90562110;7335
PARFUM HOM N60 EDPV 150ML;9017858;30560
PARFUM HOM N61 EDPV 150ML;3001276;30560
PARFUM HOM N61 EDPV 30ML;9054003;7335
PARFUM HOM N62 EDPV 150ML;9017976;30560
PARFUM HOM N62 EDPV 30ML;9058509;7335
PARFUM HOM N63 EDPV 150ML;90179610;30560
PARFUM HOM N63 EDPV 30ML;90080110;7335
PARFUM HOM N66 EDPV 30ML;9055600;7335
PARFUM INFIDELE EDPV 80ML;90355510;3600
PARFUM MANES EDT SPRAY 100ML;9017953;3450
PARFUM PROMISE ROMANCE F 50ML HUNCA;9033314;4500
PARFUM THORNE ENERGY H 75ML HUNCA;9056479;5650
PARGINE 5G AMP BUV B/20;3271662;10500
PARI TURBO BOY 38 G 9000 I;9018993;153070
PARIB 100MG/125MG SUSP BUV F/100ML;8066866;1155
PARIB C CPR B/10 (PARAC+IBUP+CAFEIN;8433537;910
PARIET 10MG CPR B/28;3567440;6730
PARIET 20MG CPR B/28;3551479;9615
PARKINANE 5MG LP GEL B/20;3174723;3485
PARLODEL 2,5MG COMP B/30;3202655;5090
PARLODEL 2,5MG CPR B/20;3341575;3390
PARODEX B.BOUCHE FL/300ML;6111841;3500
PARODIUM GEL GINGIV.T/50ML;6642863;4435
PARODONTAX BAIN BCHE F/500ML;4242148;5060
PARODONTAX BLANCHEUR DM T/75ML;6933454;4330
PARODONTAX DENT. PROTECT FLUORCR 75ML;7614981;5540
PARODONTAX FRAICH.INTENS.75ML;8374007;5230
PARODONTAX PATE GING.ORIGIN.75ML;7248950;4505
PAROEX BAIN BCHE S/ALC 300ML;3446417;3870
PAROGENCIL PREV.GENCIV.75ML(A.AG;6133009;3655
PAROGENCYL DENTIF MENTH PREV GENC 2X75ML;4763356;6555
PAROGENCYL PREV GENC BL 2X75ML;2034380;5790
PAROGENCYL PREV GENC BL 75ML;2034410;3190
PAROGENCYL SOIN INT GENCIV 75ML;7384966;3895
PAROL 250MG/5ML SP F/100ML;8005497;1720
PAROL 500MG CPR B/30 ;8005468;1210
PAROMAX 500MG COMP B/16;2028818;675
PASSEDYL ENF BB SP F/125ML;3204720;2315
PASSIFLORINE SOL BUV F/125ML ;3078818;8315
PASTILLE EXTR.STRONG CITRON MELISSA;9021506;560
PASTILLE EXTR.STRONG EUCALYP.VIVIL;40021910;600
PASTILLE EXTR.STRONG SPEARMIN.VIVIL;4002349;500
PASTILLE ROYAL CITRON B/24 FRTE PH;6103956;6800
PATADIN 0,1% COLL F/5ML;8443576;3720
PATE ANTI-CAFARDS POT/150G;9036821;3250
PATE FOUR FRUI STRAWBERRY 50ML;1842901;2020
PATE GINGIV.SPECIA 100ML;6579538;6590
PATE GINGIV.SPECIA 75ML;7020307;6095
PATE PROTECTIN CONTNU F/75ML;1842921;3410
PATE SILVER CAR BUBLE GUM F/50ML;1842891;3470
PATE SILVER CARE WHIT F/75ML;1842911;3410
PAVER 400MG CPR B/1;8480229;1185
PCM 120MG/5ML SP F/100ML;8472307;900
PCM 1GR CPR B/16(PARACET);8481921;1250
PCM 250MG/5ML SP F/60ML(PARAC);8428996;1000
PDS 2 DEC 0.7 (6/0);9019366;4295
PECTIPAR SACH SUSP BUV B/10;3193057;4450
PECTO 6 BB SP FL/125ML;3247244;1540
PECTO 6 ENF SP FL/150ML;3193040;1940
PECTOGEN SP F/120ML;8042618;1515
PECTOIDS GLOB B/20G;3080407;3515
PEDERIPRA SPRAY F/270ML;67180;4550
PEDIAKID 22VIT+OLIGO-ELEM.125ML;7936710;9205
PEDIAKID APPETIT TONUS 125ML;7824247;9205
PEDIAKID BB GAZ GTTE F/60ML;4394415;7690
PEDIAKID BB GAZ STICKS B/12;2560231;9555
PEDIAKID CA CROIS.PDRE SACH/14;4695252;9415
PEDIAKID COLICILLUS BB BUV 10ML;8388328;10730
PEDIAKID FER+VIT B SP/125ML BANANE;4394390;9265
PEDIAKID IMMUNO FORTIF F/125ML;7824282;9210
PEDIAKID NERVOSITE FL 125ML;7824276;7715
PEDIAKID NEZ GORGE SP F/125ML;4543803;7925
PEDIAKID NEZ GORGE SPR 20ML;8326267;10040
PEDIAKID OMEGA 3 F/125ML;7993530;9255
PEDIAKID SOMMEIL SP 125ML;7824253;7805
PEDIAKID TRANSIT DOUX FL/125ML;7897915;7925
PEDIAVIT SP F/100ML;8065631;1790
PEDIAZOLE 200MG/40MG SUSP BUV F/100ML;8785609;1100
PEDIAZOLE SIROP FL/100ML;3302167;8410
PEDIFEN 100MG SP 100ML(IBUPROFEN);8098091;1685
PEDIFEN AD 400MG CPR B/30;8005758;2370
PEDIPRO SEMEL T3 BLEU THUASNE;7675126;21520
PEDISAULE MAXIPIERRE+SOCLE B/1;4746877;3680
PEDISAULE PROTECT CORS ET/9;4747032;1855
PEGASYS 180MCG/ML INJ FL/1;3599606;178525
PEITEL 0,25% CR T/30G(PREDNICARBATE;8078071;4370
PELADOL EXTRA 325MG/50MG/30MG B/10;8474708;495
PELADOL FIZZI 1000MG CPR EFFV B/16;8474743;2310
PELADOL FIZZI 500MG CPR EFFV B/16;8474737;1260
PENBRITINE 500MG GEL B/12;9020470;1075
PENGESIC 100MG SR CPR B/30;8424403;2785
PENI STREPTO FL/100ML;9023445;7415
PENIS DEV CR F/75ML;2279934;10080
PENISTAPH 500MG GEL B/24;8438701;5785
PENTACARINAT 300MG PDRE AERO;3322891;32545
PENTADOG BLISTER 1 DOSE UNITAIRE;9019521;3780
PENTASA 1 G CPR B/60;9858439;34225
PENTASA 1G GLE SACHET B/120;3442477;111530
PENTASA 1G SUP B/14;181713;29870
PENTASA 1GR SUPPO B/15;3350284;38150
PENTASA 1GR SUSP RECT.B/5 F/100ML;3293474;20665
PENTASA 500MG CPR B/100;3327888;41325
PENTOLATE 1% CY F/5ML;8014125;3780
PENTOXIFYL.LP 400MG CP/30 BGR;3512841;7290
PENTOXIFYLLINE LP 400MG CP B/30 MYL;3497679;5840
PEPSANE CAPS B/30;3431798;3870
PEPSANE GEL ORAL SACH 10G B/30;3320521;5305
PEPSOL GEL B/30;8555329;4900
PEPTAZOLE 20MG CP B/15;8089459;6640
PEPTEX 250/250/50MG BUV F/200ML;8418733;2065
PEPTEX SOL BUV SACH B/12;8467973;3790
PEPTICA SUSP GEL ORAL 200ML;8077404;2380
PERCUTACRINE THYROX AMP 2ML/20;3081708;3925
PERCUTAFEINE GEL T/150G;3462882;18810
PERCUTALFA CR VERGETUR T/200ML;9831062;22910
PERCUTALGINE GEL EXT T/60GR;3588867;3170
PERFALDOL 1000MG/100ML F/1;1342451;1220
PERFALGAN AD 1G INJ 100ML F/12;8034642;27275
PERFALGAN ENF 0,5G INJ 50ML F/12;8034659;19835
PERFECTIL GEL B/30 (PX/CHVX/ONGL);8393134;7255
PERFLOX 200MG IM/IV SOL INJ 100ML;8423289;3235
PERFUMER'S CH.VALERIE N°08 83ML;1613851;10380
PERFUMER'S CHOICE SOFIA N°02 83ML;1613861;10380
PERFUMER'S CHOICE VICTOR N°09 83ML;1613821;10380
PERFUSEUR INTRAFIX REF.69729T;8227482;565
PERFUSEUR LABELL AIG 19G 11/10;2289625;495
PERFUSEUR PENTA PRIS AIR+AIG/1;2277504;220
PERFUSEUR Y BALISA S/1;8325954;320
PERGOTIME 50MG COMP B/5;3280098;3945
PERIACTINE 4MG COMP B/30;3081789;6440
PERIDYS 10MG CPR PELL B/21;3005788;1790
PERIDYS COMP B/40;3286416;1790
PERIDYS SUSP BUV FL/200ML;8450642;2275
PERIKABIVEN 1000KCAL EMULS P/4;3777456;143980
PERIKABIVEN 1000KCAL P/4 UNITE;9888501;35995
PERIKABIVEN 1400KCAL EMULS P/4;3777479;214880
PERIKABIVEN 1400KCAL P/4 UNITE;9043548;53170
PERIKABIVEN 1700KCAL EMULS B/3 PERF;3777491;68880
PERIMOL 10MG CPR B/100 BL/10;7680914;6325
PERINAM DENK 4MG/5MG CPR B/30;8483647;8955
PERINAM DENK 8MG/10MG CPR B/30;8483676;11020
PERINDOGEN 10MG CPR B/30;8071318;8295
PERINDOGEN 5MG CPR B/30;8071293;5540
PERINDOPRIL (ARG/INAP) 5MG/1,25MG CPR B/90;2681004;9335
PERINDOPRIL 2MG CPR B/30 ARROW;3310480;7360
PERINDOPRIL 8MG CPR B/30 ARROW;3862601;3170
PERINDOPRIL(ARG/IND) 5MG/1,25MG B/30 ;1862373;3155
PERIOGARD VEADENT GEL T/75ML;7086772;6705
PERISPASM 80MG CPR ORODISP B/10;8432615;1655
PERISPASM 80MG CPR ORODISP B/30;8432621;3580
PERLE LISS HUILE 50ML A-TACHE;9039682;4060
PERMANGANATE DE K 5% 125ML;9020659;900
PERMIXION COMP B/60;3248083;14480
PERMIXON 160MG GEL B/60;3344958;24975
PEROCRIL 10MG CPR PELL B/30;8497394;7575
PEROCRIL IP 10MG/2,5MG CPR B/30;1747691;9645
PEROCRIL IP 5MG/1,25MG CPR B/3;8497402;8955
PEROXYDE DE BENZOYLE HYDR 40%;9000059;8380
PERSANTINE 75MG COMP B/30;3082033;2440
PERTUSSINUM 9CH GR;914102;1135
PERUBORE CP INH B/15;4931706;3240
PERVINCAMINE 20MG FORT R B/40 GEL;3175444;2020
PERVITAL SP F/125ML;8080889;2190
PESE BB MECANIQ AED;9038323;65000
PESE PERSONNE OMRON BLACK B/1;8526718;32720
PESE PERSONNE SECA 150KG MAXI;90183110;84500
PESE PERSONNE WB101 ROSSMAX;2483769;25400
PET-FORCE CPR B/100;9002012;6430
PET-PHOS CA/P=1,3 CPR B/100(CHIEN);7125555;33090
PET-PHOS CROIS.CA/P=2 CP B/100;6685312;21240
PET-PHOS PELAGE CHIEN CPR B/50;6685341;22205
PET-SHAMPOO 200ML;2025369;7185
PETIT MARS ANCIEN FL ORANG SAV 100G/4;8717016;5415
PETIT OL ARGAN LAIT NOUR/250ML CORP;8398930;5755
PETIT OL CR DCH JASM CASSIS F/250ML;8341539;3675
PETIT OL CR DCH PECH ABRICOT 250ML;8324297;2100
PETIT OL CR DCHE EXT DX MANDARINE;8341516;2315
PETIT OL CR DCHE LAIT ABRICOT F/750ML;8511208;8540
PETIT OL CR DCHE LAIT ARGAN F/750ML;8511214;8725
PETIT OL CR DCHE LAIT COTON F/750ML;8341597;8610
PETIT OL SAV EXT DX CERIS 100G/2;8385382;2740
PETIT OL SAV EXT DX SURG ARGAN 250G;8385330;5545
PETIT OL SAV EXT DX VERV CITR 100/2;8323961;3120
PETIT OL SAV EXT SURG AMAND DCE 250G;8385347;4560
PETIT OL SAV MARS GLYC 3X100G;8324009;4390
PETIT OL SAV MARS LAV 3X100G;8324251;4170
PETIT OLIV ALOE/OLIV LOT T.VIS/150M;8382308;4585
PETIT OLIV AP SH CHVX NORM.200ML;8338980;2310
PETIT OLIV AP SH CHVX SEC 200ML;8338945;2310
PETIT OLIV AP SH SOIN CHV GRAS 200M;8338968;2475
PETIT OLIV ARGAN BIO BME LEVR ANTI;8323665;3040
PETIT OLIV ARGAN BIO BME NUIT 30ML;8323671;8300
PETIT OLIV ARGAN BIO CONT YEUX LEVR;8323688;4915
PETIT OLIV ARGAN CR A/AGE JR+NUI 40;8323754;10250
PETIT OLIV ARGAN CR MAIN 50ML;8323702;3830
PETIT OLIV ARGAN GEL EXFO.VIS 75ML;8323719;7280
PETIT OLIV ARGAN LAIT HYD 250ML COR;8323725;7600
PETIT OLIV ARGAN SOIN GOM+NETT 200M;8323748;7455
PETIT OLIV CR SS RINC CHEV SEC 200M;8339005;2980
PETIT OLIV DEMEL SS RINC CH/SEC 150;8339011;2800
PETIT OLIV EXTR DX MIEL SAV 250G;8323926;2515
PETIT OLIV EXTRA DOUX FL ORANG;8323889;2735
PETIT OLIV EXTRA DOUX JASMIN SAV;8323895;2515
PETIT OLIV EXTRA DOUX LAVAND SAV;8323903;2515
PETIT OLIV EXTRA DOUX ROSE SAV;8323949;2680
PETIT OLIV HLE OLIV LAIT CORP 250ML;8324067;3955
PETIT OLIV HLE OLIV SAV 100G/3;8324110;6880
PETIT OLIV HLE OLIVE LOT TONIQ VIS;8324073;4585
PETIT OLIV KARIT.LT/ULT HYD 250ML;8324191;4420
PETIT OLIV PUR HLE ARGAN 100% 50ML;8323872;10275
PETIT OLIV SAV ALEP LIQ 300ML;8323642;4155
PETIT OLIV SAV ALEP PAIN 150GR;8323659;7570
PETIT OLIV SAV MARS LIQ LAVAND/300M;8324245;4365
PETIT OLIV SAV MARS LIQ VERV/300ML;8324311;3030
PETIT OLIV SH SOIN CHVX NORM 250ML;8338974;2300
PEVAGINE 1% CR DERM.T/30GR;8088129;2205
PEVAGINE 150MG OV B/3;8088135;2685
PEVARYL 1% CREME DERM T/30G;3185224;5710
PEVARYL 1% EMU.FLUID LAIT 30ML;3202253;5200
PEVARYL 1% PDR APPL.LOC.30G;3342362;6685
PEVARYL 1%SOL EXT FL/PULV/30G;3357694;5400
PEVISONE CR T/10GR;3221954;7450
PEVISONE CR T/15G;276679;15950
PG 600 5X1DOSE+SOLV 5X5ML;9018102;56795
PHALIS 20MG CPR PEL B/4;8065660;8295
PHARLUMI 20/120MG CPR B/6;9993563;825
PHARLUMI 40/240MG CPR B/6;99935710;1310
PHARLUMI 40MG/240MG CPR B/6;8465425;1310
PHARLUMI 80MG/480MG CPR B/6;8465419;2880
PHARMA PHYT AGR COLLOID SOL 25PPM 250ML;8330104;10210
PHARMACINON 5UI INJ AMP 1ML/10;8482010;3560
PHARMACINON 5UI INJ AMP 1ML/3;8482004;1185
PHARMADOSE ALCOOL MENTHE F/30ML;4547706;3040
PHARMAGRIP S SUCR SACH B/10;8014119;2670
PHARMAGRIP SS GEL B/14;8014148;1790
PHARMAKION 10MG/1ML IM/IV BUV AMP B/3;8491612;2755
PHARMALGAN 1G SOL INJ F/100ML;8096152;1815
PHARMATEX CPR GYNECO B/12;3293014;5685
PHARMATEX CR T/72G + APPLICATEUR;3129757;4740
PHARMATEX OVULE B/10;3224912;5305
PHARMATEX TAMPON 5G DE CREME;3269228;8820
PHARMENTIN XR 1000/62,5MG CP B/10;8482027;5235
PHARPEN 250MG SUP BUV F/60ML(OXACI);8096123;1765
PHARPEN 500MG GEL B/12 (OXACILLINE);8096146;2840
PHARTRIM 200/40MG BUV F/100ML;8083505;1685
PHARTRIM AD 400/80MG CPR B/20;8083480;980
PHARTRIM FRTE 800/160MG CPR B/10;8083474;1545
PHENERGAN 2% CREME T/30G;3082263;2065
PHENERGAN 2,5% INJ AMP 2ML B/5;3082240;2725
PHENERGAN 25MG COMP B/20;3082286;1185
PHENERGAN 5MG/5ML SP FL/150ML;3253523;1585
PHENOL AQUEUX TECHNIQUE 1L;7429686;70040
PHENORO ROCHE B/60 GELULE;3240526;17415
PHENYLARTHRITE INJ F/100ML;4261476;4320
PHESTAL 100MG/5ML PDRE SUSP F/60ML;8434229;1655
PHESTAL 500MG CPR B/6 (NITAZOXANIDE;8434206;1655
PHICEFAL 100MG CP DISP B/10;8450145;4175
PHICEFAL 200MG CPR PELL B/10;8450168;4670
PHICEFAL 400MG CPR B/8;8450174;8265
PHIMOCLAV 100/12,5MG ENF BUV 60ML;8443398;3500
PHIMOCLAV 100/12,5MG NN BUV 30ML;8443412;2300
PHIMOCLAV 1G/125MG AD PDR BUV S/16;8443381;7340
PHIMOCLAV 1G/125MG AD PDR SUSP B/24;8451802;9795
PHIMOCLAV 500/62,5MG ENF BUV S/12;8451819;4505
PHIMOCLAV 500/62,5MG ENF BUV S/16;8443406;5250
PHLOGYS CPR B/30;8502379;5500
PHLORO-G 80MG CPR B/10 ORODIS;8076528;2095
PHLORO/TRIMETHYLPHLO ARW 4ML B/10;4184534;4960
PHOSPHALUGEL GEL  F/250ML;3246262;1750
PHOSPHALUGEL GEL SACH 20G B/26;3219756;4115
PHOSPHAROME SP FL/250 ML;3082694;6585
PHOSPHATINE LACT.BISCUIT.200G;8338230;1285
PHOSPHATINE LACTE FRUIT B/200G;8338081;1355
PHOSPHATINE LACTEE BLE 200G;8338247;1280
PHOSPHATINE LACTEE RIZ MAIS 200G;8338253;1280
PHOSPHATINE MIEL 190G;8749424;1230
PHOSPHATINE MULTICEREAL B/190G;8338075;1350
PHOSPHORUS 7 CH GR;569094;1180
PHOSPHORUS 9CH GRLS;569816;2160
PHOSPHORUS GR 15CH ;569208;3705
PHOSPHORUS GR 5CH;5698129;3705
PHOSRETIC  100G;11808;2420
PHOSTRIM 800 CRP B/10;8812921;3790
PHOTODERM MAX SPF50+ SPRAY 200ML;5368874;12970
PHPL ANTIOXYDANT GEL B/60;8794235;4945
PHPL FEMMES-40 GEL B/60;8794301;6950
PHYLARM SOL FL/16 UNIDOSE 10ML;7748463;4340
PHYSIOD.FILTRE+EMB B/20+2;8387292;5740
PHYSIOD.MOUCH BB ASPIR+FILTR/3;6012374;6025
PHYSIOD.SER PHYSIO 5ML B/15;7880725;1885
PHYSIOD.SER PHYSIO.5ML B/30;7736626;3235
PHYSIODOSE SERUM PHY 5ML B/40;1815711;3810
PHYSIOFLOR GEL B/30 (FLORE INTIME);6041922;15800
PHYSIOFLOR GEL VAG B/7;6183697;25780
PHYSIOGINE 0,1% CR VAG + APPLICAT T/15G;3296917;4440
PHYSIOGINE 0,5MG OVULE B/15;3296900;8765
PHYSIOGINE 1MG CPR SEC B/30;3382634;6580
PHYSIOLAC 1 LAIT PDRE B/800G;8635583;9430
PHYSIOLAC 1ER B/400G;6124808;4680
PHYSIOLAC 2 LAIT PDRE B/800G;8635577;9430
PHYSIOLAC 2EME AGE LAIT PDRE B/400G;8688510;4775
PHYSIOLAC 3 CROISS LAIT PDR 800G;8653032;9430
PHYSIOLAC 3 CROISS LAIT PDRE B/400G;6124822;4775
PHYSIOLAC BIO CEREAL CACAO B/200G;8725441;3370
PHYSIOLAC BIO CEREAL DU SOIR B/200G;8769970;3100
PHYSIOLAC BIO CEREAL VANIL B/200G;6124099;3090
PHYSIOLAC BIO CEREAL/LEGUMES PDRE B/200G;8652943;3095
PHYSIOLAC CEREAL LAIT BLE B/200G;6125300;2130
PHYSIOLAC CEREAL LAIT FRUIT B/200G;6125317;2165
PHYSIOMER BB HYPERT.F/60ML;8511639;4610
PHYSIOMER BB MOUCH BB FILT B/20;8511680;3250
PHYSIOMER BB SOL NAS UNID/5ML B/30;8511622;3355
PHYSIOMER BB SPR NAS CONFORT 115ML;8511651;5740
PHYSIOMER HYPERT.135ML AD/ENF 2AN+;8511668;5390
PHYSIOMER JET NORMAL FL/135;8493947;4170
PHYSIOMER MOUCH BB+5FILTR/1(VALISET;8511674;4605
PHYSIOMER NOURISSON F/115ML BABY;8493930;4440
PHYSIOMER SOL NAS BB F/115ML;6640775;6605
PHYSIOMER SOL NAS ISO AD & ENF F/135ML;8511645;5290
PHYSIOMYCINE GELULE B/8;3223166;3030
PHYSIORONF RONLFEMENTS 20ML;2201278;14145
PHYSIOTENS 0,2MG COMP B/28;3383131;11220
PHYSIOTENS 0,2MG CPR B/30;3377828;12425
PHYSIOTENS 0,4MG CPR B/30;3377892;10840
PHYT THE VERT 300MG B/200 GEL;9020808;6000
PHYT THE VERT 300MG B/80 GEL;90250210;2250
PHYTALGIC CAPIT ARTIC CAPS B/45;5204204;16660
PHYTEX 60ML;3163599;6160
PHYTEX SOL FL/20ML;3083156;2580
PHYTOAXIL ANTICHUTE SPR 50ML;6696014;6300
PHYTOBRONZ PLUS PX SENSIBL B/50;7111866;9550
PHYTOCIDRE SH FL/150ML;90196410;6820
PHYTOCYANE SH CHUT.CHEV.F/200ML;4410864;11910
PHYTOCYANE SOIN CHUT 12X7,5ML;5410205;48110
PHYTODIABETINE GEL B/60;8835081;15675
PHYTOFLA GEL CHOLESTEFLA;9024887;2210
PHYTOFLA GEL COLCHI;9024870;2210
PHYTOFLA GEL DIABEFLA;9018131;2210
PHYTOFLA GEL DREPAFLA;9020375;2210
PHYTOFLA GEL HEMORFLA;9021535;2210
PHYTOFLA GEL HEPAFLA;9024901;2210
PHYTOFLA GEL SAYE;9024812;2210
PHYTOFLA GEL SAYE PLUS;9016758;2625
PHYTOFLA GEL SPASMOFLA;9033685;2210
PHYTOFLA GEL TONUFLA;9033165;3800
PHYTOFLA HEE GOUTTES;90337010;2760
PHYTOFLA INFUSETTE TENSIOFLA;9033716;2210
PHYTOFLA POTION KUNAN SIROP 300ML;9033722;2760
PHYTOFLA POUDRE DREPAFLA;9033811;2210
PHYTOFLA POUDRE SPASMOFLA;9033857;2210
PHYTOFLA POUDRE VEINOFLA;9034874;2210
PHYTOFLA SAVON MITRACA;9036287;1380
PHYTOFLA SIROP DOUBA 350ML;9037217;2070
PHYTOFLA TISANE ACIFLA ;9037223;2210
PHYTOFLA TISANE ALCHORNELINE;9037246;2210
PHYTOFLA TISANE LAXAFLA ;9038524;2610
PHYTOFLA TISANE LEPTADINE ;90388510;2210
PHYTOJOBA MASQ CHEV SEC 200ML;9880190;27810
PHYTOJOBA SH LAIT 300ML;7046703;9205
PHYTOKERATINE MASQ REPAR 200ML;5411788;29630
PHYTOLACCA DECANDRA 7 CH GR;573090;945
PHYTOPHANERE SOLAIRE CAPS F/60;7650988;15460
PHYTORAL 2% PDE T/15G;9999041;3100
PHYTORAL 2% SHAMP F/100ML;8061892;2800
PHYTORAL 200MG COMP B/10;8012037;3265
PHYTOSPECIFIC BAOBAB OIL 100ML;5395919;10785
PHYTOSPECIFIC CR HYDR COIFF T/125ML;8398338;7655
PHYTOSPECIFIC CR SUP MAGIQ 125ML;2149864;12160
PHYTOSPECIFIC CR ULT REPAR NUIT/75M;4221063;19780
PHYTOSPECIFIC DUO SH75ML+LOT100ML;7846361;5600
PHYTOSPECIFIC MASQ ULT LISS F/200ML;5371706;7790
PHYTOSPECIFIC MISS DEMEL.MAGIQ.200M;8363446;7155
PHYTOSPECIFIC RELAXER N1;8228346;27520
PHYTOSPECIFIC RELAXER N2;5379731;27520
PHYTOSPECIFIC SH HYDR RICH 150ML;8379329;8410
PHYTOSPECIFIC SH ULTRA LISS F/150ML;5371592;13190
PHYTOSPECIFIC SPR DEMEL.MAGIQ.200ML;2134294;11000
PHYTOSUN AROMS ESS DE BERGAMOTE BIO F/10ML;250750;10375
PHYTOSUN AROMS NASAL SPRAY 20ML;9930835;12510
PHYTOSUN CP NEUTRE A SUC B/45;4453678;6510
PHYTOSUN HV ARGAN 30ML;4468496;12050
PHYTOVOLUME SH VOLUM CH/F MOU 300ML;7046749;8460
PIASCLEDINE 300MG GEL B/15;3214954;6020
PIASCLEDINE 300MG GEL B/30;3594135;39980
PICAMAR LM 60MG CPR B/30;8450027;5510
PICOPREP SOL BUV SACHET B/2;9172214;9555
PICOT CACAOTE B/200G;6125754;1860
PICOT CEREA SAV MULT F/200G;1812511;1820
PICOT CEREAL 5LEGUMES 200G;8380203;1715
PICOT CEREAL VANIL 200G ;8380249;1820
PICOT CEREALES  FRUIT B/200G;8380195;1930
PICOT CEREALES SAV MIEL F/200G;1812531;1820
PICOT DIASTASE 200G 1ER CEREAL;8380172;1725
PICOT LAIT EPAILIS AR1 900GR;7892467;8005
PICOT MAGIC MIX EPAIS.300G;7121379;13950
PICOT NUTRI QUOTID 1AGE 900GR;7892409;6210
PICOT NUTRI QUOTID 1AGE B/400GR;8302628;4405
PICOT NUTRI QUOTID 2AGE 900GR;7892415;6210
PICOT NUTRI QUOTID 2AGE B/400GR;8672325;4405
PICOT NUTRI QUOTID CROISS 400GR;8305621;4230
PICOT POMMES ABRICOTS B/200G;6332708;1775
PICOT RIZ CAROTTE 200G (FA);6153880;1730
PICOT RIZ MIEL B/200G;8380189;1735
PIDEX 20MG/160MG CPR B/6;8452693;2065
PIDEX 40MG/320MG CPR B/9;8452701;3170
PIDOMAG SOL BUV F/250ML;8013999;4080
PIECE GAZ HYD.LABELL 100MX65CM;8228441;24500
PIERROT BAIN BCHE ANTI-PLAQ 500ML;8394501;2060
PIERROT BAIN BCHE PIWY FRAIS 500ML;8394530;2450
PIERROT BDB CHLORHEXIDINE F/250ML;8450458;2205
PIERROT BDB TOTAL CARE.500ML;8394518;2380
PIERROT DENTIF.PIWI FRAISE 75ML FRAIS;8557133;1295
PIERROT ETUI ORTHODONTIQ ;8394688;1925
PIERROT FIL DENT.ALOE V./MENT 50M;8394665;1210
PIERROT GEL DENTIF.POMME SHARKY 75ML;8394381;1225
PIERROT HYGIENE BAIN BCHE SENS 500M;8394524;2285
PIERROT PATE DENTIF ANT-PLAQ F/75ML;8555648;1175
PIERROT PATE DENTIF DENT SENSIBLE T/75ML;8394470;1670
PIERROT PATE DENTIF.ALOE 75ML;8394429;1675
PIERROT PATE+SOL BLANCH.2/1 75ML;8394412;1465
PIERROT SPRAY BUCCAL FRESHMINT SOL/1;8567172;1940
PILBOX CLASSIC UNITAIR;2158389;16750
PILE GLUCOMETRE CR 2032;9873008;2600
PILL-72 CPR B/1(LEVONORGESTREL);8424076;2510
PILULES DUPUIS B/25;3034181;1755
PILULIER  MEDIDOSE DELATEX MM;3450000;15610
PILULIER ANYCARE AGETI 7JRS;8563671;1410
PILULIER ANYCARE AGETI JOURNAL;8563688;740
PINCE A ECHARDES 10CM;9024410;6250
PINCE A GRIFFE 16CM;9020145;12275
PINCE ADSON AVEC GRIFFE;9021191;9100
PINCE DISS SS GRIF 14CM;8228582;6500
PINCE FINE A ECHARDE;8228599;9100
PINCE KOCHER DISSE AV/G 14CM;9020168;10140
PINCE KOCHER SS GRIF 18CM RR;8228553;10740
PINCE PORTE AIG DE MAYO 16CM;8540977;8855
PINKOO EAU DIGEST.& TONIQ F/120ML;2262589;2060
PIPERACILLINE/TAZOBACTAM 4G/0,5G MYLAN;3812939;9090
PIPERACILLINE/TAZOBACTAM 4G/0,5G PDR SPRF 1F/4,5G;8129397;8825
PIPERAZINE CITRATE 100G COOPHAVET;77623;2630
PIPERAZINE CITRATE 1KG COOPHAVET;75682;22575
PIPEROL FORT SP FL/90ML;3083564;1320
PIPETTES PLASTIQUES;558475;3785
PIPORTIL L4 100MG INJ 4ML;3140486;15270
PIPORTIL L4 25MG INJ B/3 ;3137231;11730
PIPRAM FORT 400MG COMP B/10;3266069;5055
PIRACET 400MG CPR B/60;9014742;3675
PIRFENBET 200MG CPR B/30;8799155;24045
PIROCAM 20MG CPR B/10;8099914;3045
PIROXEN 20MG AMP INJ 1ML B/2;2299641;1545
PIROXEN 20MG CPR DISP B/12;8082210;3200
PIRRO 20MG GEL B/20 (PIROXICAM);8467513;1585
PIRSEC 40MG GEL B/30 (OMEPRAZOL);8002978;12395
PISSETTE PLAS.COL DE CYG.125ML;8032614;2600
PISSETTE PLAS.COL DE CYG.250ML;8228719;6905
PISSETTE PLAS.COL DE CYG.500ML;8228671;6500
PISSETTE PLAST COL DE CYG 100 ML;8228702;1440
PISSETTE PLASTIQUE 250ML;8321809;4550
PITALO 1MG CPR PELL B/30 (PITAVAST);8095595;6850
PITALO 2MG CPR PEL B/30(PITAVASTAT.;8095738;8695
PITALO 4MG CPR PELL B/30;8095750;12150
PIVALONE GTTE NAS FL/10ML;3206110;3700
PIVER CUIR EDTV 100ML;8522241;36050
PIVER VETIVER EDTV 100ML;8522270;36050
PKG CR T/30GR (RELAX.MUSCUL.PUISSAN;8560796;1595
PLACENTOR CR ANTI-RIDES 50ML;8209188;14905
PLACENTOR CR ULTRA HYDR T/200ML;8209248;17815
PLACENTOR GEL NETT T/150ML;8283813;11815
PLACENTOR GEL SPEC VERG 125ML;8284793;18905
PLACENTOR LAIT CORP F/400ML;8284770;12995
PLACENTOR LAIT VEG MELAW 400ML;8616717;24995
PLACENTOR SOL MICELL F/400ML;8209018;12360
PLACENTOR VEGET CR CORRECT/30ML;8284652;14905
PLACENTOR VEGET CR REG.PM/50ML;8284540;11590
PLACENTOR VEGET SER REG JR/N/30ML;8616723;18175
PLANET KID COF.EDT PDRE D'ETOILES;9020553;14395
PLAPAR SUSP BUV F/60ML(PARACETAMOL);8302723;880
PLAQUENIL DRAG 200MG B/30;3644146;5810
PLASEP 75MG CPR ENR B/30;8487585;4820
PLASMETHER 80MG IM INJ 1ML AMP/6;8430680;3885
PLASMINAL 180/1080MG PDR BUV 60ML;8430705;1685
PLASMINAL 360/2160MG PDR BUV 120ML;8430711;2185
PLASMINAL 80/480MG CPR SEC B/6;8430697;2000
PLASMOCID 20/120MG CPR B/24;8093544;2530
PLASMOCID 20/120MG CPR B/6;8035966;680
PLASMOCID 40/240MG CP DISP B/6;8035989;1250
PLASMOCID 80/480MG CPR B/6;8035995;1800
PLASMOCUR 135/1080MG BUV 90ML;8436688;2715
PLASMOCUR 20/160MG CP DISP/6;8455970;1515
PLASMOCUR 40/320MG CPR B/9;8436665;2095
PLASMOCUR 40/320MG CPR SEC B/12;8440224;2410
PLASMOCUR 40MG /320MG CPR DISP B/6;8455987;1970
PLASMOCUR 80/640MG CPR B/6;8455993;3335
PLASMOCUR 80/640MG CPR B/8;8456001;4245
PLASMOCUR 90/720MG BUV 60ML;8436671;2095
PLASMOTRIM 50MG RECTOCAPS B/6;2029025;2575
PLASTENAN NEOM POM T/20G;3083920;3830
PLATEAU DE SOIN 23X17X2,8CM;8213244;32500
PLATEAU DE SOIN 31X24X3,1CM;8228808;52000
PLATLO 75MG CPR B/30;1255314;8265
PLAVIX 75MG COMP B/28;3479457;19120
PLAVIX 75MG COMP B/30;3802220;15060
PLAX ROUGE SOL.;6625014;4070
PLAX VERT SOL FL/250ML;6635857;3825
PLENCOXIB 200MG GEL B/20(CELECOXIB);8417656;5485
PLETIN PLUS 50MG/325MG/250MG CPR B/6;8775019;965
PLITICAN COMP B/12;3248640;6465
PLITICAN SOL INJ AMP 2ML B/6;3224148;5280
PLUFENTRINE 20/120MG CPR DISP/6;8008604;840
PLUFENTRINE 40/240MG CPR DISP/6;8008633;1505
PLUFENTRINE 60/360MG CP DISP/6;1405578;1995
PLUFENTRINE 80/480MG CPR B/6;8008610;2330
PLUREXID SOL EXT FL/250ML;3202939;3510
PND COLL FL/3ML;8016816;1685
PNEUMOREL 0,2% SP F/150ML (FA);3137981;1450
PNEUMOREL 80MG CPR B/30 (FA);3192974;4440
POCHE BIOT S2 F 24575 B/30 UNITE;6073359;1930
POCHE BIOTR S2 DRNBL ST 24475 UNITE;9008799;3595
POCHE BIOTR S2 V BL30 24735 UNITE;6220139;1745
POCHE COLOPLAST PC3000 NØ8325 UNIT;6162376;2500
POCHE COLOST KIT(FILTR+PLAQ+POCH);9010974;4550
POCHE DE COLOSTO AVEC ANNEAU 38MM;9008569;1115
POCHE DRAINAGE BEIGE 0,45MM;9027130;89710
POCHE URIN BALISA VID/2L/1;8326014;635
POCHE URINE 2L B/10;1310895;3780
POCHE URINE LABELL 2L SACH/5;8388067;3155
POCHE URINE LABELL 2L SACHET;8272689;700
POCHE URINE STER PED  UNISEX B/100;8285433;28135
PODIN-M PDE T/15G (POVIDO+METRO);8021616;1310
PODIOS CR.ANTI ECHAUFF.T/80ML;7203953;7760
POIGNET CONT GIBAUD T3 R5787;6032320;10950
POIGNET CONT REGL BLC TP R5937;9020317;2400
POINTE A LANGER LOTUS +9KG S20;8057896;1715
POIRE A LAVEMENT COL MASSIF N°8 190ML;7795756;12250
POIRE LAVEMENT SALVA NØ2 CANULE;9020352;2400
POIRE VAGIN.INJ+LAV.JET ROTATIF;4781684;19500
POLAAR-COFFRET P H-CR DE L'EXTREME -CR EXTREME 50ML+GEL HYD;7509230;28850
POLARAMINE 2MG CPR SEC B/20;3422730;10065
POLARAMINE 5MG/ML INJ B/5;3084925;18120
POLARES 200MG CPR B/10;8490759;4475
POLARES 50MG SUSP BUV F/30ML;8490765;1720
POLERY SIROP ADULTE F/200ML;3084931;3475
POLIDENT CR ADH MAXI.CONTROLE 40G;7024104;11480
POLIDENT CR ADH ORIG.T/44G;8374964;6935
POLIDENT CR ADH PROTECT.GENC.40G;6301978;8495
POLIDENT CR ADH TOT ACT T/40G;5630225;10950
POLIDENT CR POWER MAX ADH T/70G;8315482;11230
POLIDENT MAXIUM CONTROLE 70GR;9470374;14300
POLIDENT NETTOY.3MIN CPR B/66;6302301;11410
POLIFER SP F/250ML;8074877;2730
POLYDERM 20MG CR T/20G;8469831;3445
POLYDEXA GTTE AURIC FL/10ML;3153342;2095
POLYDIN SOL DERMIQ FL/120ML;9020493;1235
POLYFRESH CY F/10ML (HYALURON.NA);8008136;3595
POLYFRESH EXTRA COLL UNID/0,4ML B/30;8483848;5925
POLYGEL GEL BUV F/200ML;8483564;1790
POLYGYNAX CAPS VAGI B/12;3360265;6145
POLYGYNAX CAPS VAGI B/6;3085020;3445
POLYGYNAX VIRGO CAPS VAGI B/6;3143237;3475
POLYKARAYA GRAN SACH 10G B/30;3227046;15140
POLYMALT 50MG/5ML SIROP F/100ML;8469819;3170
POLYMIC 200/500MG CPR B/10;8488343;4960
POLYMOXYL 250MG PDR BUV SACH/12;8021697;2065
POLYMOXYL 500MG GEL B/20;8057643;2095
POLYNYCIN CAPS VAGINALES B/12;8022277;3880
POLYSILANE GEL SACH 15G B/12;3365759;6580
POLYSORBATE 80 250ML CPF;7430063;13520
POLYSTRONGLE PO 100G;9029985;3755
POLYSTRONGLE PO 1KG;9019828;33975
POLYTONYL AD AMP BUV 10ML B/18;3085178;3305
POLYTONYL ENF AMP BUV 5ML B/18;3085184;2480
POLYVIT ADEC SOL BUV GTTE F/15ML;8072513;1115
POLYVIT CPR B/30;2192943;2480
POLYVITA-M INJ IV AMP 10ML B/5;8003966;2120
POLYVUE CY F/3ML;8495745;1790
POLYZYM LENTIL CP EFF B/16;3298804;7905
POMEX 20MG/120MG CPR B/24;8444788;1475
POMMADE ANTI-LARBISH P/40GR;9001389;5590
POMMADE D 826 22ML;9019544;2190
POMMADE D 826 T/100ML;9014624;6315
POMMADE HEC NAS T/25G;3047031;15305
PONSTYL 250MG GELULE B/20;3085244;5205
PONSTYL FORT 500MG CPR B/20;8013278;3185
PONSTYL SP ENF FL/60ML;2007503;3005
PONYADEX COLL SUSP F/5ML;8484629;1655
POSITON CREME T/30G;2263755;3060
POSITON ONGUENT T/30G;2263761;3060
POSTPILL 1,5MG CPR B/1;8444038;1005
POT A ONGUENT PORCELAINE 125 ML;9013346;1540
POT A ONGUENT PORCELAINE 90 ML;9011287;1395
POT COPROC.+SPATULE 80ML;9021481;250
POT GELULE PET FUME CAPS/100ML;9036809;955
POT PRELEV PL STER 120ML;9032415;770
POT PRELEV PL STER 30ML;9032177;385
POT PRELEV PL STER 40ML;8265169;500
POT PRELEV PL STER 60ML;9039914;185
POT VISSANT BLANC 100ML+COUV;2261147;1400
POT VISSANT BLANC 125ML+COUV;2271950;1580
POT VISSANT BLANC 150ML;2261621;1540
POT VISSANT BLANC 250ML;6395850;2030
POT VISSANT BLANC 500ML;2271967;3650
POT VISSANT BLANC 70ML+COUV;2261153;1030
POT VISSANT TRANSPARANT 250ML;9020091;690
POTASS.CHL 10% INJ  B/10 CIPHARM;3653317;3690
POTASS.CHL 10% INJ  B/10 LAV;3630032;6860
POTASS.CHL 10% INJ B/10 CPF;8124345;5015
POTASSIUM IODURE P/1KG COOPER;7430287;284750
POTASSIUM NITRATE TECHNIQ.1KG;7430301;11325
POTASSIUM PERM.0,25 G SACH;9005298;360
POTASSIUM PERM.0,50 S/100 ;6261842;57000
POTASSIUM TARTRATE NEUTRE 250G;1608614;13550
POTENCE;6146489;65000
POTENCIATOR AMP BUV 10ML B/20;2031476;5440
POUBELLE A PEDALE;9023988;24780
POULVAC E COLI 5000DOSES;90181910;34510
POUPINELLE STERILIS A CHALEUR;2265623;620000
POUXIT A/POUX SPRAY 75ML;5358114;4640
POUXIT FLASH 150ML+PEIGNE;1933501;11540
POUXIT SHP ABRI 100ML S/PEIGNE;1933521;11010
POUXIT XF A/POUX SPRAY 100ML;1454551;9910
POUXIT XF LOT.ANTI POUX 100ML;9669549;8970
POVI BD 10% SOL F/200ML;8064608;2065
PR BEDON LAIT ECL ROYAL F/500ML;9004554;41390
PR BEDON LAIT ENERGIE 500ML;8328473;19530
PR BEDON LAIT LUXE CAVIAR 500ML;8348228;28545
PR BEDON SAV GOM EXF.CAROTTE;8224420;9080
PR BEDON SAV LUXE CAVIAR;9009971;10440
PR BEDON SAV LUXE GOM ROYAL 200G;8358913;23395
PR BEDON SAV SUPREME PAIN 200G;8309984;13635
PR BEDON SER SUPREME 50ML;8310007;9705
PRADIS 0,1% SOL BUV F/200ML;2293911;2000
PRADIS 10MG SUPPO B/10;2295979;1075
PRADIS FORT 0,4% GTTE BUV F/30ML;8054225;1350
PRANAROM AROMALGIC HUIL.MASS.100ML;9674131;10830
PRANAROM AROMALGIC SPR ARTIC.S.50ML;9927655;9680
PRANAROM HV ARGAN 50ML BIO;7963233;12000
PRANAROM HV CALOPHYLLE 50ML BIO;7963291;13030
PRANAROM HV CAROTTE 50ML BIO;680176;7000
PRANAROM HV GERM BLE 50ML VIERGE;7963339;8500
PRANAROM HV MACADAMIA 50ML BIO;9006458;8000
PRANAROM HV NIGELLE 50ML BIO;9005335;7500
PRANAROM HV ROSE MUSQUEE 50ML BIO;3191124;15000
PRANAROM OLEACAPS SANTE INTESTINAL;8527913;9045
PRANAROM SPIRULINE BIO CPR B/150;9027779;13040
PRASUSAFE 10MG CPR PELL B/30;8457992;13775
PRAVASTATINE 20MG CP B/28 MYL;2184613;14845
PRAVASTATINE 20MG CPR B/28 BGR;2192015;6435
PRAVASTATINE 20MG CPR B/84 ARROW;2665844;12000
PRAVASTATINE 20MG CPR B/84 BGR;2192038;14850
PRAVASTATINE 20MG CPR B/84 MYLAN;2184642;17660
PRAVASTATINE 20MG CPR B/84 TEVA;7365987;12910
PRAVASTATINE EG 20 MG B/84;2190737;15205
PRAVIA 500MG LP CP B/30;1597541;9730
PRAXILENE 100 GELULE B/20;3328793;2400
PRAXILENE 200MG COMP B/20;3242643;3885
PRAZIMEC-D 40X4 CPR  ;1116544;73350
PRAZIMEDIVET CPR;6813394;4970
PRAZIMVER CPR;6813402;6390
PRAZOL 20MG GEL B/14;8000614;3665
PRAZOL 20MG GEL B/28;8000643;5610
PRE NAN LAIT PDRE B/380G;8312035;5985
PRE NURSIE LAIT B/400G;8300316;4740
PREBIEN 120MG IM/IV PDR INJ B/1;8084976;3980
PRECIX CHAMBRE INHAL AD/1;8688639;10905
PRECIX CHAMBRE INHAL ENFANT/1;8720679;10905
PRECIX CHAMBRE INHAL NOURRISN/1;8720662;10905
PREDNI 20MG CP SEC EF B/20 CPF;8069362;3280
PREDNIDERM  SOL EXTERNE FL/60ML;6838916;10150
PREDNISOLONE POUDRE;1645905;13580
PREDNISONE 1MG CPR B/30 VITARIS;3855883;2250
PREDNISONE 5MG CPR B/30 BGR;6519275;3540
PREDNISONE 5MG CPR SEC B/30 MYL/VIATRIS;3651850;3255
PREFINE GR/SACH B/22;3402064;9120
PREGABALIN GH 25MG CAPS B/56;8428915;8530
PREGABALIN-GH 75MG GEL B/56;8428921;17940
PREGABALINE 25MG GEL B/56 ARROW;3004027;5040
PREGABALINE 25MG GEL B/56 BIOGARAN;3003269;11060
PREGABALINE 25MG GEL B/84 MYLAN;18125;7760
PREGABALINE 50MG GEL B/84 ARROW;2293911;12550
PREGABALINE 50MG GEL B/84 BIOGARAN;3008723;12830
PREGABALINE 50MG GEL B/84 MYLAN;3001814;11000
PREGABALINE 75MG GEL B/56 BIOGARAN;3003298;11900
PREGABALINE DENK 150MG GEL B/28;8781907;11020
PREGABALINE DENK 75MG GEL B/28;8781913;8195
PREGABALINE GEL 75MG B/56 MYLAN;1133231;13995
PREGABANEURINE 75MG GEL B/30;8801604;7715
PREGASAFE 150MG GEL B/30;8424610;12430
PREGASAFE 75MG GEL B/30;8424627;8985
PREGEX-72 1,5MG CPR B/1;8476860;995
PREGIB 150MG GEL B/30;8467559;12950
PREGIB 25MG GEL B/60;8467536;6380
PREGIB 75MG GEL B/50 (PREGABALINE);1470231;16440
PREGNACARE CPR B/30;8335208;7730
PREGNAMAX CPR +VIT K B/30;8555341;6000
PREGNATAL COMP B/30;2019570;4355
PREGNON 0,75MG CPR B/2;8012209;760
PREGNON 1,5MG CPR B/1;8418118;1045
PREMARIN INJECT NEC IM/IV B/1;3085853;2635
PREMENO DUO SECH VAG OVUL B/10;4244503;12590
PREMIRIZ LAIT 1ER AGE B/900G;3801114;43010
PRENATAL DENK CPR B/30;8359321;4430
PRENATAL DENK+DHA B/30 CAPS+CPR;8397439;9620
PRENEU 75MG GEL B/30;8752857;6200
PRENOXAN PHENO 5CG SUPPO B/10;3085907;725
PREPARATION ASSURANCE;9135405;7230
PREPARATION NE PAS VENDRE;9007506;1930
PRESER SPORTIE P F/C B/3;8686385;800
PRESER SPORTIE U M B/3;8686391;790
PRESERV CONTEMPO BAREBACK ULT FIN B/3;8517719;620
PRESERV CONTEMPO FLAVOURS B/3;8517725;545
PRESERV CONTEMPO WET N WILD XTR LUB/3;8517731;565
PRESERV DOMINO FRAISE B/6;8494036;925
PRESERV DOMINO MENTHE B/12;8381846;1740
PRESERV DOMINO MENTHE B/6;8229676;925
PRESERV DOMINO NATURE B/6;8229788;925
PRESERV DOMINO NERVU.PERL.ANA/6;8323139;920
PRESERV DOMINO VANILLE B/6;8229682;925
PRESERV DOMINO XL B/6;8544656;870
PRESERV DUREX CLASSIC JEANS B/30;8794465;975
PRESERV DUREX LOVE B/6;8794502;3135
PRESERV DUREX NUDE EXT LUBRIF B/8;8794519;5680
PRESERV DUREX NUDE ORIG B/10;8794525;6485
PRESERV DUREX ORGASM INT B/10;8794554;6645
PRESERV DUREX ORGASMIC P/12;7220905;5790
PRESERV DUREX SEXY FRAISE B/12;8794577;6285
PRESERV F FEELINGS P/3;4020092;19500
PRESERV GAGNANT FRAISE P/3;8595257;390
PRESERV GAGNANT MENTH P/3;8595234;390
PRESERV GAGNANT NATURE P/3;8595240;400
PRESERV GAGNANT VANILLE P/3;8595228;405
PRESERV INNOTEX CLASSIC B/3 F/A;8561407;620
PRESERV INNOTEX+ B/3 ROUGE F/A;4382062;620
PRESERV KAMA S.BANANE B/3;9835835;550
PRESERV KAMAX AFRO P/3;4055475;300
PRESERV KAMAX COMBO P/3;4029785;600
PRESERV KAMAX SUPER SPORT P/3;2263821;515
PRESERV KISS BANANE B/3;8559758;300
PRESERV KISS CLASSIC B/3;7212521;200
PRESERV KISS MENTHE B/3;7212432;250
PRESERV KISS PERLE CLASSIC B/3;8559764;250
PRESERV KISS PERLE FRAISE B/3;8538319;300
PRESERV KISS PERLE MENTHE B/3;8538302;300
PRESERV MANIX CONT PLUS B/12;1547961;5055
PRESERV MANIX CONT.L K.SIZE/14;7244136;4910
PRESERV MANIX CONTACT B/14;2294307;4270
PRESERV MANIX CONTACT PLUS B/10;1848551;4180
PRESERV MANIX CONTACT PLUS B/2;1484103;1065
PRESERV MANIX CTACT B/3;4787468;1075
PRESERV MANIX CTACT PLUS B/6;8676636;2800
PRESERV MANIX ENDURANCE B/14 ;8387369;5630
PRESERV MANIX K.SIZE MAX B/3;1499051;950
PRESERV MANIX KING SIZE B/3;4518544;980
PRESERV MANIX KING SIZE MAX B/14;1492871;4640
PRESERV MANIX ORGAZMAX + B/14;8387381;5315
PRESERV MANIX PLAY B/16;2136206;5205
PRESERV MANIX PURE B/10;1463504;3035
PRESERV MANIX S RESERV L B/4;8444584;1055
PRESERV MANIX SENSATION MAX/10;1848701;5670
PRESERV MANIX SKYN COKT.CLUB/9;8392927;7185
PRESERV MANIX SKYN ELITE EXTRA LUB B/10;8377968;8110
PRESERV MANIX SKYN ELITE KING SIZE B/10;1606505;8105
PRESERV MANIX SKYN ELITE ULTRA FIN DOUX.P/10;5112749;6445
PRESERV MANIX SKYN INT.FEEL B/10;8359373;7470
PRESERV MANIX SKYN KING SIZ GRD T B/10;5112726;6370
PRESERV MANIX SKYN KING SIZE B/10;8366717;6930
PRESERV MANIX SKYN ORIG.B/2;8112833;970
PRESERV MANIX SKYN ORIGIN.B/10;5112732;7515
PRESERV MANIX SKYN SELECTION  B/10;8359226;7760
PRESERV MANIX SUPER B/12;8612518;3415
PRESERV MANIX SUPER B/14;8387398;3885
PRESERV MANIX SUPER B/4;7101276;1065
PRESERV MANIX SUPER B/6;5374113;2105
PRESERV MANIX SUPER RESERV LUBRIF B/4;8344584;1065
PRESERV MANIX SUPREME B/10;4787474;5595
PRESERV MANIX TENTATION B/14;8333741;4085
PRESERV MANIX ULT PROTECT B/12;4805456;4930
PRESERV MANIX XTRA PLEAS B/12;4500544;5835
PRESERV MANIX XTRA PLEAS.B/14;8387412;4660
PRESERV MANIX XTRA PLEAS.B/3;7685840;1065
PRESERV MANIX ZERO B/12 EXT LUBR.;1655401;5155
PRESERV MASC FRUITTI B/3;8339560;845
PRESERV MASC LONG PLEAS B/3;8339583;940
PRESERV MASC SENSIT.TYP1 B/3;8339436;775
PRESERV MASCU DBL PROTEC X B/3;7083395;970
PRESERV MASCU FRUTTI B/10;11039510;2400
PRESERV MASCU LONG PLEA B/10;833958;2400
PRESERV MASCU PERLE NERV B/10;21539510;2285
PRESERV MASCU PERLE T2 B/10;2357953;2020
PRESERV MASCU PUR B/10;2460958;2585
PRESERV MASCU SENSIT B/3+1;3023958;805
PRESERV MASCU SENSIT T1 B/10;2654958;2285
PRESERV MASCU XXL B/10;3144952;2400
PRESERV MASCU XXL B/3;32209510;800
PRESERV MASCULAN XXL TYPE 5 B/3;8339519;840
PRESERV PRESA PRESENT/12 B/3;8599002;5470
PRESERV SOFT EXTRA SENSETION B/12;8646486;1325
PRESERV SOFT TUTTI FRUTI POCH/3;8256555;390
PRESERV SOFT VANILLE POCH/3;8256466;330
PRESERVISION LUTEINE CAPS B/60;4271687;30315
PRESERVISION3 CAPS CPL ALIM B/60;4602871;29600
PRESTO 1,5MG CPR B/1 (LEVONORGESTRE;9001679;2000
PRESTOGEL GEL T/25G(CRISE HEMORR.);8504332;15045
PRESTOLE GELU B/30;3185135;7925
PRETERAX 2,5/0,625MG CPR B/30;3782322;12430
PREVISCAN 20MG COMP B/30;3348413;3085
PREZAR 50MG CPR PELL SEC B/28;8089442;11805
PRID DELTA B/100DEV.;9016497;772720
PRILIGY 30MG CPR B/3;2226926;36420
PRILIGY 30MG CPR B/6 (DAPOXETINE);2226932;66860
PRIM'AGE EAU NETT PURE DCEUR F/1L;8245310;6990
PRIMADEX 100ML;9009008;6630
PRIMALAC;1251804;2090
PRIMALAC AC 0-12M LAIT 400G;8339063;6465
PRIMALAC AR1 LAIT 400G;8339086;5440
PRIMALAC AR2 LAIT 400G;8339092;5555
PRIMALAC CEREAL FRUIT LAIT 250G;1251750;2320
PRIMALAC CEREAL MIEL B/250G;1251773;2460
PRIMALAC CEREAL RIZ B/250G;1251796;2090
PRIMALAC CEREAL RIZ LAIT 250G;8520710;2465
PRIMALAC CEREALES BLE LAIT PRDE B/250G;8520696;2465
PRIMALAC CEREALES FRUITS LT PDRE B/250G ;8520650;2465
PRIMALAC CEREALES LAIT PDR 250G;8520667;2465
PRIMALAC CEREALES LAIT PDRE B/250G;8520667;2465
PRIMALAC CEREALES MIEL LAIT 250G;8520673;2465
PRIMALAC CEREALES MIEL LT PDRE B/250G;8520673;2465
PRIMALAC CEREALES RIZ CPLT LAIT PDRE B/250G;8520704;2465
PRIMALAC CEREALES RIZ CPLT LT 250G;8520704;2465
PRIMALAC LF 0-12M 400G (S LACTOSE);8368366;6640
PRIMALAC PRE CMA LAT PDRE B/400G;8665555;14920
PRIMALAC PRE LAIT PDRE B/400G;8665549;10360
PRIMALAC PREMIUM AR LT 400G;2485777;6650
PRIMALAC PREMIUM1 LAIT 400G;8339057;5860
PRIMALAC PREMIUM2 LAIT 400G;8339040;5860
PRIMALAC PREMIUM3 LAIT 400G;8339034;5860
PRIMALAN 10MG CPR SEC.B/14;3395832;4895
PRIMALAN 30MG SP+CUIL F/60ML;3263680;1930
PRIMALAN 5MG CPR SEC.B/14;3181568;3075
PRIMALAN SP F/125ML;3627308;3305
PRIMIGYN 0,5MG GEL STER SER 2,5ML+CATH;8066607;6230
PRIMODOG F/1DODE;9060423;3835
PRIMODOG F/1DOSE;4219961;3535
PRIMOLUT NOR 10MG CPR B/30;8060349;2370
PRIMOX 100G HUVEPHARMA;30042000;2900
PRIMOX BOITE 1KG FR GB;1115142;21205
PRIMOX SAC 5KG FR GB UUVEPHARMA;1116626;89064
PRIMPERAN 0,1% SOL BUV F/200ML;3086143;2420
PRIMPERAN 10MG B/12 UNIT 1AMP;9021771;165
PRIMPERAN 10MG INJ AMP2ML B/12;3086166;5495
PRIMPERAN 10MG SUPPO B/10;3231792;1760
PRINCI B FORT COMP B/30;2027150;5470
PRINTIL FRAICH EPICE 200ML;8998972;2945
PRITOR 80MG CPR B/30;3777723;7180
PRITOR PLUS 80MG/12,5MG CPR B/30;3777752;7220
PROBALANCE CPR B/360 LR;6846838;23000
PROBANTHINE DRG 15MG B/42;3086290;3345
PROBIOVET 6SOUCH.CAPS B/60 BL/10;9038501;2055
PROBIOVET 6SOUCHES CAPS B/60;3420010;12320
PROBITOR 20MG GEL B/14;8023035;3610
PROCALCIUM POT/500G (CPLT.MIN.VIT.);9007908;5735
PROCERVO CPR B/30;8631094;6905
PROCOMIL 5MG DRAG B/30;2001624;6090
PROCOMIL CREME TUBE/5G;2001618;2245
PROCOMIL SPRAY F/15G;2001630;7245
PROCORALAN 5MG CPR PEL B/56;7167628;28105
PROCORALAN 7,5MG CPR B/56;3716791;28045
PROCTICAD 10G/15ML F/200ML;8496851;4820
PROCTO FLINAR CR T/15G;8458112;4655
PROCTO FLINAR SUPPO B/6;8458129;5315
PROCTOLOG SUPPO B/10 (FA);3140730;2645
PRODAFALGAN 2G INJ FL+AMP B/8;5580077;15320
PROFEMIGR 150MG CPR B/10(KETOPROF.);3752249;2965
PROFENID 0,1% SUSP BUV F/150ML;8002837;2595
PROFENID 100MG COMP B/30;3330206;3940
PROFENID 100MG PDR INJ IV F/50;5574668;48755
PROFENID 100MG SUPPO B/12;3179293;2795
PROFENID 100MG/2ML AMP INJ B/2;3466035;2015
PROFENID 100MG/2ML AMP INJ B/6;3429212;7225
PROFENID 2,5% GEL T/60G;3300085;1765
PROFENID 50MG GELULE B/24;3138905;2195
PROFENID LP 200MG GEL B/14;3315833;8050
PROFIZ FORTE 500MG/600MG CPR B/10;8023012;5540
PROGEENEXT 100MG CAPS B/20;8499571;4475
PROGEENEXT 200MG CAPS B/15;8499588;4475
PROGENT SOL DESINF.LENTIL.TRAIT/5;4349099;24550
PROGEST 100MG CAPS B/30;8444707;5070
PROGEST 200MG CAPS B/15;8444713;5305
PROGESTAN GE 200MG CAPS B/45;3587632;16080
PROGESTERONE 200MG CAPS/45 BGR;3979332;14050
PROGESTERONE RET 500MG INJ B/3;8060295;7550
PROGESTERONUM 7CH GR;598813;2300
PROGESTOGEL GEL EXT T/80G;3131412;3085
PROGIRON 25MG INJ AMP B/7;2764397;70240
PROGLAU 20MG/ML CY F/5ML;8005942;6875
PROGYNANCE 200 OVUL VAG B/30;2485452;6920
PROGYNANCE 400MG OVUL VAG B/16;2485453;9670
PROGYNANCE 500MG SOL INJ AMP 2ML B/3;4000029;9645
PROGYNOVA 1MG CPR B/20;3189156;7810
PROGYNOVA 2MG CPR ANF B/20;8068078;4880
PROGYNOVA 2MG CPR B/1X20;3189222;9060
PROHEPA 200MG GEL B/30;8483794;4890
PROHEPA 200MG GEL B/50;8399102;7815
PROHEPA SP F/100ML;8544805;3635
PROKEFEN 100MG CPR DISP B/30;8083008;1780
PROKEFEN 100MG IM/IV+SOLV B/1;8082931;910
PROKEFEN 100MG SUPPO B/10;8087555;1710
PROKIDS ENF DENTIF T/75ML;8261332;1720
PROLENE DEC 1,5 (4/0) COURB;9018651;6810
PROLENE DEC 2(3/0) TR 1/2 C 26CM;9018438;6805
PROLENE DEC 3 (2/0) TR 1/2C 26MM;9038607;6810
PROLIA 60MG SOL INJ SERING;4928578;282000
PROLONGATEUR LONG 1,5M;90333510;1560
PROMAX 0,05 PDE T/30G;8453190;2065
PROMONGYL 1GR CPR PEL SEC B/2;8069190;2330
PRONAT ARGILE VERTE PDRE SCH/200G;8503060;2740
PRONAT HLE ARGAN F/60ML;8503031;4025
PRONAT LAIT ECLAIRC.F/250ML;8503054;5835
PRONAT LOT F/125ML;8503048;2310
PRONAT PEAU NATUR.LAIT 250ML;8503025;5110
PRONAT SAV NEUTRE PAIN 250G;8503019;1020
PRONERV GELULE B/20;2276930;3580
PRONTALGINE(PCC) CPR B/18;3617149;8430
PROPECIA COMP 1MG B/28;3490660;61450
PROPHYL 75 BID/5L;9005223;40000
PROPOFAN GEL B/15;9000438;2620
PROPOFOL  200MG EMULAMP 20ML/5 FRESENUIS;8151543;12120
PROPRANOLOL 160MG LP GEL/90 TEVA;3723118;21465
PROPRANOLOL 40MG CPR ARROW B/50;187159;2505
PROPRANOLOL 40MG CPR B/50 ACCORD;26812577;2375
PROPRANOLOL 40MG CPR B/50 BGR;1164811;1655
PROPRANOLOL 40MG CPR B/50 EG;3656764;2460
PROPRANOLOL 40MG CPR B/50 TEVA;3356996;3190
PROPRANOLOL LP 160MG GEL B/30 TEVA;3723093;8780
PROPYLEX 50MG BT/30;3813011;10900
PROPYLEX 50MG CPR B/90;3813028;31280
PRORHINEL BAND NASA ORIG LARG 30/4U;3094094;20420
PRORHINEL SOL NAS NN SPRAY;4366034;7290
PRORHINEL SOL.NAS.UNID 20 X 5ML;3496763;7715
PROSONIC MICRO TETE BAD SOFT B/2;1198636;4085
PROSPERM CPR B/60;8648806;9995
PROSTA FREE D'HOM.BUV 250ML;8282073;18370
PROSTABIOL CAPS B/60 NUTRIS;8342007;7465
PROSTAGENOL GEL B/60;8326273;9045
PROSTALEN LP 10MG CPR B/30(ALFUZOS);8450783;8265
PROSTALGENE F/50ML;7086909;28600
PROSTENAL CAPS B/30;8077025;7340
PROSTIGMINE 0,5MG INJ 1ML B/6AMP;3087036;3140
PROSURE PET 100G;8244026;6390
PROTAMINE CHOAY F/10ML;3101173;27290
PROTECT PILL 1,5MG CPR/1;8070796;2065
PROTEGE SLIP PLAT MICRO LILA B/20;1717875;830
PROTEGE SLIP PLAT MICRO LILA B/40;1717705;1610
PROTEXIUM 20MG CPR GAST.RES.B/30;8437630;4865
PROTEXIUM 40MG CP.GAST.RES.B/30;8437647;6230
PROTHESE MAMMAIRE TRIANG SERENA T9T;7401736;49510
PROTIFAR PLUS PDRE 500G(NUTRICIA);6613910;15300
PROTON 10MG GEL B/14;8091350;4355
PROTON 20MG GEL B/28;8059518;5235
PROTON 20MG GELULES B/14;8036782;3705
PROTOPIC 0,03% PDE T/30GR;3592219;43050
PROTOPIC 0,1% PDE T/30GR;3592231;21440
PROVAMES 1MG CPR PELL B/30;3466667;3650
PROVAMES 2MG ESTRAD COMP B/28;3547934;2175
PROVIRON 25MG CPR B/20;8064695;5770
PROXEED PLUS SACH 5G B/30;8354068;49360
PROXEED WOMEN SACH 6G B/30;31963710;50360
PROXURR POUDRE 100G;9010632;4970
PROZAC 20MG CPR DISP.B/28;3450531;10275
PROZAC 20MG GEL B/14;3310095;4520
PROZEE 100MG GEL MOLLE B/30;8776651;6930
PRUREX CR DERMIQ T/40G;2029410;1515
PSA-GOTRINE 560 80/480MG CPR B/6;8458299;1890
PSA-LOP 5MG CPR B/30;8458276;2535
PSODERMA CR/ P/SECHE T/100ML;9018421;5535
PSORIABAN PDE T/15G;8018548;7775
PSORINUM 5 CH GR;8662663;1135
PSORINUM 9 CH GR;915107;1135
PSYLIA PDR EFF BUV SACH/20;3302210;3140
PTISENBON EDTV 100ML ENF +3ANS;9042709;26000
PTIT BOBO SPR MAR OREIL 50ML;5110064;4265
PTIT BOBO SPR NASAL ENF 50ML;9607577;5260
PTIT BOBO SPR NEZ HYPERT 50ML;9607560;5260
PULMICORT 200ÆG AEROSOL 100 DOSES;3334842;44165
PULMICORT INH.0,5MG/2ML UNID B/20;3372713;25515
PULMICORT INH.1MG/2ML UNID B/20;3373569;36230
PULMICORT TURBUH.200ÆG 200 D;3332754;27580
PULMODEXANE 30MG CPR PELL B/12;3782888;1765
PULMODEXANE SOL BUV FL/150ML;3550913;2550
PULMOFIRST 125MG CPR B/10;8433224;14465
PULMOFIRST 62,5MG CPR PELL B/10;8425325;11740
PULMOFLUIDE SIMPLE AD SOL BUV/180ML;3087852;7645
PULMOGRIP CREME T/40G;2026854;1870
PULMOLL CLASSIC PAST B/75;1694221;2685
PULMOLL SS CITRON PAST B/45;1815201;2670
PULMOLL SS EUCA/MENT PAST B/45;1694231;2570
PULMOR 15MG/5ML PED SP F/150ML;8430935;1505
PULMOR 30MG/5ML SP F/150ML;8430941;1600
PULMOSERUM SOL BUV FL/200ML;3288993;2165
PULMOX SACHET 100G;7000032;12280
PULSATILA TM 30ML;90011210;1620
PULSATILLA 7 CH GR;606091;1170
PULSE 20MG CPR B/4;1236491;4280
PULVO 47 NEO PDRE FL/4G;3142485;4705
PUREGON 50UI AMP B/5 UNITE;9056410;27005
PUREGON 50UI SOL INJ B/5;3514001;117090
PUREGON 75UI AMP B/1;3514024;35050
PURESS A.BACT SPR 3HE 250ML;6038693;11760
PURESS ART GEL CRYO PURE 80ML;6077767;9770
PURESS LOT SPR ANTIBACT 25ML;6018435;3500
PURESS SAPIN DE SIBERIE F/10ML;104769;6500
PURESS SOMMEIL ENF 125ML;6167948;12720
PURESS SPR A.PARA TEXTIL F/150ML;6119504;15040
PURESS.A-POUX SPR REPULS.75ML;9842628;7405
PURESS.ANTI-PIQUE SPR T/75ML;5441795;8980
PURESS.ANTI-POUX LOT 100ML+PEIGNE;9848950;18390
PURESS.ART PATCH CHAUF 14HE/3;5127745;12770
PURESS.ART ROLLER 14HE FL/75ML;4625990;9065
PURESS.ARTICUL.GEL 14HE T/60ML;9709740;7830
PURESS.ASSAIN 41HE SPR 200ML ;4392675;15560
PURESS.ASSAIN 41HE SPR 500ML;4071184;31470
PURESS.ASSAIN 41HE SPR 75ML;5162546;8340
PURESS.ASSAIN GEL HYDR 3HE 80ML;9660991;3540
PURESS.BE MAUX TETE ROLL F/5ML;4469544;6045
PURESS.CIRCUL.SPR 100ML 17HE;9928985;12760
PURESS.CR MULTI APAIS 40ML;6026578;7100
PURESS.DETENTE BB DODO 50ML;4505777;4660
PURESS.DIFF.AIR PUR HE 30ML;6213821;6160
PURESS.DIFF.PRISE ROTATIVE;6025633;27885
PURESS.EXP CPR NEUTRE B/30;6175858;5640
PURESS.FRICT ART/MUSC 14HE 200ML;6018449;15430
PURESS.FRICTION RESP.OK 100ML;6018478;9350
PURESS.GEL ANTIBACT.3HE 25ML;8146080;2720
PURESS.GEL MAIN 3HE 250ML;4129280;18000
PURESS.HE BIO LAVAND VRAIE 10ML;9942525;8660
PURESS.HE CITRONNEL JAVA 10ML ;9942330;4380
PURESS.HLE MASS.DETENT.LAV/NER.100M;4897300;10780
PURESS.HLE MASS.EFF.MUSC.ARN/G.100M;4897317;10660
PURESS.HLE SOIN BIO 100ML(BEAUTE PX;4897352;9825
PURESS.HUIL MASS ARNI/GAULT 200ML;6184679;18050
PURESS.HV BIO AMAND 30ML;6009700;5785
PURESS.HV BIO MACADAMIA 30ML;6009692;5335
PURESS.LOT SPR ANTIBACT 80ML;6018436;5140
PURESS.RESP BAUME 19HE T/50ML;4397922;6580
PURESS.RESP GOM ADOUC B/45G;9718348;4425
PURESS.RESP GORGE SP 125ML;9718331;6500
PURESS.RESP GORGE SPR 15ML;9718325;5910
PURESS.RESP IHNAL 19HE 1ML;9661039;3710
PURESS.RESP SPR 20ML 19HE;4403491;5990
PURESS.SOMMEIL DET.SPR 75ML;4505783;12060
PURESS.SOS PEAU ROLLER 5ML;4539983;5700
PUREVAX RCP FELV F/1DOSE;9100140;8215
PURGALAX CPR B/20;8361329;3495
PURGALAX CPR B/30;8156948;3770
PURIDOX 50MG IV PDRE LYPOH SOL INJ F/1;8083801;35735
PUROCINE 2% PDE T/5G;8081417;1615
PYLERA 140/125/125MG GEL B/120;2180420;53045
PYLIRON 80MG SUPPO B/10;8004859;2440
PYOSTACINE 250MG COMP B/16;3393721;10960
PYOSTACINE 500MG COMP B/16;3135858;19660
PYRALVEX GEL BUCCAL T/15G;3197813;8340
PYRALVEX SOLUTE EXT F/10ML;3369852;11820
PYRAMAX 180/60MG CPR B/90;8442163;48350
PYRAMAX 60/20MG GRANULE S B/90;8442186;28280
PYRANTEL GH 250MG CPR B/3;8472135;1380
PYRANTEL GH 5% SP F/15ML;6708203;1170
PYRANTOX 125MG CPR B/6;8342326;1050
PYRANTOX 250MG/5ML SUSP F/15ML;2295560;1255
PYROGENIUM 5CH GRAN;916070;1195
PYROSIX SUSP BUV F/250ML;8426075;2615
PYTOSPECIFIC SH HYDR BOUCLE F/150ML;5371511;7790
Q10 GOLD 100MG CAPS B/60;5447409;56500
QUARTZ FEM EDP 50ML 585186;8110283;11615
QUARTZ HOM EDT 50ML 587187;8110260;11615
QUASYM 30MG LP B/28;9001656;25020
QUEEN'S INTIMITY 125ML MENTHOLE;2540083;1780
QUEEN'S INTIMITY 250ML;9005080;2665
QUESTRAN SACH 4G B/50;3150272;26490
QUICK FILP PLUS SPRAY FL/225ML;9021699;12500
QUIES ANT RONFL MIE SPR BUC 170ML;3517153;12880
QUIES ANTI RONFL DILAT NASAL GM ;3435171;15475
QUIES ANTI RONFL SOL NASAL SPR 15ML;3517156;10250
QUIES ANTI-RONFL BAND NASAL B/24;1541026;17140
QUIES ANTI-RONFL SPR BUCAL MIEL-CITRON 15ML-75ML;1501006;12615
QUIES AQUAPLUG 1 PAIRE;6219865;6120
QUIES AVION BOUCH.OREIL.AD P/2;7396544;10330
QUIES AVION BOUCH.OREIL.ENF P/2;7396550;9380
QUIES BODYGUARD LINE SOFT EAR 6 PAIRES MULTICOLORS;30002004;5620
QUIES BOULE ANTI-BRUIT B/16(CIRE NA;9830559;4610
QUIES PROT.AUDIT.MSSE CONF. B/6;7527064;4200
QUIES PROT.AUDIT.SIL NATAT.B/6;9706428;6640
QUIES PROT.AUDIT.SIL NATAT.ENF B/6;7793831;6400
QUINEX 300MG CPR PELL B/18;8438233;3030
QUINIMAX 0,20 INJ 2ML B/50 CH;5543283;10315
QUINIMAX 0,40 AMP INJ 4ML B/6;3191064;3275
QUINIMAX 0,40 INJ 4ML B/50 CH;2003965;15500
QUINIMAX 125MG COMP B/18;3436488;4095
QUINIMAX 250MG/2ML INJ AMP 2ML B/3;3427242;86975
QUINIMAX 500MG COMP B/9;3413501;6105
QUINIMAX 500MG INJ 4ML B/25 CH;3427271;24150
QUINIMAX 500MG INJ 4ML B/3;3427265;3655
QUININE RESOR.0,2G 2ML B/100 1AMP U;9010069;175
QUININE RESORCINE 4ML INJ. B/6;2025240;1330
QUININE SULFATE 300MG CPR B/20 AFRICURE;8467105;4200
QUINOCARBINE COMP B/30;3285670;2090
QUINOCOL 1L;269410;16815
QUINOLOX 200MG CPR B/10;2295583;4850
QUINOTHERAM 0,5% COLL F/5ML;8491279;3100
QUINTANA 10MG CPR B/14;8077806;4025
QUINTANA 2.5MG/5ML SOL BUV F/60ML;8436642;1790
QUINTANA 5MG CPR B/14(MEQUITAZINE);8077781;2510
QUINTONINE SP FL/90ML;3089035;1425
QULANTA 400MG/20MG CPR B/20;4285353;3390
QULANTA 400MG/20MG CPR B/40;8425443;3390
R-LUME 180MG/1080MG SUSP BUV F/60ML;8017460;2510
R-LUME 20/120MG CPR B/6;8014533;860
R-LUME 40/240MG CPR B/6;8014527;1405
R-LUME 80/480MG CPR B/6;8097849;2785
R-LUME 80MG IM INJ AMP B/6;8027205;3045
RAASAR 50MG CPR B/30;8492741;3580
RAASAR-AM 5/50MG CPR B/30;8023940;4755
RAASAR-H 50/12,5MG CPR B/30;8026588;3720
RABELIN-D GEL B/30;8789493;4820
RABELOC 20MG CPR B/10(RABEPRAZOL NA;8418779;3445
RABELOC 20MG CPR B/30;1717111;6545
RABELOC 20MG IV PDRE LYOP INJ B/1;8422723;4850
RABEMAC 20MG CPR B/14;8020491;4165
RABEMAC DSR 20MG/30MG GEL B/20;8427488;9920
RABEPRAD 20MG CPR B/30;8497158;2520
RABEPRANE 20MG CPR ENR SEC B/30;8068606;2125
RABETAR 20MG GEL B/10;8415887;3475
RABETOK 20MG CPR B/30 (RABEPRAZOLE);8008656;4740
RABETOK-D 20/30MG GEL/30(RABE+DOMPE;8008679;7660
RABEZOL 20MG CPR GAST RES B/14;8418986;2615
RABIPUR P/S INJ SER FL+SER1ML+2AIG;1357;75480
RABISIN FL/1DOSE B/100;9026538;164570
RABOT A DENTS CHEVAL;9020889;60000
RACECADOTRIL 100MG GEL B/20 BGR;3001693;4075
RACIPER 20MG CPR B/14;8110308;5280
RACIPER 40MG CPR B/14;8099386;5265
RADIOSELECTAN URIN.30% FL/250ML;3089466;13575
RADIOSELECTAN UV 76% AMP 20ML/1;3089437;3815
RADIUM BROMATUM 5CH GR;426319;1135
RAINBOW HIGH-RH- EDT VAPO 50ML+SAC;2800202;15930
RALDOL CPR B/10 (DICLO 50/PARA 500);9001308;1130
RALDOL RHUME ENF 125MG/2.5/2.5MG SP 100ML;6445909;1980
RALPH L BIG PONEY MEN GREEN 75ML;8392620;31275
RALPH L BIG PONY WOMAN PURPLE 50ML;8392494;30535
RALPH L BIG PONY WOMAN YELLOW 50ML;8392488;30715
RALPH L POLO H EDT VAPO/118ML;8392548;42385
RALPH L POLO RED H EDTV /125ML;8392821;39725
RALPH L POLO RED H EDTV 75ML;8392815;34335
RALPH L POLO RED INTENS H EDP/75ML;8392442;37570
RALPH L ROMANCE F EDPV 100ML;8392519;57365
RALPH L ROMANCE F EDT VAPO 50ML;83925002;28450
RAMET CADE SH TRAIT.HLE CADE 250ML;7338311;8260
RAMET DALIBOUR PAIN 100G B/1;3089526;4370
RAMET DALIBOUR SOL FL/250ML;3365736;2895
RAMIPRIL 10MG CPR B/30 BIOGARAN;3725488;5070
RAMIPRIL 10MG CPR B/30 MYLAN/VIATRIS;3700809;6335
RAMIPRIL 10MG CPR B/90 ARROW;12515;8615
RAMIPRIL 10MG CPR B/90 BGR;3780777;15070
RAMIPRIL 10MG CPR B/90 MYLAN;3730064;12650
RAMIPRIL 2,5MG CP SEC B/90 BGR;3739958;12545
RAMIPRIL 2,5MG CPR B/30 MYLAN;3700620;6505
RAMIPRIL 2,5MG CPR B/90 MYLAN;3730070;13590
RAMIPRIL 2,5MG CPR B/90 ZENTIVA;3712362;25900
RAMIPRIL 2,5MG CPR SEC B/30 BGR;3716466;4160
RAMIPRIL 5MG ARROW B/30;3927625;4330
RAMIPRIL 5MG CPR B/30 BGR;3725376;4800
RAMIPRIL 5MG CPR B/30 EG;3727145;5395
RAMIPRIL 5MG CPR B/90 MYLAN;3730087;15690
RAMIPRIL 5MG CPR B/90 VIATRIS;7300872;13390
RAMIPRIL 5MG CPR SEC B/30 MYLAN/VIATRIS;3700726;5265
RAMIPRIL 5MG CPR SEC.B/30 TEVA;3740370;5060
RAMIPRIL 5MG GE CPR B/30 ARROW;3733944;5580
RAMIPRIL GH 10MG CPR B/30;8472342;6545
RAMIPRIL GH 2,5MG CPR B/30;8472365;4960
RAMIPRIL GH 5MG CPR B/30;8472359;4475
RAMIPRIL SDZ 5MG B/30;3683376;2900
RAMIPRIL SP 5MG CPR SEC B/30;8060533;4850
RAMITHIAZIDE 10/25MG CPR B/30;8097602;7470
RAMITHIAZIDE 10MG/12,5MG CPR B/30;8042624;4165
RAMITHIAZIDE 10MG812,5MG CPR B/100;8472193;10330
RAMITHIAZIDE 5/12,5MG CPR B/30;8097625;3255
RAMIZID 10MG CPR B/30 (RAMIPRIL);8050977;11255
RAMIZID 5MG CPR B/30;8146909;7470
RANFERON 12 CAPS B/100;2018607;6295
RANFERON 12 GEL B/30;2029427;2990
RANFERON 12 SP F/200ML;2018613;3525
RANFERON PLUS GEL B/30;8084002;2895
RANI 150MG GRANULE EFF SACH/6;9995987;1065
RANI DENK 150MG CPR B/20;2264950;7385
RANITIDINE 75MG CPR EFF B/28 ARROW;3641314;3150
RANITIDINE EG 150MG CPR B/30;3439328;8530
RANITIDINE EG 300MG CPR B/14;3520007;8325
RANOPHAGE G1 LP 1MG/500MG CPR B/30;8425377;4165
RANOPHAGE G2 LP 2MG/500MG CPR B/30;8425383;4230
RANOPHAGE OD 1GR CPR B/30 METFORMIN;8092450;2660
RANOXYL 500MG GELULE B/20;2021325;2125
RANTUDIL 90MG RETARD GEL B/20;460719;9780
RANTUDIL FORTE 60MG B/20 GELULES;2038900;6200
RANUNCULUS BULBOS 5 CH GR;620079;1540
RAP PHYTO CREME T/100ML;7710897;3090
RAPICLAV 1GR CPR B/14;8039183;6725
RAPICLAV 625MG CPR B/21;8049709;4165
RAPIDEX 0,05% ENF SPRAY NAS F/10ML;8471733;1170
RAPIDEX 0,10% AD SPRAY NAS F/10ML;8471727;1170
RAPIDEX 250/5/2,5MG BUV F/100ML;8418704;1340
RAPIDEX 500/10/50MG PDR SACH/10;8418756;3170
RAPIDEX500/10/30/2,5MG CPR B/20X4;2473347;6890
RAPIDOL 500/100MG CPR B/10;8454083;1800
RAPIDOL AQ 75MG/ML A INJ/1ML B/5;8730229;2495
RAPIDOL GEL T/30G;8443168;1295
RAPINATE 60MG PDR INJ B/1;8431811;1490
RAPRIL 10MG CPR B/30;8418650;9975
RAPRIL 5MG CPR B/30;9003537;5210
RARICAP COMBI CPR B/30;8428418;3305
RARICAP FRTE 50/0,3MG CPR B/30;8432207;4135
RASGIL 10MG GEL B/30;8073926;7470
RASGIL 2,5MG GEL B/30;8073866;5195
RASGIL 5MG GEL B/30;8073889;6230
RASGIL HTZ 10MG/12.5MG CPR B/30;8079892;4095
RASGIL HTZ 10MG/25MG CPR B/30;8079923;6365
RASGIL HTZ 5MG/12.5MG CPR B/30;8079863;4165
RASGIL HTZ 5MG/25MG CPR B/30;8079886;5955
RASOIR BIC CONFORT 2 P/5;8144193;2025
RAVIVO 500MG CPR PELL SEC B/7;8430958;2560
RAVZOLE-D 20MG/10MG/20MG GEL B/30;8456573;6985
RBC 100MG/5ML IV INJ AMP/5;8066501;13650
RBC 125MG/5ML SP 120ML;8066487;5770
RBC-F 100/0,35MG CPR CROQ/30;8066398;1890
RDV CACHOU SS PAST B/10G;8355240;910
RDV CITRON SS PAST B/12G;8339991;945
RDV CITRON+PLANTES SS BBON B/35G;8340020;1570
RDV COCTAIL FRUIT SS PAST B/12G;8340008;1150
RDV FRAISE+CR SS BONBON B/35G;8340037;1210
RDV FRUIT TROPICAUX BONBON B/43G;8342355;1015
RDV MENT.EUCALYPT.GOM.VERTE B/32G;8342361;1075
RDV MENTHE+CREME SS BBON B/35G;8340043;1260
RDV ORANGE/CANELLE SS BBON B/35;8340066;1210
READIGAL LIQUIDE 90 ML;6907557;3100
REANIMATEUR BOUCH/BOUCH MERLIN;9067483;7380
RECHARG BROSSET FINE CORSODY;90210810;1500
RECHARGE BROSSET CONIQ CORSOD;7168984;1460
RECORMON 1 000 B/6 UNITE;90510010;7430
RECORMON 10 000 B/6;8078438;191995
RECORMON 2 000 B/6;8078409;82910
RECORMON 5 000 B/6;8078421;97380
RECTONAC 100MG SUPPO B/10;8475731;2345
RECTOPANBILINE AD SUPPO B/10;3352082;9615
RECTOPANBULINE GEL TB CAN B/6;3089874;8420
REDUPRES-AM 10MG/160MG CPR B/30;8752892;12400
REDUPRES-AM 5MG/160MG CPR B/30;8752886;10330
REDUPRES-AM 5MG/80MG CPR B/30;8752863;8955
REFRESH COLLYRE UNID 90UNID/0,4ML;3379626;11595
REFRESH CY UNID.30X0,4ML;3379603;5060
REFRIMED KIT DOIGT/MAIN TRANSP.;7649287;143790
REGILAIT CALC PLUS LAIT PDRE ECREM B/300;3589410;4010
REGILAIT LAIT DEMI ECRM B/300G;9947043;2340
REGILAIT LAIT PDRE ECREME BT/300G;9947037;3880
REGILAIT VITAMILK LAIT PDRE ECREM B/300G;5264284;3980
REGULIX 40MG CPR B/20;8004500;1130
REGULIX 80MG CPR B/20 (DROTAVERINE);8004492;2095
REJUVA STARS CAPS B/30;8141438;4005
RELAXILLINE GEL B/60;8388469;4910
RELAXO 1% GEL DERMIQ T/30G;1860071;1340
RELAXON 250/300MG GEL B/30;8094466;3390
RELCER CPR A CROQUER B/20;4032333;2065
RELCER GEL F/180ML;2274919;2065
RELEZIN 2MG CPR B/30;2274871;6610
RELEZIN 4MG CPR B/30;5335010;10440
RELVAR ELLIPTA 184UG/22UG PDR B/30DOSES;2762010;29660
RELVAR ELLIPTA 92UG/22UG PDR;2761996;31000
REM SYST TET CAOU/BA/CAP NN CARAM;8252936;2280
REMACYCLINE L.A F/100ML;11814;5645
REMD ANN DENT RAFF BLEU+VERT+ROSE/3;2104577;6525
REMD ANN.DENT.RAF.RGE+BLEU+VIOLET;2104583;5890
REMD ASSIET+COUV A/BACT.VERT SOU;4797202;10250
REMD ASSIET+COUV GARD/CHAUD BLEU/1;4797780;9170
REMD ATTACH SUC  FORM LION/1;4797722;3140
REMD ATTACH SUC ANN SIL VERT;2118332;2390
REMD ATTACH SUC COCCI ROUGE;4797745;4000
REMD BABYTASSE BLEU TRANSP/1;9631328;4740
REMD BABYTASSE ROSE TRANS/1;9631340;5875
REMD BABYTASSE VERT TRANSP/1;9631357;4235
REMD BB PP TET NN 270ML CAOUT ROSE;8396954;4185
REMD BB PP TET NN 270ML SILI ROSE;8397020;4785
REMD BIB JUSFRUIT VER 110ML NN CAOU MAR ;7665435;4955
REMD BIB LO COPOLY 0-4M SIL LAPIN;8346548;4380
REMD BIB LO POLY 4M+SIL 250ML/3ROSE;2117947;10560
REMD BIB PL 120ML CAOU CARAMEL;7665369;3260
REMD BIB PL 120ML CAOU CIEL;6221914;3850
REMD BIB PL 120ML CAOU CIEL TRANSP;8310326;3255
REMD BIB PL 120ML CAOU ROSE;6639660;4345
REMD BIB PL 270ML CAOU BLANC;8396977;4310
REMD BIB PL 270ML CAOU CARAMEL;8172516;4060
REMD BIB PL 270ML CAOU CIEL;8172491;3995
REMD BIB PL 270ML CAOU MARINE;8172539;4045
REMD BIB PL 270ML CAOU ROSE;8172522;4000
REMD BIB PL SI 270ML ORANG 119757;8172574;4300
REMD BIB POLY 120ML CAOU MARINE;7665375;3475
REMD BIB POLY 120ML SIL VERT TRANS;9640646;3985
REMD BIB POLY NN SIL TURQ 120ML;4797024;3985
REMD BIB POLY SIL 120ML ROSE TRANS;7950466;3985
REMD BIB PP 120ML SIL BLEU TRANS;9631133;4500
REMD BIB PP 120ML SIL ROSE/TRANSP;8529622;4090
REMD BIB PP TET NN 120ML SILI DODO TURQ;8529591;4400
REMD BIB PP TET NN 270ML SIL ORANG;8397014;4670
REMD BIB PP TET NN CAOUT MARI 270ML;8396960;4060
REMD BIB PP TET NN CAOUTCH 270ML/1;8396931;4025
REMD BIB PP TET NN SIL COEUR R/270;8529585;4800
REMD BIB PP TET NN SIL ROSE 270ML;8396954;4000
REMD BIB PP TET NN SILI ETOILE BLEU 270ML;8529562;4330
REMD BIB PP TET SIL 270ML  TURQ;4797018;4585
REMD BIB PP TET SIL BLEU 270ML;8396983;4595
REMD BIB PP TET SIL DOD TUR 270M;8529616;4860
REMD BIB PP VAR CAOUT ROSE 360ML;8396865;3870
REMD BIB PP VAR SIL BLEU 360ML;8396888;5120
REMD BIB PP VAR SIL ETOIL BLEU 360M;8529579;5375
REMD BIB PP VAR SIL ORANG 360ML;8396902;5140
REMD BIB PP VAR SIL ROSE 360ML;8396919;5145
REMD BIB PP VAR SIL TURQ 360ML;8396894;5030
REMD BIB PP VAR SIL VERT 360ML;8396925;4325
REMD BIB PP VARIT.CAOUT BLC/360ML;8396871;4675
REMD BIB VER 110ML CAOU BLC(FRUIT);7950489;5740
REMD BIB VER 110ML CAOU BLEU CIEL;6601114;5140
REMD BIB VER 110ML CAOU CARAMEL;7665429;5580
REMD BIB VER 240ML CAOU BLANC;6103712;6090
REMD BIB VER 240ML CAOU CIEL;6605135;5970
REMD BIB VER 240ML CARAMEL CAOU;7665234;4885
REMD BIB VER 240ML MARINE CAOU;7665228;4370
REMD BIB VER 240ML ROSE CAOU;6522142;4370
REMD BIB VER 240ML SIL BLEU;7763327;6435
REMD BIB VER 240ML SIL PAPIL.VIOLET;9815896;6830
REMD BIB VER 240ML SIL ROSE TRANS;7950288;6440
REMD BIB VER 240ML SIL VERT;7950294;5060
REMD BIB VER 290ML SIL ORANGE LAPIN;8346620;6340
REMD BIB VER 70ANS TET NN ROSE 240M;8529668;5420
REMD BIB VER ACID 240ML SIL ORANGE;7950271;6575
REMD BIB VER DECOR 240ML SIL TURQ;4796987;6565
REMD BIB VER FLO.290ML SI.VARI VIOL;5434022;6360
REMD BIB VER FRUI CAOU 110ML ROSE;6522099;5615
REMD BIB VER FRUI SIL 110MLORANG;7950526;4645
REMD BIB VER NN CAOU VIOLE/POUSSIN;8346614;5450
REMD BIB VER NU 110ML JUS FRUIT;6609570;2830
REMD BIB VER NU 240ML R1050;6601137;4220
REMD BIB VER PAPIL NN SIL TURQ 240M;9815904;5875
REMD BIB VER PAPIL NN SIL TURQ 290ML;9630843;6970
REMD BIB VER VINTAG 240ML VERT CAOU;5433985;6085
REMD BIB VER VINTAG NN 240ML CAOU MARRON;5433979;6175
REMD BOITE SUC COCCI ROUGE;2117864;3700
REMD BOUT SEIN R1800;8342817;11220
REMD BROS+PEIG.PLAST TURQ TRANS/1;4797047;3810
REMD COUSSINET ALAIT.DOUSEIN/48;6470907;9870
REMD EGOUT.TULIPE VIOLET/1;8342881;21760
REMD GOUPIL.BIB+TET ROSE CROCHET/1;2118303;5555
REMD GOUPIL.BIB+TET VERT CROCHET/1;2118326;4735
REMD GOUPILLON BIB+TET;6359618;4505
REMD GOUPILLON BIBX2;9052234;3710
REMD GOUPILLON SILI BIB+TET ANN VERT/1;8740179;5960
REMD HALTERE DENT 6M+ VERT SOURIR;4797426;4870
REMD MICRO BIB 50ML CAOU TURQ;5434128;2670
REMD MICRO BIB NN SILI BLEU F50ML;7763356;2745
REMD MICRO BIB NN SILI ROSE F/50ML;7950561;2910
REMD MOUSTIQAIRE LIT BB BLANC/1;8529852;9355
REMD PORTE BIB 6BIB BLANC;7952608;4115
REMD PORTE BIBERON 6BIB BLEU/1;7763445;4220
REMD PROTEGE BIB BLANC R260505;4804528;10735
REMD PROTEGE BIB CARAMEL R260502;7348232;10360
REMD PROTEGE BIB CIEL R260501;6425114;8970
REMD PROTEGE TET CLIC CLAC NN ROSE;8342869;3380
REMD SECHE BIB+TET BLC/1;8342846;14795
REMD SET COUPILL BIB+TETIN ROSE TRANS /1;2118589;4935
REMD STERIL.SATIN+6BIB CAOU;6034833;86565
REMD SUC PHYS SIL 2E AGE NUIT PHO/2;8529757;6875
REMD SUC SIL PHYS LIBELLUL 2AGE;4336582;3525
REMD SYST TET CA/BA/CAP NN CIEL;6522337;2035
REMD SYST TET CA/BA/CAP NN MARIN;8252965;2360
REMD SYST TET CA/BA/CAP NN ROSE;6522343;2330
REMD TET SYSTEME NN CAOUT BLANC;8252994;2035
REMD TET.LO CPACT B/2 6M SIL;2104117;3935
REMD TET.LO SIL 0-4M B/2;4336470;4085
REMD TET.NN CAOUT.EXCEN 1400;6604325;1760
REMD TET.NN SIL;6561099;2555
REMD TET.SUPER 2AGE CAOU;6604331;1760
REMD TET.VARITET.CAOUT.;6164895;2225
REMD TET.VARITET.SIL.;6673208;2710
REMD TETIN LO SILI 4M+ B/2;4336487;5125
REMD THERMOM BAIN ELEC PINGOIN;2118059;8955
REMD TIRE LAIT BIB.120ML+TET SIL;4797768;38510
REMD TIRE LAIT MANUEL LARGE 120ML;4445213;32140
REMEDIA 500MG CPR B/10(LEVOFLOXAC.);8082316;8295
REMEDIA 750MG CPR B/10(LEVOFLOXA);8082233;10170
REMIFLU CPR B/10;8425035;2300
RENANGIO 40MG CPR B/30;8457911;5510
RENANGIO 80MG CPR B/30;8457928;6200
RENANGIO PLUS 40/12,5MG CPR B/30;8457897;5540
RENANGIO PLUS 80/12,5MG CPR B/30;8457905;6200
RENDEZ VOUS HALEIN SPR F/15ML;9027466;2300
RENERVE P GEL B/30;8423757;9675
RENERVE PLUS BT GEL B/30;8004084;12330
RENERVE PLUS GEL B/30;8000123;8225
RENITEC 20MG CPR B/28;3270906;5540
RENITEC 5MG CPR B/28;3270898;3250
RENNIE CPR CROQ ORANG PLQ/36;3302919;12970
RENNIE MENTHE CPR SS A CROQUER B/60;3302902;10110
RENNIE PASTILLE B/48;3247770;2410
RENNIE S/SUC CPR A CROQ/36;3302888;12360
RENOVA IKLEN SER DEPIG.ANTI-TACH BR.30ML;7697671;31075
RENOVA IKLEN SOIN ATACHE SPF 50+ T/30ML;4109768;25305
RENOVA IKLEN+SERUM SUBLIM PERFECT F/30ML;6012381;31140
RENU BAUSCH SOL 2X60ML;9984841;15325
RENU BAUSCH SOL FL/360ML;7320363;14500
RENUTRIL CONCENT PRALINE 200ML UNITE;36160346;3290
RENUTRYL BOOST CAFE 300ML P/4 UNITE;26377610;4250
RENUTRYL BOOST CARAMEL 300ML P/4 UN;2637747;5530
RENUTRYL BOOST S LACT CHOCOLAT;6323079;3545
RENUTRYL CONCENT FRAISE 200ML UNITE;6060325;5530
RENYL 15G SACH B/5;8531837;8335
REPAGLINIDE 1MG COR SEC B/90 BGR;9954391;7085
REPAGLINIDE 2MG CPR  SEC B/90;9953622;8430
REPAR 500MG CPR B/20(PARACET);8443607;470
REPAR DT 100MG CPR DISP B/10;8436429;1655
REPAR DT 250MG CRP DISP B/10;8436435;1930
REPARIL GEL T/40G;3916254;8460
REPETO EDPV 80ML;6005599;55000
REPLENS GEL VAG TRAIT ODEUR 3UNID/5G;1391;15985
REPROPLUS F/250ML;90427810;2910
REQUIP 2MG B/21;3880214;10625
REQUIP 2MG LP CPR PELL B/28;3413932;11220
REQUIP CPR 1MG B/21;3413903;11780
RESCUE SPRAY NUIT 20ML;8810457;18380
RESIFURAN 0,9MG/100ML BUV 250ML;8418259;3955
RESITUNE 75MG CPR F/30;13953;2750
RESITUNE 75MG CPR GAST FL/90;3001398;6390
RESORCINOL PDR 100GR COOPER;7431217;93310
RESPIBIEN GTTES NAS FL/15ML;8016526;1835
RESPIMAX 15/150MG/5ML SUSP BUV F/100ML;8440342;2340
RESPIMER IRRIG.NAS.KIT+PDR.SACH/6;8521856;13435
RESPIMER PDR IRRIG.NAS.SACH/30;8521833;6320
RESPIRA D SP F/100ML;8017388;1965
RESPIRA SP F/100ML;8092504;1370
RESPISURE H PLUS 500ML;1167561;14200
RESPISURE PLUS 250ML;676905;8520
RESSORT RECHAN.SERIN ALTIMATIC;9000125;465
RESTAMINE 10MG CPR B/10(LORATADINE);8052410;1515
RESTRIVA 500MG CPR B/20;8098642;1710
RESTRIVA 500MG/ML IM FL/5;8098731;3870
RETACNYL 0,025% CR DERM T/30G;3334434;15150
RETACNYL 0,05% CR DERM T/30G;3318501;24790
RETARPEN 2,4 INJ FL.B/50+SOLV.;2018292;49385
RETERIC 75MG CAPS B/28;1255413;6545
RETIFEN 0,1% CY F/5ML(DICLOFENAC S.;9001685;1720
REUMADEP GEL B/30;8585655;5500
REUMOXICAN 20MG CPR DISP B/10;8083221;2510
REUMOXICAN 20MG CPR DISP B/30;8041719;7745
REUMOXICAN 20MG SUPPO B/12;8041731;2990
REVITAL GELULE BT/30;2019334;5095
REVITALOSE BUV AMP 5ML B/20 ;8447373;6240
REVITIVE ARTHROSE GENOU;9010520;516110
REVITOSURE PET 100G;9330087;7100
REVLIMID 10MG CPR;9026573;675000
REVLON CHARLIE BLUE EDTV 100ML;9145585;12180
REVMATOL CPR B/30;8635175;12725
REXIDIN 0,2% SOL BAIN BCHE F/100ML;8442625;2065
REXITE CPR PELL B/30;8789501;3855
REXORUBIA GRANULE ORAL B/350G;3276694;8570
RG BOIS ORANGE GEL DCHE T/50ML;8520934;1410
RG EXTR VIEIL DUOCAS.ARAB/1980;8231006;13770
RG FLEUR OSMANTHUS CR DCHE 200ML;8331127;5680
RG FLEUR OSMANTHUS EAU FRAICH 100ML;8325115;28045
RG FLEUR OSMANTHUS SAV FRAIS/3 100G;8342504;7555
RG GEL BAIN DCHE AMAND PERSANE;6081809;8180
RG GINGEMBRE SAV FRAIS PAIN 100G;8398806;3000
RG HOM EDTV SPORT 100ML;8325078;24265
RG LAV ROY SAV 150MG UNIT;9024261;2920
RG OPEN EDT VAPO FL/100ML R1502;8231087;25515
RG ROSE EAU DCE VAPO 100ML;8325090;21135
RG THE VERT SAV FRAIS 100G/3;8342616;11940
RG VETYVER DISCOV BOX R1978;82311610;13770
RHEOFLUX PDRE 3500MG SACH B/10;3362784;6850
RHINACARE EAU PHYSIO DOSE 5ML B/20;8358356;3850
RHINACARE SPR NASAL F/100ML;8358333;5970
RHINADVIL COMP B/20;3340848;6290
RHINALENE FRAMYC SPRAY FL/15ML;3116973;1615
RHINAPHYTO SP F/100ML;8620469;2275
RHINATHIOL AD 5% SP SS F/200ML;3413984;3050
RHINATHIOL AD SP F/300ML;3236878;3770
RHINATHIOL AD SP FL/125ML;3090920;2310
RHINATHIOL AD SP TX SECH 200ML;3567121;2900
RHINATHIOL ENF 2% SP F/125ML;3090937;2410
RHINATHIOL ENF 2% SP S/S F/125ML;3430965;2295
RHINATHIOL PROMETH SP FL/125ML;3090908;1655
RHINATP AD/ENF FL/10ML;3272644;2060
RHINEDRINE SOL NAS FL/20ML;3198675;1210
RHINEX 100MG/2.65MG SP F/100ML;8433709;1515
RHINEX FLASH 500MG/5MG/2.65MG CPR B/20;8437067;1515
RHINEX SP F/60ML;8009644;1375
RHINICOLD 125MG/5MG/1MG SP F/100ML;8454999;2920
RHINICOLD 500MG/10MG/2MG/30MG CPR B/100;8454982;7920
RHINICUR DOUCH NAS+SEL RINC;7850492;12960
RHINICUR SEL RINC.NAS SACH/20;7850486;8250
RHINOBLACHE SOL NAS NEB/10ML;3117926;2725
RHINOCAP CAPS B/10;2010959;2205
RHINOCORT 64MCG SOL NAS 120DOSES;3515822;6945
RHINOFLUIMUCIL GTTE NAS F/10ML;3263711;2305
RHINOMAXIL 100MCG/120 DOSES;3707125;6335
RHINOPAROL 650/10/4MG CPR B/20;8416467;2645
RHINORIL 300/0,5MG BUV SACH/12;8018873;2755
RHINOTEC GTTE NAS F/30ML;8092438;2495
RHOCLONE 300MCG PDRE INJ B/2ML;8000376;55640
RHUMAGRIP COMP B/16;3443790;1585
RHUMIX SACHET B/10;8080501;2685
RHUS TOXICODENDRON 30CH GR;631137;1450
RHUS TOXICODENDRON 4CH GR;631812;2060
RHUS TOXICODENDRON 5 CH GR;631077;2700
RHUS TOXICODENDRON 7 CH GR;1631091;1135
RHUS TOXICODENDRON COMPOS 30ML;3146939;1640
RHUVEX 500/200/25MG AD GR S/8;9003543;1515
RIABAL 30MG CPR B/20;8056939;2230
RIABAL AMP INJ 2ML B/6;8092125;2515
RIABAL CPSE 30/325MG CP PEL/20;8085220;2785
RIABAL ENF BUV SUSP 50ML (FA);3226555;4685
RIBATRAN CPR B/20;3091374;3965
RIBAVIL 500MG CPR B/10(RIBAVIRIN);7477283;2
RIBAX 10MG CPR B/10;8474507;8995
RIBAX 20MG CPR B/14;8474513;15000
RIBES NIGRUM BOUR  60 1DH;8815411;3490
RIBES NIGRUM TM 60ML;9021179;3490
RIBOMUNYL CPR B/12;3267620;4275
RICHELET REGUL PEAU CPR B/30;4007346;30020
RICHFER GEL B/30;8081127;2755
RICHFER PLUS SP F/200ML;8004078;3445
RICINION 250GR CPF;6457539;15600
RICINUS COMMUNIS 30CH GR;6338109;3140
RICINUS COMMUNIS 5CH TU GR;633076;5390
RIDMAL 120/960MG CPR B/3;8440129;2895
RIDMAL 40/320MG CPR B/12;8425070;4440
RIDMAL 40/320MG CPR B/6;8425064;3060
RIDMAL 40/320MG CPR B/9;8431998;3995
RIDMAL 60/480MG CPR B/3;8440098;2755
RIDMAL 80/640MG CPR B/3;8440106;2755
RIDMAL 80/640MG CPR B/6;8440112;3305
RIDMAL DT 20/160MG CP DISP/3;8472939;2065
RIDMAL DT 40/320MG CP DISP/3;8472945;2340
RIFADINE 300MG GEL B/30;3091500;14545
RIFADINE 300MG GEL B/8;3091517;5080
RIFAMYCINE 1% CY FL/10ML;3091523;2620
RIFAMYCINE 1% PDE OPHT T/5G;3091546;2010
RIFEX 120MG CPR B/20 (FEXOFENADINE);8004411;3390
RIFEX 180MG CPR B/20;8004428;3710
RIFINAH 300/150MG CPR B/30;3295409;17390
RIFIXINE 200MG CPR PELL B/12;8424573;5630
RIFOCINE COLLUT FL/10ML;3091552;2105
RIGIDE 50MG CPR PELL B/4 (SILDENAFU;8096100;1410
RILAST  SERUM REPAR DETOX F/30ML;1892461;32880
RILAST 100MG/10ML F/10ML;9002897;73510
RILAST 500MG/50ML F/50ML;9007334;294070
RILAST ACNESTIL ATTIVA+ F/40ML;2486583;11350
RILAST ACNESTIL CR HYD 40ML;1563811;10105
RILAST ACNESTIL CR SPF50+ F/50ML;1892491;16200
RILAST ACNESTIL CREME 40ML;1563801;11300
RILAST ACNESTIL GEL DETERGENTE PUR 400ML;1563791;14120
RILAST ACNESTIL MATT CR F/40ML;2483903;10490
RILAST ACNESTIL MICROP F/100ML;1892501;13980
RILAST ACNESTIL MOUSS NET VIS165ML;1563821;9930
RILAST ACNESTIL PB G.APAI F/30ML;1892511;12890
RILAST AQUA LAIT CORPS F/400ML;1563851;18390
RILAST AQUA SERUM GEL INT F/30ML;1747791;16620
RILAST CICA MULT-USE BALM F/40ML;1952791;7260
RILAST CONC MICROPEELING F/100ML;1747761;18650
RILAST CR DEPIG QUOT F/40ML;1747771;15050
RILAST CR EXFOL VIS QUOT F/75ML;1892431;12950
RILAST DCLAR CONC DEPIG GTTES F/30ML;1747781;18460
RILAST DCLAR CR DEPIG F/40ML;4857939;18000
RILAST DCLAR MICROPEELING F/100ML;2476898;17975
RILAST DLY CAR EAU MICEL 400ML;1563861;11780
RILAST EAU MICELLAIRE F/400ML;8682080;8155
RILAST PACK ACNESTIL;1966561;24610
RILAST PACK NETTOYANT;1966551;11780
RILAST SERUM ANTI-RIDE F/30ML;1892451;28670
RILAST SERUM GEL INTENS C F/30ML;1892441;26420
RILAST SUN  SYS  CR MAT ANT-IMP SPF50+ F/50ML;1895131;13370
RILAST SUNSYSTEM WATERVCR SPF50 F/50ML;8742646;12975
RILAST XERAL GEL DCHE PS F/750ML;1563871;9500
RILAST XERALACT HLE NETT F/750ML;1892481;20250
RILAST XEROLACT GEL NETT F/400ML;1563841;11100
RILAST XEROLACT PB PALM 400ML;1563831;16740
RILASTIL INTENS CR PS 50ML;7218133;25055
RILEXINE 300MG CPR B/14;6791221;19340
RILEXINE 75MG CPR B/14;6791209;14720
RILIF 100MG CPR B/100(ACECLOFENAC);8009911;3500
RILIF PLUS 100MG/500MG CPR SEC B/30;8016437;5595
RILUTEK 50MG CPR B/56;3462758;112480
RIMIFON CPR 150MG B/100;3477978;55960
RINASAN AD 0,1% GTTE NAS 10ML;8057666;1060
RINASAN ENF 0,05% GTTE NAS 10ML;8488283;1060
RINCE OEIL PLUM LAVAGE 500ML;8446042;25185
RINCE OEIL PLUM REF 4691 F/200ML;32542810;22310
RINGER LACT BRAUN F/500ML;5585413;755
RINGER LACTAT CIPHARM SOL F/500ML;8433649;880
RINGER LACTATE  F/500ML ODHAV;1937301;1300
RINGER LACTATE 500ML FRESNIUS;3831836;750
RINGER LACTATE 500ML PHARMIVOIR;2275310;950
RINGER LACTATE IV F/500ML AXARING;3412861;950
RINGER LACTATE UBI F/500ML;8081682;920
RINIALER 10MG CPR B/20;8082150;7715
RINIALER 1MG/ML BUV 120ML+SER/5ML;8057583;5690
RINITEX 5MG/10MG CPR B/20;8082173;2925
RINOCLENIL 100MCG/DOS PULV 120D;3707102;7200
RINOGRIP GR BUV SACH/10;8091924;2550
RINOGRIP GR BUV SACH/10 S/SUCRE;8434962;2550
RINOMICINE 10MG SACH B/10;8003682;1995
RIPAXIL 250MG CPR B/10 (CEFUROXIME);8062437;5485
RISORDAN 10MG COMP B/120;3240466;4605
RISORDAN 20MG CPR B/60;3240443;5595
RISORDAN LP 60MG CPR BT/30;3317097;7980
RISORDAN LP COMP 40MG B/60;3285492;5645
RISPERDAL 1MG BUV F/30ML;3439802;7185
RISPERDAL 1MG BUV F/60ML;3439819;14550
RISPERDAL 1MG CPR B/60;3389487;13560
RISPERDAL 1MG/ML BUV F/120ML;3439848;25945
RISPERDAL 2MG COMP B/60;3389501;22710
RISPERDAL CONSTA LP 25MG/2ML FL+SER;3624913;64000
RISPERIDONE 1MG CPR B/60 ARROW;3817842;11290
RISPERIDONE 1MG CPR B/60 BIOGARAN;3004441;11290
RISPERIDONE 1MG CPR B/60 MYL;3904742;11410
RISPERIDONE 1MG CPR SEC B/30 ZENT;229750;8565
RISPERIDONE 1MG/ML BUV 30ML SDZ;3855771;9040
RISPERIDONE 2MG CPR  PELL B/60 BGR ;3816015;16735
RISPERIDONE 2MG CPR B/60 MYL;3904788;44385
RISPERIDONE 2MG CPR SEC B/60 ARROW;3817865;21695
RISPERIDONE 4MG CPR B/30 ARRW;3817888;8980
RISPERIDONE 4MG CPR B/30 TEVA;3835490;11350
RISPERIDONE 4MG CPR PL/30 MYLAN;3904854;9285
RISPERIDONE 4MG CPR SEC B/30 BIOG;3816038;11680
RITALINE 10MG CPR B/30;3392940;8225
RITALINE 10MG CPR B/30 UNITE;9030215;950
RITALINE 10MG LP GEL B/28;4168653;10490
RITALINE 30MG LP GEL B/28;3401195;19965
RITALINE LP 10 MG CPR B/30;9042661;15395
RITALINE LP 20MG GEL B/28;6334933;18000
RIVOTRIL 2,5MG/ML GTTE BUV 20ML;3170524;2790
RIVOTRIL 2MG COMP B/40;3153968;2025
RIVOTRIL 2MG CPR SEC B/28;3816498;2855
RLIB 100MCG/DOSES SUSP INH F/1;8470981;2690
ROACCUTANE 0,05% GEL 30G;3347170;21700
ROBESTAR 10MG CPR B/30;8015314;12165
ROBESTAR 5MG CPR PELL B/30;8072364;7760
ROBINET 3 VOIES PR PROLONGATEUR;7071581;920
ROCALTROL 0,25MCG CAPS B/30;3264432;10120
ROCEPHINE 1G AMP IM B/1;3267525;8915
ROCEPHINE 1G IV FL+AMP B/1;3267488;8915
ROCEPHINE 250MG AMP IM B/1;2019179;4420
ROCEPHINE 250MG IV AMP B/1;3269576;4420
ROCEPHINE 500MG AMP IM B/1;3267502;6225
ROCEPHINE 500MG IV FL+AMP B/1;3267465;6225
ROCGEL SUSP BUV SACH B/24;3216723;3800
ROCHAS EAU ROCH.EDTV100+GEL R;8392703;59340
ROCHAS-EAU R-COFFRET EDT 100ML-VAPO 20ML+LT CORPS 100ML;8392666;53510
ROCMALINE AMP BUV 10ML B/20;3092356;4990
ROCURONIUM SP 10MG/ML SOL INJ 5ML B/10;1330225;28170
RODERA 5MG CPR B/10;8025502;2340
RODOGYL 750000UI CPR B/20;3074772;6510
RODOGYL CPR B/20;747728;4925
ROFERON 3MUI(INTERF ALPHA 2A) INJ;3525737;34220
ROFERON 4,5MU INJ B/1 (DECAPITE);5596894;46200
ROFERON 4,5MUI/0,5ML INJ B/1;3525571;46200
ROGE CAV BAUME LEVRE GOURMAND 5,5ML;1781441;4520
ROGE CAV COFF RELAXANT/1;8661913;11385
ROGE CAV CR DCH AMAND&R.250ML;7200050;6950
ROGE CAV CR DCHE KARITE/MAGNOL F/250ML;1076841;8180
ROGE CAV CR DCHE NOUR KARIT MAGNOLIA;1294951;12540
ROGE CAV CR LAV DERMO UHT F/500ML;5184950;9330
ROGE CAV CR MAINS LEGERE F/50ML;1781521;5290
ROGE CAV CR PERLEE CORPS 400ML;1781471;16650
ROGE CAV CREM INTIM MYCOLEA 50ML;4767;7350
ROGE CAV DEO ABS +H ROLL ON/50ML;4274289;6825
ROGE CAV DEO ABSORB +48H ROLL ON 50ML/2;4451828;14595
ROGE CAV DEO DERM OD ROLL 50ML;5276;7310
ROGE CAV DEO DERM STICK F/40ML;9013820;7510
ROGE CAV DEO DERMA A/OD 150ML/2;8662025;11845
ROGE CAV DEO DERMA ANTI O ROLL ON F/50MLX2;8662031;11550
ROGE CAV DEO DERMAT ROL ON 50ML;7778174;6885
ROGE CAV DEO DERMAT SPR 75ML;7611391;7320
ROGE CAV DEO EFFI 48H ROLL 50ML;7528276;7290
ROGE CAV DEO EFFI 48H SPR 150ML;7528282;7810
ROGE CAV DEO H DERM OD ROLL 50ML;5269;8130
ROGE CAV DEO INVIS.48H SPR 150ML;9488782;6335
ROGE CAV DEO SOIN H ROLL ON 50ML;4274289;9085
ROGE CAV DEO SOIN H SPR 150ML;4274295;7810
ROGE CAV DERM UHT CR LAV 500ML;4743;11195
ROGE CAV DERM UHT HUIL LAV SS 500ML;4750;11665
ROGE CAV DERM.GEL LAV UHT 500ML;9000473;9370
ROGE CAV DERM.HUIL LAV UHT 500ML;9000491;10355
ROGE CAV DERMAZERO CR LAV HYDR F/300ML;8334019;6845
ROGE CAV DERMO UHT PAIN SUGR 100G;4859;3800
ROGE CAV DUO POCK DX CR/BM LEVR;8662019;5225
ROGE CAV DUO POCK NRR CR/BM LEVR;8661994;5215
ROGE CAV DUO POCK VEL.CR/BM LEVR;8662002;5220
ROGE CAV GEL B.DCH+LAIT PECHE 1L;7200067;7000
ROGE CAV GEL B.DCHE ORIGIN.400ML;6494256;7260
ROGE CAV GEL B/DCHE AMAND 400ML;8567203;11010
ROGE CAV GEL B/DCHE ORIG 1L+HLE UNI F/50ML;8790160;17590
ROGE CAV GEL BAIN DCH 300ML;6654317;6535
ROGE CAV GEL BAIN DCH AMAND VERT 1L;7200038;17310
ROGE CAV GEL BAIN DCH NECT.ALOE 1L;72000810;7000
ROGE CAV GEL BAIN DCH SURG ACTIF 1L;7200044;7000
ROGE CAV GEL BAIN DCHE COTON F/400ML ;3596490;7285
ROGE CAV GEL BAIN DCHE FLEUR COTON/1L;8621894;20825
ROGE CAV GEL BAIN DCHE LT MIEL 1L;2800;17510
ROGE CAV GEL BAIN DCHE LT.MIEL 400M;8567249;10845
ROGE CAV GEL BAIN DCHE SURG.F/ 400ML;9000425;9285
ROGE CAV GEL BAIN HYD ORIG 1L;4514276;18370
ROGE CAV GEL DCH LAIT HYDR 200ML;7089138;3920
ROGE CAV GEL DCHE FL COT 400ML;8567232;8985
ROGE CAV GEL INT SECH 200ML;7754765;6160
ROGE CAV GEL INTIM A BACT 500ML;9000381;8970
ROGE CAV GEL INTIM EXTR DX 200ML;7597946;5560
ROGE CAV GEL INTIM EXTR DX 500ML;7676404;10705
ROGE CAV GEL INTIM FRAICH 500ML;9809200;8970
ROGE CAV GEL INTIM.EXT DX 250ML;8649740;8880
ROGE CAV GEL NETT VIS 150ML;7661710;6130
ROGE CAV HLE B DCH VELOUT F/750ML;1294931;12470
ROGE CAV HLE UNIVERSELLE F/150ML;8720082;20100
ROGE CAV HUIL B DCHE VELOUT.250ML;9649009;6785
ROGE CAV HUIL B DCHE VELOUT.500ML;9649038;9555
ROGE CAV LAIT B DCHE FIGUE 1L;4765488;14560
ROGE CAV LAIT BAIN DCH HYD 400ML;8570352;10780
ROGE CAV LAIT BAIN DCH HYD FIGUE 1L;7200104;14700
ROGE CAV LAIT BAIN DOUCHE HYDR F/1L;8625165;15940
ROGE CAV LAIT HYDR CORP 300ML;7402546;11305
ROGE CAV LAIT&BAIN DCHE HYD 750ML;4894603;22020
ROGE CAV LING INT EX DOUC P/15;4346876;3890
ROGE CAV LT ONCTUEUX CORPS F/500ML;1781631;16160
ROGE CAV NET VIS GOM DX 70G;1746941;7390
ROGE CAV NET VIS MASQ ECL 70G;1746951;6930
ROGE CAV NET VIS MOUS AP 70G;1746931;7600
ROGE CAV NUTRI CR MAIN VELOUT.50ML;8661988;4210
ROGE CAV NUTRIS CR HYDR ULT CONF 350ML;6200030;13320
ROGE CAV NUTRIS LAIT HYD F/200ML;5153317;9830
ROGE CAV NUTRIS.BAUM CORP  400ML;5153292;18630
ROGE CAV NUTRIS.LAIT HYD 400ML;5153300;13720
ROGE CAV ORIGINAL GEL BAIN DCHE 1L;2794;16215
ROGE CAV SAV AMAND VERT 2X250G;7694164;8365
ROGE CAV SAV AMAND VERT 3X250G;8345603;14790
ROGE CAV SAV AMANDE LACTEE 200GLOT/3;8830244;13855
ROGE CAV SAV AMANDE VERTE 150G;7528307;3100
ROGE CAV SAV CR KARIT/MAGN 115G;9000423;3470
ROGE CAV SAV DELICE DE FIGUE 200G/3;1872201;12765
ROGE CAV SAV FL COTON 3X250G;8186599;14770
ROGE CAV SAV JARDIN ORIG 200G LOT/3;8830221;13810
ROGE CAV SAV JARDIN ORIGINAL 3X200G;1872171;13850
ROGE CAV SAV LAIT ROSE 2X250G;4682166;7710
ROGE CAV SAV LAIT ROSE 3X250G;8186300;12000
ROGE CAV SAV NECTAR DE MIEL 3X200G;2542780;13820
ROGE CAV SAV NECTAR E MIEL 200G LOT/3;8830267;12975
ROGE CAV SAV ORANGER JASMIN 200G/3;1872181;12765
ROGE CAV SAV PAIN UHT 100G;1285651;3800
ROGE CAV SAV SURG 150G;6407582;3160
ROGE CAV SAV SURG 250G CLASSIC;6486995;4975
ROGE CAV SAV SURG 2X250G CLASSIC;8345595;8360
ROGE CAV SAV SURG 3X250G CLASSIC;7294660;14750
ROGE CAV SAV SURG FL COT 150G;8186406;3140
ROGE CAV SAV SURG FL COTON 2X250G;7694158;8360
ROGE CAV SAV SURG LAIT MIEL 2X250GR;7694170;8480
ROGE CAV SEBACT.GEL MOUSS 300ML;4821633;7200
ROGE CAV SEBACTIV CR MAT.40ML;9714965;8645
ROGE CAV SEBACTIV EAU MICEL 250ML;4821656;6405
ROGE CAV SOIN DESALTANT GELEE EN EAU CORPS 200ML;1781591;13170
ROGE CAV SOIN HYDR VIS 50ML;7242611;8200
ROGE CAV SOIN INT A/BACT/250ML/2;8661965;10930
ROGE CAV SOIN INT EXT DX 250MLX2;8661936;11210
ROGE CAV SOIN INT.MYCOLEA 200ML;9809217;7340
ROGE CAV SOIN INTIM A BACT FL/500ML;3814;8970
ROGE CAV SOIN INTIM EXT DX 100ML;9000400;3130
ROGE CAV SOIN INTIM SECH 250MLX2;8661959;12425
ROGE CAV SOIN INTIM SECH 500ML;4269130;9415
ROGE CAV SOIN NOUR BEURRE FD CORPS B/200G;1819351;13640
ROGE CAV SURG EXTRA DX P 250G/3;8625113;9460
ROGER GALL GINGEMBRE EDPV 100ML;8508755;38205
ROIPAR 1000MG CPR EFFV B/16;8068374;2205
ROIPAR 125MG SP F/100ML;8631912;1100
ROIPAR 500MG CPR EFFV B/16;8068368;1200
ROIPAR GRIPPE CPR B/40;8491983;2550
ROIPAR PLUS CPR EFFV B/16;8068405;2205
ROIVIT GINSENG+ CPR EFF B/20;8380278;2920
ROIVIT MULTIVIT CPR EFF B/20;8380284;2480
ROIVIT VIT C+CALC CPR EFF B/20;8068345;2495
ROIVIT VIT C1000MG CPR EFF B/20;8068316;2495
ROIVIT VITC + FER CPR EFF B/20;8068291;2480
ROLICIN 500MG CPR PELL B/3;8069238;2785
ROLIK SP F/150ML;8624361;3000
RONADO GEL MAS.SEX.MEN T/50G;9112717;8450
RONAXAN 100MG COMP B/10;6988283;6700
RONAXAN 20% 1KG;118150;31025
RONAXAN 20MG COMP B/20;6988337;8550
RONAXAN 250MG COMP B/10;9018326;18400
RONDELLE OCULAIRE SOVO B/10;6132381;510
RONDELLE OCULLAIRE TETRA B/10;8949092;1010
RONFENAC 100 SUPPO B/10 (DICLOFENAC;8004842;1815
RONFENAC 100MG CPR B/100 BL/10;6930510;600
RONIC 1MG/ML COLLYRE F/5ML;8005965;1395
ROPIVACAINE 100MG/10ML AMP/5;5745242;16270
ROPODOX 200MG CPR B/10;8451133;4075
ROSE MUSQUEE 30CC;9045783;14145
ROSEB 10MG/10MG CPR PELL B/30;8780836;14755
ROSEB 20MG/10MG CPR PELL B/30;8780842;18595
ROSUKAA 10MG CPR B/30;8416473;7595
ROSUKAA 20MG CPR B/30;8416496;9645
ROSUMAC 10MG CPR B/30;8068463;6230
ROSUMAC-20 20MG CPR B/30 ;8067937;8985
ROSUMAC-20 20MG CPR B/30;8153039;8940
ROSUTOR 10MG CPR B/30;8469050;4820
ROSUTOR 20MG CPR B/30;8469067;6890
ROSUTOR 5MG CPR B/30;8469038;4545
ROSUVA 20MG CPR B/30;8476908;10330
ROSUVAS 10MG CPR PELL B/28;8443814;8280
ROSUVAS 20MG CPR PELL B/28;8443820;9985
ROSUVASTATIN DENK 10MG CPR B/30;8437819;7580
ROSUVASTATIN DENK 20MG CPR B/30;8437825;9895
ROSUVASTATIN DENK 5MG CPR B/30;8437802;7470
ROSUVASTATIN PMS 10MG CPR B/30;8076161;7590
ROSUVASTATIN PMS 20MG CPR B/30;8076184;9905
ROSUVASTATIN PMS 5MG CPR B/30;8076155;6545
ROSUVASTATINE BGR 5MG CPR B/90 ;3005467;22410
ROSUVEX 20MG CPR B/100;8474973;19315
ROSVAT 10MG CPR B/30;8095520;11475
ROSVAT 5MG CPR B/30;8095508;8790
ROUGEDINE 7,5% SOL F/125ML;1253716;1475
ROVAMYCINE 1,5M UI CPR B/16;3124168;5375
ROVAMYCINE 3M UI CPR B/10;3324708;5320
ROVIROS 10MG CPR B/30;8830362;4820
ROX-MYCIN 150MG CPR BT10;8035015;3500
ROXACOLI BIDON 1L;1110448;15340
ROXFER SP F/200ML;8061194;2520
ROXIANE 150MG CPR B/10;8443263;4200
ROXIMAX 150MG CPR PEL SEC B/12;8062041;4025
ROXINE 150MG CPR SEC B/10;8065430;4220
ROXITROMAX 150MG CPR B/10;8056388;4160
ROXYFORTE 100MG/5ML INJ AMP B/1;8077344;5955
ROXYL 10% BIDON 1L;9032473;12930
ROXYL 300MG CPR B/5 (ROXITHROMYCINE;2295620;5280
ROYAL CAFE SACH 50GRX2;8179180;2110
ROZAN 10MG CPR PELL B/30;8415930;8985
ROZAN 5MG CPR PELL B/30;8415924;4440
ROZAT 10MG CPR PELL B/28;8437274;10925
ROZAT 20MG CPR PELL B/28;8437280;16460
ROZCIAN 20MG CPR PELL B/30;8457124;8860
ROZEX CR 0,75% T/50G;30059510;9020
ROZEX CREME 0,75% T/30G;3482459;12150
RP ANTH 50 AGE CORRECT F/50ML;5761031;17850
RP ANTH INV UVMUNE 400 FL SPF50+ 50ML;8691245;12940
RP ANTH UVMUNE 400 SPF 50+ CR T/ 50ML;8597629;12945
RP ANTHEL.FL.SHAKA XL50+ F/50ML S.P;8587683;10395
RP ANTHEL.KID SPF 50+ LAIT/100ML;4383185;14500
RP ANTHEL.ULT SPF50+BB CR 50ML;8556079;14380
RP ANTHEL.UVMUNE 400 SPF50+ CR HYDR 50ML;6292939;14130
RP ANTHELIOS DERM-PED SPF50+SP200ML;7872418;18070
RP ANTHELIOS DP LT BB 50+ T/50ML;1260621;14650
RP ANTHELIOS S ECR L.D.30B10A 75ML;7056570;12015
RP ANTHELIOS SHAKA SPR 50+ F/200ML;1823231;21460
RP ANTHELIOS SPF 30 FLUID SPR/200ML;8322163;16410
RP ANTHELIOS UV 400 FLUIDE HLE SPF50+ F/50ML;6333706;17000
RP ANTHELIOS XL SPF50+GEL CR 50ML;8516453;13405
RP ANTHELIOS XL SPF50+HL NTR 200ML;8386766;16860
RP ANTHELIOS XL50+ CR FOND T/50ML;8322186;11395
RP CICAPLAST B5 REP VIS SERUM F/30ML;5837804;33210
RP CICAPLAST BM B5 T/15ML;7241873;3990
RP CICAPLAST BME B5 SPF50+40ML;8544231;13540
RP CICAPLAST BME LEVRES T/7,5ML;6075849;5950
RP CICAPLAST CR PANS T/40ML;8506383;7840
RP CICAPLAST GEL ACCEL B5 F/40ML;6036199;8270
RP CICAPLAST GEL B5 LAV F/125ML;8379140;7165
RP CICAPLAST GEL LAV.B5 F/200ML;8521017;12360
RP CICAPLAST MAINS CR T/50ML;8371693;6395
RP CICAPLAST R .AP.BM B5+ T/40ML;8701972;9730
RP CICAPLAST REP.APAIS.BAUM B5+.100ML;8322246;17750
RP COLD CREAM NAT T/100ML;8506489;8430
RP DEO PHYSIO 24H AERO 150ML;8322430;6120
RP DEO PHYSIO 24H BILLE 50ML;8322447;6785
RP EAU DEMAQ PHYS YEUX F/125ML;8342378;7510
RP EAU MIC.MSS.NETT.PHYSIO.150ML;8379217;9505
RP EAU THERMALE SPR F/150ML;8322453;14960
RP EAU THERMALE SPR F/300ML;8508815;12150
RP EFF DUO CLEAN 200 ML;7570826;12315
RP EFFA DUO+M UNIF DEEP TEINTE F/40F;1874791;11930
RP EFFACLAR AI T/15ML;7930133;10100
RP EFFACLAR DUO + SERUM F/30ML;6240345;25070
RP EFFACLAR DUO+ GEL CR AI 40ML;6040129;11400
RP EFFACLAR DUO+M CR SOIN AI T/40ML;6040124;11915
RP EFFACLAR DUO+SPF30 CR AI 40ML;8544202;15225
RP EFFACLAR EAU MIC.PUR PHYSI 200ML;8322499;7955
RP EFFACLAR EAU MICEL PURIF 400ML;9728217;14530
RP EFFACLAR EAU MICEL.PUR.200ML;8322269;10840
RP EFFACLAR GEL MICROPEELING F/200ML;8659342;14025
RP EFFACLAR GEL MOUSS PUR F/400ML;8503491;15430
RP EFFACLAR GEL MSSANT 200ML;8249207;13215
RP EFFACLAR GEL MSSANT 300ML;8516022;13410
RP EFFACLAR GEL PUR MICRO-PEELING F/400ML;5708289;22520
RP EFFACLAR H CR APAIS PG T/40ML;8371730;9295
RP EFFACLAR H IBM CR LAV F/200ML;6302053;16515
RP EFFACLAR H IBM CR T/40ML;6302052;10220
RP EFFACLAR H ISO-BIOME CR T/200ML;5777759;16515
RP EFFACLAR H ISO-BIOME CR T/400ML;5777797;11770
RP EFFACLAR K+SOIN RENOV. PG 40ML;8383762;14040
RP EFFACLAR LOT ASTRING.200ML;8322275;12050
RP EFFACLAR MASQ SEBO REG 100ML;8544194;14250
RP EFFACLAR MAT+CR HYD T/40ML;9460513;13900
RP EFFACLAR PAIN DERMATO.80GR;4291520;3935
RP EFFACLAR SERUM ULTRA CCTRE 30ML;1670221;21490
RP GEL GOM.SURFIN PHYS T/50ML;8342384;10060
RP HYALU B5 SERUM F/30ML;7558362;44175
RP HYDR.LEGERE CR HYDR 40ML;8322298;11760
RP KERIUM ANTIPEL GRAS SH F/200ML;4313055;8450
RP KERIUM DS SH A/PELL.INT.125ML;4313061;8280
RP KERIUM SH A/PELL.SECH.200ML;4313049;7440
RP KERIUM SH ANTI CHUT 200ML;8322312;9310
RP KERIUM SP DOUX F/400ML;6034388;9915
RP LAIT DEM.PHYSIO.F/200ML;8322476;10995
RP LIPIKAR AP LAIT CORP 200ML;8520986;12490
RP LIPIKAR AP LAIT CORP 400ML;8520963;18430
RP LIPIKAR AP LAIT CORPS F/400MLX2;8637665;21000
RP LIPIKAR AP+ BAUM CORP 200ML;8371753;12140
RP LIPIKAR AP+ BAUM CORP 400ML;8380918;15070
RP LIPIKAR AP+ HLE LAV.RELIP.200ML;1391531;12260
RP LIPIKAR AP+ HLE LAV.RELIP.400ML;9937033;14390
RP LIPIKAR AP+ STICK 15ML;8544225;11085
RP LIPIKAR AP+M BME CORP 400ML;8623321;17000
RP LIPIKAR AP+M BME CORP/200ML;8623315;13130
RP LIPIKAR EMOL CORP F/400ML;7580199;14420
RP LIPIKAR FLUID CR F/400ML;8503663;21950
RP LIPIKAR GEL LAVANT 200ML 95465;1181651;7435
RP LIPIKAR GEL LAVANT 750ML;8399527;16195
RP LIPIKAR GEL LAVANT F/400ML;8399510;13460
RP LIPIKAR HLE LAVANTE AP + F/400ML;6113300;17240
RP LIPIKAR SAV LIQ SURG 200ML;7797071;8000
RP LIPIKAR SAV LIQ SURG 400ML;8322358;15460
RP LIPIKAR SAV SURG.PAIN 150G;7797088;5380
RP LIPIKAR SYNDET AP+ CR LAV 400ML;6015276;12550
RP LIPIKAR SYNDET AP+CR LAV 200ML;8509915;8360
RP LIPIKAR UREA 10% LAIT F/200ML;1739951;17490
RP LIPIKAR UREA 10% LAT F/400ML;1739981;23315
RP LIPIKAR UREA 5% LAIT 200ML ;4685785;14380
RP LIPIKAR UREA 5% LAIT 400ML;8616864;20765
RP LIPIKAR XERAND CR PROT MAIN 50ML;8322364;5800
RP LOT APAISANTE F/200ML;8322482;18930
RP MELA B3 CR T/40ML;5890113;25510
RP MELA B3 GEL NETT M PEEL F/200ML;5890069;11900
RP MELA B3 LAIT F/200ML;7594396;21020
RP MELA B3 SERUM CONC INT F/50ML;5934633;44670
RP MELAMEDIC 10 SERUM F/30ML;1775541;34350
RP NUTRITIC LEVR SECH STIC 4,7ML;4675485;5065
RP NUTRITIC+ CR PX SECHE T/50ML;8322387;9045
RP PACK ACNE;1948421;11400
RP PIGMENTCLAR CR MSS NET 125ML;8544248;20510
RP PIGMENTCLAR SERUM 30ML;8371701;20770
RP PIGMENTCLAR SOIN SPF30 CR 40ML;8377827;22470
RP PURE NIACINAMID B9 SER F/30ML;8597411;34870
RP REDERMIC C A.RIDE CR T/40ML PNM;8322393;26245
RP REDERMIC CONTOUR YEUX CR T/15ML;8322401;17770
RP SEROZINC SOL ADOUCISS SPR F/150ML;8322507;6900
RP SERUM PURE VIT C12 F/30ML;5660465;29040
RP SERUM RETINOL B3 F/30ML;6209259;29650
RP SOL MICELL PHYSIO F/400ML;8503114;11020
RP TOLE MOUSS PHYSIO F/150ML;8169164;13150
RP TOLERIANE CORRECT.T.DORE 30ML;7171130;9685
RP TOLERIANE DERMALLERGO CR 40ML;1638271;14400
RP TOLERIANE DERMO-NETT.200ML;8322559;11030
RP TOLERIANE KERIUM DS T/40ML;6021919;23060
RP TOLERIANE SENSITIVE CR T/40ML;8560201;16130
RP TOLERIANE SOIN PROT/APAIS.40ML;7049699;9600
RP TOLERIANE TEIN COMPAC BEIG SABL9;8322536;12825
RP TOLERIANE TEINT FLD 15 DORE/30ML;8509186;11755
RP TOLERIANE TEINT FLD 16 HALE/30ML;8509192;11755
RP TOLRE FLD CORRECT TEIN 10 T/30ML;8379200;12895
RUBANS ENCREUR STAR RC700B;8319534;9280
RUBIDOX 50MG IV PDRE LYOPU SOL INJ F/1;8083830;18240
RUBIX 150MG CPR B/1;8084597;1135
RUBIX 150MG GEL B/2;8077887;2270
RUBIX 150MG GEL B/4;8084628;4270
RUBIX HOT GEL T/30GR;8007071;1470
RUBODERM LOT NET.PUR.150ML PG (FA);9692927;9500
RUBODERM PLUS GEL HYDR T/30ML;9693186;8985
RUBOZINC GEL B/60;7054454;10110
RUBOZINC GELULES B/30;3306857;7515
RUBUS IDAEUS 1DH 60ML;9001136;3490
RUCOLD 125MG/12,5MG SP F/100ML;8066872;1155
RUF BOIS BANDE GTTE BUV F/100ML;8245221;11600
RUF HOT SEX GIRL GTT BUV 20ML;8245244;9415
RUF MAXI ERECT 907 GTTE T/25ML;8259714;8290
RUF MAXI MAL CR T/200ML;8021591;13095
RUF MEGA PENIS CR T/75ML;8263472;10015
RUF PENIS BOOSTER CR T/125ML;8322950;9895
RUF PENIS DEVELOP.CR 100ML;8263414;8555
RUFENAC GEL T/30G;8483570;1515
RUFEX 500MG CPR PELL B/10;8457064;5660
RUFOL 100MG CPR B/50;3093315;14060
RULID 150MG CPR B/10;3290381;9950
RULING 20MG CAPS B/14;1255352;3445
RUMACOX 120MG CPR B/10;8436168;5195
RUMACOX 60MG CPR B/10;8436145;4165
RUMACOX 90MG CPR B/10 (ETORICOXIB);8436151;4850
RUNN GEL T/30G;8083712;1720
RUNN-P 100/500MG CPR B/10;8018241;2480
RUSCOLOG SUPPO B/10;2297613;2230
RYTHMODAN CAPS B/40;3093545;5120
RYTHMOL 300MG CPR B/30;90266410;11345
S MORINGA GEL B/100;2471673;5800
S SPIRULINE MORINGA BIO GEL B/100;8721288;8180
S SPIRULINE POUDRE B/50;8141846;9495
S TERRE A BAS L'APPETIT GEL B/50;2272398;6885
S TERRE ANTIBIONAT GEL B/50;8251167;4995
S TERRE ARTINAT GEL B/50;2273021;5120
S TERRE BUSTE GEL B/50;2273067;6885
S TERRE DIE KOUADIO GEL B/50;2273245;4890
S TERRE FINESTYL GEL B/50;2272582;5335
S TERRE HEMONAT GEL B/50(HEMORROIDE;2272599;5665
S TERRE HEPATIC GEL B/50;2273268;4880
S TERRE INTIMITE GEL B/50;2275008;5670
S TERRE KAMAX GEL B/50;8019542;10420
S TERRE LAXADOUX GEL B/50;2273305;3715
S TERRE PROSTATER GEL B/50;8569610;7335
S TERRE RELAX GEL B/50;8251109;5895
S TERRE SOUTRA GEL B/50;8019565;8505
S TERRE VENUS GEL B/50;2273713;8440
SABRIL 500MG COMP B/60;3378041;45270
SABRIL 500MG PDR BUV SACH/60;3378064;62590
SAC DE RANGEMENT MEDICAMENTS;9022931;34800
SACNEL SOL EXT FL/100G;3093692;5980
SAFE-TAX 1G SOL INJ B/1+SOLV/2;8462214;1995
SAFEX KIT CPR B/4;8452730;4135
SAFORELLE BB CR PROT.FESS.T/100ML;8347571;6115
SAFORELLE BB GEL LAV.DX 250ML;7616738;5490
SAFORELLE BB GEL LAV.DX F/500ML;8347594;7905
SAFORELLE BB LAIT CR T/125ML;7629729;3515
SAFORELLE BB LING.NETT SACH/60;8347588;4590
SAFORELLE CR T/50ML;7171070;5480
SAFORELLE LING.HYG INTIM S/10;4271167;2935
SAFORELLE MISS SOIN INTIM.250ML;6114756;6170
SAFORELLE S LAV ULTRA H SOL F/250ML;8593620;7135
SAFORELLE SAV PAIN 100GR;6587934;2945
SAFORELLE SOIN LAV.DOUX F/100ML;7397302;2790
SAFORELLE SOIN LAV.DOUX F/250ML;6533424;5440
SAFORELLE SOIN LAV.DOUX F/500ML;6181037;9510
SAFORELLE SOIN LAV.ULT HYDR 250ML;8351667;6320
SAGE 1000MG CPR B/30 (ULTRA SAGE);8531814;5000
SAIFOXYL 1GR CPR DISP B/14;8480407;3635
SAIFOXYL 250MG/5ML PDRE SUSP BUV F/60ML;8480399;1155
SAIFOXYL 500MG CPR DISP B/24;8480382;2630
SALAGEN 5MG CPR B/84;3991784;122605
SALAZOPYRINE CP B/100;3226880;15670
SALBUMOL 0,5MG AMP INJ 1ML B/6;3299324;3040
SALBUNHAL 100MCG SUSP INH DOSE;8449969;2755
SALBUTAMOL 2,5MG/2,5ML B/10UNID;3169596;2200
SALBUTUS 2MG/5ML SOL BUV F/200ML;8060740;2095
SALBUTUS SOL BUV F/100ML;2292461;1410
SALGYDAL NORAMIDO SUPO AD B/6;3359687;2740
SALIBET 0,05%/3% PDE T/20G;8453184;2340
SALICYLINE 50% POT 1KG FR EXP;1113812;6620
SALIFEN 1% GEL T/30G (DICLOFENAC);8087288;1680
SALIS PDRE SOL BUV SACHT B/20;8648700;6360
SALISAL 100MG CPR GAST RES B/90;8487378;3665
SALITHOL BAIN BCHE F/225ML;8515175;3920
SALITHOL GEL T/70G;8515169;3920
SALMON OIL F/250ML;1004046;13900
SALTRATES 200GR (SELS BAIN TONIF.);7003036;8910
SALVA GENOU ART OUVERT T4;61898995;56020
SALVATIS LOT FL/150ML;2008046;3515
SALVATIS PDRE B/70G;2008052;2320
SAMBUCUS NIGRA 7 CH GR;651097;1135
SANIMIX 4,9GR B/10 UNITE;645079;630
SANIMIX 49GR B/10 UNITE;644074;5025
SANIVER 0,4G/10ML BUV F/10ML;8439557;690
SANIVER 400MG CPR B/1;8008722;445
SANMIGRAN 0,5MG CPR B/50;3137538;7100
SANODIANE COUP/ONGL MANUC+RECUP/1;7413550;1640
SANODIANE PINC EPILE MOR.CRABE;7010349;2110
SANODIANE PINCE A ONG.INCARNE;7010639;16790
SANODIANE PINCE A ONG.MANICURE;7010616;15025
SANODIANE PINCE ONGLE PEDICURE;7010622;14395
SANOGYL BI PROT DENT.75ML(SOIN CPLE;4611396;10195
SANOGYL DENT BLC 105G FLUOR MENTHE;3643922;3100
SANOGYL DENT.BI SENSITIV 75ML;9607086;2900
SANOGYL ROSE DENTIF. 75ML;6111657;6620
SANOZOL 400MG CPR PELL B/3;8084634;1200
SANTAROME PHYTO DESMODUIM 2500 20AMP;3917;21500
SAPHIR AD 1000/125MG PDR SACH/12;8080139;5265
SAPHIR AD 1000/125MG PDR SACH/16;8080122;7015
SAPHIR ENF 100/12,5MG SUSP 60ML;8080056;4480
SAPHIR ENF 500/62,5MG PDR SACH/12;8080062;4205
SAPHIR NOUR 100/12,5MG SUSP 30ML;8079975;2715
SARGENOR 1G AMP BUV 5ML B/20;3289283;4200
SARGENOR 1G CPR EFF B/20;3375321;4410
SARGENOR VITC AMP BUV 5ML B/20 (FA);3545622;4955
SARGENOR VITC CPR EFF B/20;3545556;5410
SARIDON COMP B/10;2009838;1255
SAROVIT SP F/100ML (MULTI VITAMI);8055561;2410
SARTEX 10MG/160MG CPR PELL B/30;8780799;11215
SARTEX 10MG/160MG/12,5MG CPR PELL B/30;8780807;13775
SARTEX 10MG/160MG/25MG SACH B/16;8780813;13980
SARTEX 5MG/160MG CPR PELL B/30;8780782;10870
SATINELLA CR MAIN  MANGUE 100ML;670660;3250
SATINELLA CR MAIN AMANDE 100ML;670664;3250
SATINELLA CR MAIN FRAISE 100ML;670661;3250
SATINELLA CR MAIN GATEAU 100ML;9037855;3250
SATINELLA CRIST LIQ SER CHX 125ML;670665;8790
SATINELLA EAU MICEL HYDR 250ML;670684;5400
SATINELLA GEL NETT EXFOL 150ML;670658;5590
SATINELLA GEL NETT FRAICH 250ML;670657;7895
SATINELLA HUILE ARGAN 30ML;670798;8735
SAUGELLA POLIGYN NETT F/250ML;7850931;13005
SAUGELLA POLYGYN LINGET.INT.S/10;7850925;6000
SAUGELLA SOL ANTISEPT 250ML;6160638;12000
SAVARINE COMP B/28;3412795;21790
SAVON 3C CLARIFIANT NATURE 200G FANNY;9007340;2500
SAVON AP BIO ECLAIRC.250G;9000898;5010
SAVON BEURRE DE CACAO MARIE-ANDREA 175G;8648485;2025
SAVON BIO CLASSIC 250G;6013966;5400
SAVON CACAO 200GR FANNY;9009652;2500
SAVON CHARBON VEGETAL 200GR FANNY;9102431;2500
SAVON CICANETTE;100316;6100
SAVON CITRON 200GR FANNY;9007481;2500
SAVON COLLAGENE 150G;4912805;7860
SAVON GOMMANT ROSE PAIN 500GR;8299085;1885
SAVON HENNE CURCU MARIE-ANDREA 175G;8648551;2025
SAVON HENNE CURCU MARIE-ANDREA 200G;8648568;2300
SAVON MIEL 200GR FANNY;9010916;2500
SAVON MORINGA 200GR FANNY;9027905;2500
SAVON SON RIZ 150G(RICE BRAN);4912818;7860
SAVON ST JEAN LAURENT ECLAT PAIN 200G;8753816;2890
SAVON ST JEAN LAURENT GOM PAIN 200G;8753791;3370
SAVON ST JEAN LAURENT PAIN/200G;8391299;1445
SAVOY FRESH MINT SPR BUCC 15ML;8306661;4310
SAWIS GE 2MG CPR B/28;1375;16830
SAWIS GE 2MG CPR B/84;219393;44860
SCHICK RASOIR XTREM3 SUB ZERO;9004382;3400
SCHOLL ACTIV GEL H SEMELLE 40-46,5;9704139;14850
SCHOLL ACTIV GEL PRO F SEMELL;9704145;19090
SCHOLL ACTIV GEL SEMELLE F CHAUS.OU;6600014;14580
SCHOLL LIME ONGLE SAPHIR REF 294;9021831;3885
SCHOLL PANSEMENT CORICID DURILLON;3848340;9800
SCHOLL PIER A PONCER+BROS R 297;6651224;5055
SCHOLL RAPE ELECT.RECHARGEABLE;4809520;56480
SCHOUM DIGESTION TISANE B/20;1717581;4995
SCHOUM SOL.BUV FL/500ML;3094740;10350
SCIENT PACK MINCEUR;3700225;7655
SCIFOL 400MG CPR B/30;8493404;4165
SCIMALT-FA 125/0,35MG/5ML SP 120ML;8467648;5000
SCIPRIDE 25MG CPR B/30;8495403;5510
SCIRICA 75MG GEL B/28;8495426;6890
SCLEREMO AMP INJ IV 2ML B/5;3639932;20380
SCOLTA 10MG CPR B/30;8467252;6200
SCOLTA 20MG CPR B/30;8467269;15155
SCOLTA 40MG CPR PELL B/30;8473608;22040
SCOPE AVEC TENSIO SATURO;2111100;7505000
SCOPODERMM TTS 1,O MG /72 H;3284943;42500
SCOTCHCAST 10CMX3,6M(NEMOACAST);9004979;13000
SCOTCHCAST 12,5CMX3,6M(NEMOACAST);6311971;13000
SCOTCHCAST 5CMX3,6M(NEMOACAST);9003738;9100
SCOTCHCAST 7,5CMX3,6M;6111203;37275
SCOUR NIL 1L;8552029;10650
SCREEN 2P WEAR INSECT SPR.100ML;8531719;5250
SEA-BAND BRACELET ANTI-NAUSEES ENF KAKIJK;9007002;11230
SEBACTASE CPR B/30 (3 CHENES);8516631;16630
SEBACTASE CREME T/50ML;1243762;9580
SEBEBIANE GELULES B/90;9021541;18000
SEBIPROX 1,5% SHP FL 100ML;3523307;10240
SECALIA ULTRA LAIT EMOLL.T/200ML;4888927;8600
SECAMIB 1G CPR B/2;8097826;3030
SECNOL 2G SACHET DOSE/1;3337071;3860
SECTRAL 200MG CPR B/30;3404703;5660
SECTRAL 200MG CPR B/90;3720858;18900
SECTRAL 400MG COMP B/30;3220771;11615
SECUFEM 1,5MG CPR B/1(LEVONORGESTRE;8000531;2615
SECURGARD PLUS L B/30 15-30KG;11825;11500
SECURGARD PLUS L CPR B/3 15-30KG;9060564;12780
SECURGARD PLUS XL B/3 30-45KG;9014535;15975
SECURIDIUM 6,2GR B/10 UNITE;644097;4370
SECURIDIUM 775MG B/10 UNITE;644051;760
SECUVIT CAPS B/30;8007941;2935
SECUVIT SP F/200ML;8007964;3070
SEDACALM CR APAIS F/120ML;1319525;12777
SEDACALM SH APAIS F/200ML;1315800;12390
SEDARTRYL BAUME T/60G;3095320;1170
SEDASPIR 500/20/50MG CPR B/20;3488516;1955
SEDASTERIL 0,1% CR LAV F/125ML MERCUROCHROME;8306520;2495
SEDATIF PC CPR B/90;2189651;15720
SEDATIF PC GRANULES B/2;3336189;13160
SEDERGINE COMP EFF B/20;2007874;1155
SEDIBAINE COMP B/33;3095403;2190
SEDORRHOIDE CR RECTALE T/30G;3762584;2615
SEDORRHOIDE SUPPO B/8;3762609;2615
SEFAM PL 10MG/10MG CPR B/30;8476305;8680
SEFAM PL 10MG/5MG CPR B/30;8476311;8360
SEFAM PL 5MG/10MG CPR B/30;8476328;8085
SEFAM PL 5MG/5MG CPR B/30;8476334;7495
SEFIMEX DT 200MG CPR B/10;8499602;4340
SEFUROX 250MG CPR B/10;8025844;5280
SEFUROX 500MG CPR B/10;8025850;7385
SEKALGIC 100/125MG/5ML BUV 100ML;8438368;1310
SEKALGIC CPR B/12 (IBUPR.PARAC.CAFE;8438374;1310
SEKISAN SOL BUV F/120ML;2265062;2950
SEKROL 15MG/5ML ENF BUV F/100ML;8012184;1695
SEKROL 30MG/5ML AD BUV F/150ML;8005907;2245
SEL D B/300G;6148092;2990
SELECT ASPARTAME PDRE SACH B/10;8781511;4545
SELECT STEVIA SUCRETTES GR B/100;8781557;3635
SELECTIX DOUCH VAG POIRE 300ML;2486381;7250
SELEN 100MCG CPR B/30 WALMARK;8631102;4545
SELENIUM 7 CH GR;8418638;2805
SELENIUM ACE B/90 ESSENT.30+;7200334;43780
SELENIUM ACE B/90 OPTIMUM 50+ ;4629433;72715
SELENIUM ACE CPR B/30  WALMARK;8631119;6000
SELENIUM ACE CR T/50ML RICHELET;7412651;28040
SELENIUM ACE GEL B/30 DAYANG;2130577;10090
SELENIUM ACE OPTIMUM 50+ CPR/30;4629427;21890
SELENIUM METALLIC.9CH GR;669105;1680
SELENIUM+ZINC CPR B/30;7389159;11380
SELEPHEROL VITE+SE INJ 100ML;6849759;4450
SELEXID 200MG CPR B/12;3799305;4775
SELEXID 200MG CPR B/20;104934;9135
SELEXID 200MG CPR PELL B/28;1120;16630
SELOKEN 100MG CPR SEC B/30;3715030;4690
SELOKEN 200MG LP CPR B/30;3722521;9020
SELS MELANG.6DH CP F/50 BOIRON;5964493;7840
SELSUN JAUNE SOL EXT F/120ML;3346176;5390
SEMIDIUM 1G;8286065;41180
SENERGY 10MG/160MG CPR B/30;8467281;12850
SENERGY 5MG/160MG CPR PELL B/30;8467275;17355
SENERGY PLUS 5/160/12,5MG CPR PELL B/30;8473614;18860
SENOPHILE POM T/50G;3095797;5400
SENSIBIAFINE CR VIS HYD APAI LEGERE;5112689;14620
SENSIBIAFINE CR VIS HYD APAI R 40ML;5112666;15380
SENSIGEL GEL DENT. 50ML;6642886;4175
SENSILUBE DUREX FLUID LUBRIF INT F/40ML;8331216;10760
SENSILUBE DUREX GEL LUBRIF.INT.40ML;9904996;16840
SENSIMYL LOTION ASSECHT F/100ML;8653061;8470
SENSODYNE BDB F/500ML MENTH FRAICH;8378376;4060
SENSODYNE DCE BLANCHEUR DENT T/75ML;8716956;2815
SENSODYNE FIL DENTAIRE 50M;8257750;1790
SENSODYNE MULTIPROT.DENT T/75ML;8350432;3655
SENSODYNE PRO REP/PRO.BLCH 75ML;9000154;4770
SENSODYNE PRO REPAR&PROT.T/75ML;8348926;4780
SENSODYNE PRO TRAIT SENS.T/75ML;8380522;3125
SENSODYNE RAPID.ACT.DENTIF.75ML;8529556;3610
SENSODYNE SOIN BLANCH.24H T/75ML;8531665;2550
SENSODYNE SOIN CPLET 24H T/75ML;8529533;2795
SENSODYNE SOIN GEL FRAICH INT F/75ML;5631108;3820
SENSODYNE SOIN NETT.24H T/75ML;8536562;4260
SENSOR ELECTROD PR GLYCEMIE B/100;7154924;41005
SEPTILAIT SOL EXT F/125ML;2287661;1355
SEPTILAIT SOL EXT F/250ML;8008998;2255
SEPTIMYL COMPRES.NETT.B/12;1300801;1920
SEPTIMYL CR REPA CU ZN MN T/50ML;6009166;4980
SEPTIMYL SOL.DESINFECT.SPR 100ML;8638038;5395
SEPTIVON SOL EXT F/250ML;3641662;2370
SEPTIVON SOL EXT F/500ML;3641679;5180
SEPTOTRYL CHAT/CHIOT CP B/20;6868610;7750
SEPTOTRYL CHIEN CPR B/16;4020005;8900
SEPTOTRYL CHIEN CPR B/16 (VETOQUI.);6868604;2730
SEPTOTRYL INJ F/100ML;6868573;5600
SEPTOTRYL INJ F/250ML;6868596;12540
SEPTYL 0,1% BDB F/200ML;2299339;1885
SEQU-VIT 150G;7101483;3550
SEQU-VIT 1KG;628075;18460
SEQU-VIT INJ;9042891;4685
SEQUNIL SPRAY;9043086;7100
SEQUTIK SHAMPOO;9042603;3550
SEQUTONIC PLUS;9034503;6390
SEQUTYLO 20% INJ F/100ML;9031835;5680
SEQUWORM PLUS;9042997;3350
SEQUZENE FORTE 2,36G;9023675;4970
SEQUZENE FORTE 23,6G;9026260;28400
SEQUZOLE 10% 1L;9063025;14200
SEQUZOLE 2500MG;7706631;12780
SEQUZOLE 600MG;8451469;8520
SERASTOR 10MG CPR PEL B/30;8441382;7710
SERASTOR 20MG CPR B/30;8441399;11020
SERASTOR 40MG CPR PELL B/30;8441407;14325
SERC 8MG CPR B/90;3553975;7495
SERDERAX 10MG/2,5MG CPR B/30;8735244;8955
SERDERAX 5MG/1,25MG CPR PELL B/30;8735238;7355
SERDOREL 75MG CPR PEL B/28;8441413;14545
SERECOR 300MG B/20;3240070;8265
SERELYS CPR PERIMENOP MENOP B/60;4473089;44885
SERELYS ONE GEL B/30;1055;35870
SERENATAL ALLAITEMENT CPR B/60;8619762;7710
SERENATAL G GROSSESSE CPR B/60;8399639;10680
SERENONE 25MG CPR PELL B/30;8442140;16115
SERESTA 10MG COMP B/50;3095946;1385
SERESTA 10MG CPR B/30;3588755;2750
SERETIDE 125MCG/25MCG SUSP INH BUC 120DOSE;5658722;45900
SERETIDE 250MCG/25MCG 120DOSES;5658890;30125
SERETIDE 50/25MCG SUSP INH 120D;3565866;37250
SERETIDE DISKUS 100/50MCG 60DOSES;3545935;27940
SERETIDE DISKUS 250/50MCG 60DOSES;3545970;14975
SERETIDE DISKUS 500/50MCG 60DOSES;3547354;19245
SERGIFEX 1G SER INJ B/1;8012043;4545
SERGLIRON LM 60ML CPR SEC B/30;8735250;6295
SERING AUTO 2ML;90222410;36100
SERING BALISA 3P 10ML+AIG/100;8373924;11095
SERING GENMED 10ML B/100;1871251;5600
SERING INS 1ML 100UI B/120 UBI;8509714;10530
SERING INSU 1ML B/100;8517381;10240
SERING KITMED 20ML B/50+AIG 21G;5010757;10340
SERING LIGASURE 10ML B/100;1445071;9440
SERING PENTA 3P+AIG 2.5 B/100;2274960;5475
SERING PLEXI LL 10ML;6051814;2780
SERING PLEXI LL 20ML;9022233;3020
SERING UU 20ML;6193112;310
SERING UU AA 10ML B/100 UBI;8509708;11090
SERING UU AA 2,5ML B/100 UBI;8276003;8425
SERING UU AA 20ML B/50;8234312;10400
SERING UU AA 5ML B/100 UBI;8275989;9275
SERING UU AA 60ML BOUT VISS.UNITE;9110144;525
SERING UU EMB GAV.SA 60ML LONG/1;8291391;425
SERING UU SA 60ML BOUT COURT UNITE;8235731;585
SERINGUE PLASTIQUE 20ML;8259192;3550
SEROFLO 125/25MCG PDR INH 120DOSES;8079805;10060
SEROFLO 250/25MCG PDR INH 120DOSES;8079811;12925
SEROPLEX 10MG CPR B/28;3599374;8340
SEROPLEX 20MG CPR B/28;3599411;7135
SEROPLEX 5MG CPR B/14;3642897;4525
SEROPLEX 5MG CPR PELL B/28;3599351;13315
SEROPRAM 20MG COMP B/28;3383361;9000
SEROXYN HFA 25/250MCG SIL INH 120D;8487496;8505
SERPERAM 10MG/10MG CPR B/30;8735304;10195
SERPERAM 10MG/5MG CPR B/30;8735296;10195
SERPERAM 5MG/10MG CPR B/30;8735273;7040
SERPERAM 5MG/5MG CPR B/30;8735267;7495
SERRAT 10MG CPR B/30;8502385;3920
SERRE POIGNET BOUCLES BASANE PM;6057573;6225
SERRE POIGNET HALTERE CUIR GM;6057633;5860
SERUM ANTI TETANIQ 1500UI 1ML;8019080;4965
SERUM ANTITETANIQUE 1500UI AVEC SERINGUE;8094561;2320
SERUM PHYSIOLOG NEITUM SOL UND/5ML B/20;8636068;2020
SERUM PHYSIOLOGIQUE FL/CP/G 30CC;4920;1205
SERUM PHYSIOLOGIQUE SOL UND B/40;8636074;3364
SERVIFLOX 250MG CPR B/10;2267954;2925
SERVIFLOX 500MG CPR B/10;2267960;3885
SERVIFLOX 750MG CPR BT/10;2295666;4590
SERVITROCIN ERYTH.0,25G CP BL/8;9010253;1085
SERVIVIT +M COMP B/30;2020461;3800
SETAPRO 10MG CPR B/30;8453126;8265
SETOLAC ER 300MG CPR B/10;8490819;4530
SETRONAX 2MG/5ML SUSP BUV 60ML;8066961;3475
SETRONAX 4MG CPR B/10;8067771;4165
SETRONAX 8MG/4ML AMP INJ B/5;8023319;20695
SETRONAX SUSP BUV 60ML(ONDANSETRO;1009121;6730
SEVELAMER LIVEALTH 800MG CPR PELL B/30;8473761;17850
SEVIKAR 20/5MG CPR B/30;3885826;33635
SEVIKAR 40/10MG CPR B/30;3885743;22650
SEVIKAR 40/5MG CPR B/30;3885789;17230
SEVIKAR 40MG/10MG CPR PEL B/90;3885772;63180
SEX CONTROL GEL B/60;8326296;8790
SEZOL 20MG GEL B/30 (OMEPRAZOL);8064560;4165
SHAL ARTEM 180M/1080MG PDRE SUSP BUV F/60ML;8483587;1515
SHAL ARTEM FORTE 80/480MG CP/6;8483593;1655
SHALTOUX XPS SP F/100ML;8483601;1240
SHAMPOING SEC CHIENCHAT PDRE TEKAN;6399581;6700
SHELCAL 500MG DRG B/15(CA+VITD3)FA;8090468;2895
SHELCAL SP 200ML (CA+VIT D3);8035943;2895
SHIBUDAL GEL B/30(IBUP.PARAC.CAFEIN;8010274;2290
SHILAJIT 1G  B/60 GRANIONS;8219074;2160
SHILAJIT MUMIJO UNIMEDICA B/180;2109341;36015
SHINGRIX PDR+SUSP IM FL+FL 1;141861;167695
SHORTY CORRECT.LXL NOIR;9507999;34390
SHORTY CORRECT.SMAL NOIR;9507982;34390
SHORTY CORRECT.XXL NOIR;9508007;34540
SIBELIUM COMP B/30;3282944;8350
SICCAFLUID 0,25% GEL OPHT B/10ML;3417522;3770
SIDEGRA 100MG CPR B/4 (CITR SIDENA);8014579;2095
SIDEGRA 50MG CPR B/4 (CITR SILDEN);8097855;1410
SIG CH TRAVENO EBENE H M 3830;7998467;17840
SIGVARIS ENFILE BAS ROLLY;4121551;26610
SIGVARIS EXTENSEUR OV.JAMBE;6513203;25990
SIKLOS 1000MG CPR B/30;3810194;276250
SIKLOS 100MG CPR PEL B/60 ADDMEDIC;4158057;258860
SILAGRA 100MG CPR B/4 WA (SILDENAFI;8083209;5290
SILDENAFIL 100MG CPR B/8 BGR;2688070;4410
SILDENAFIL 50MG CPR B/4 BGR;2688012;3445
SILENCE AERO BUC ANTI-RONFL FL/50ML;9818216;18730
SILICEA 9CH GR;1684101;2060
SILIGAZ CAPS B/32;3207434;8950
SILNAFIL 50MG CPR B/1 (SILDENAFIL);8021094;3960
SILODOSINE 4MG GEL B/30 VIATRIS;1392;7605
SILODOSINE 4MG GEL B/30 ZENTIVA;180228;4965
SILODOSINE 8MG GEL B/30 ARROW;3018647;4435
SILODYX 4MG GEL B/30;3749075;11615
SILODYX 8MG GEL B/30;3749342;13400
SILOTRIF 4MG GEL B/30;8457934;11020
SILOTRIF 8MG GEL B/30;8457940;16530
SILVEREX CR POT/250G;8003601;8850
SILVEREX CR T/25G;8274984;1575
SILYHEM GEL B/50 (SILYMARI.+B CPLEX;8544797;5000
SIMBRINZA 10MG/ML CY F/5ML;2792962;17150
SIMEPAR CAPS B/20;8022047;2890
SIMEPAR CAPS B/40;8016153;5235
SIMVA DENK 20MG CPR B/30;8088052;8980
SIMVA DENK 40MG CPR B/30;8088081;12430
SIMVASTATINE 20MG CPR B/84 BIOGARAN;3947390;13495
SINEMET 250/25MG CPR B/50;3172463;12440
SINEMET LP 100MG/25MG CPR B/30;3356654;5000
SINEMET LP 200MG/50MG CPR B/30;3356938;6670
SINGULAIR 10MG CPR B/28;3461411;16685
SINGULAIR 4MG CPR CROQ B/28;3931124;16685
SINGULAIR 4MG GLE ENF SACH/28;3931236;25000
SINGULAIR 5MG CPR CROQ B/28;3461285;16685
SINOVIAL 2ML SOL SERING B/3;9474751;65115
SINOVIAL ONE 2% S INJ SER/ 2,5ML;3895699;84435
SINTROM 4MG CPR SEC.B/30;3356430;3090
SINUSPAX 500MG COMP B/60;3202075;11735
SIPTIGEL SOL ATSEP.MSS.F/250ML;8560939;2445
SIROFEN 20MG/ML SUSP BUV F/150ML;8092958;2550
SIROP DES FUMEURS BIO F/250ML;9091610;12600
SISUL-C CR T/15G (SULFADI+GLUCON);8016785;1335
SITADIOL-M CPR B/30;8812938;7665
SITAGIL M 50/1000MG LP CPR B/30;8463018;12400
SITAGLIPTINE 100MG CPR B/28 VIATRIS;231685;8010
SITAPRIL 100MG CPR B/30;8490280;11570
SITAPRIL 50MG CPR B/30;8490274;8125
SITAPRIL M 50MG/1000MG CPR B/30;8490305;7575
SITAPRIL M 50MG/500MG CPR B/30;8490297;6890
SITIZINE 10MG CPR B100;8496271;7575
SITIZINE 5MG/ML SP F/60ML;8497000;1715
SITRUS SR CPR B/30;8062578;3445
SITSALICINE GELEE T/60G;2023608;12935
SIVODERM CR DEPIL.130ML;8151885;1190
SK;8384402;27475
SK;8394814;30900
SK;9012909;25000
SK  AKN SER STOP IMPER F/15ML;1882421;6210
SK AKN HYDR STOP IMPER 50ML;1335451;11250
SK APRES SOLEIL GEL FRAIS F/125ML;8384454;9630
SK BAUM REPULP.HYD.LEVR STIC 15ML;8384371;12325
SK BB CR CHANGE PROTEC T/100ML;8516105;4815
SK BB CR CHANGE PROTEC T/50ML;8516097;3745
SK BB EAU MICELLAIRE NETT F/500ML;8516080;7600
SK BB GEL LAV CORPS/CHVX F/500ML;8516068;7500
SK BB HUILE MASS COR/CHV 250ML;1335501;10090
SK BB LAIT NETT HYDR F/500ML;8516074;9620
SK BB PACK CADO GRD FORMAT;8528568;29425
SK CLARIF CR F/50ML (SOIN ECL NUIT);8393105;18215
SK CLARIF LOT PREPARATRICE 250ML;8393097;8510
SK CLARIF.SER.INTENS.30ML;8393128;17780
SK COF COLLAG/CENTEL SER 1,5ML B/20;8394808;24720
SK COFFRET ANTI RIDE;1827221;15540
SK COFFRET ECLAIRCISSANT;1827241;21130
SK COFFRET PURIFIANT;1827251;15655
SK COFFRET SOLAIRE;1827231;8470
SK CON ECLAT VIT SER F/30ML(SOSKIN);8367444;17783
SK CON INTENS RECO CH.A. 1,5ML/20;1341861;20270
SK CONC.A.AGE 1,5ML AMP B/20;8544308;22600
SK CONC.APAIS CR F/30ML;8367533;10800
SK CONCENTRE ECL CR F/30ML(SOSKIN);8367645;18485
SK CR A-B RENOV MULTCIBL NUIT T/50M;8520791;13900
SK CR C-VITAL SOIN INT.A/RID 50ML;8516128;18040
SK CR CONC CTOUR YX F/30ML;8516275;18110
SK CR DENSIFYER V 50ML;1704531;16190
SK CR FOND.SPF50+ 125ML;8367272;9260
SK CR GLYCO-C SOIN CORR RID T/50ML;8520785;18500
SK CR GLYCOLIQ.PX NEUV F/50ML;8367510;14290
SK CR GOMM.CORP AHA T/250ML;8520779;14780
SK CR JR APAIS.40ML (SOSKIN);8367556;9010
SK CR LAV HYDRASEC 400ML;1704581;8795
SK CR NUIT APAIS 40ML (SOSKIN);8367527;8550
SK CR SUPER HYDR  F/40ML;8367467;10400
SK CR ULTRA EMOLLIENT F/500ML;8367585;14080
SK CREME TEINT COMP 21690;1657171;9000
SK CREME TEINT COMP 22690;1657181;9100
SK DEMAQ APAIS LAIT F/250ML(SOSKIN);8367355;6470
SK DEMAQ DX YX LEVR LOT 100ML;8516298;8560
SK DENSIFYER CREME F/50ML (SOSKIN);8367332;20945
SK DOUX NETT PURIF GEL F/250ML;8367361;6600
SK DOUX PEELING 75ML;8367473;11860
SK EAU MICEL.VIS/YX F/100ML;8516306;3330
SK EAU MICELL.VIS/YX F/250ML;8367409;4660
SK FILER CONTOUR YX SER T/15ML;8394777;14780
SK FILER CONTOUR YX SER T/30ML;8516329;18125
SK GEL CR MATIFIANT F/40ML;8367438;7560
SK GEL NETT MSSANT AKN P+ 250ML;1335441;8295
SK GELEE MICELL.DEMAQ.F/100ML;8520762;4555
SK GLYCO C CORR RID E F/30ML;1230301;16000
SK GOM BUST PARFAIT 500ML (FA);8509051;26745
SK HUIL MASSAGE BB CORP/CHVX 250ML;8560968;10835
SK INTENSIF DEPIG.GEL CR T/30ML;8516281;12660
SK KARITE LAIT MASSAGE 500ML (FA);8384425;22570
SK LAIT ECL.CORP/Z.SENS.150ML;8367622;13400
SK LAIT UNIF CORP/ZONE SENS.250ML;8367639;14820
SK LISSE ULT.COMBLANTE SER 15ML;8394783;14780
SK LOT DCE PURIF.F/250ML (P.M.G.);8367384;6210
SK LOT TONIQ F/250ML;8367378;6980
SK MASQ IMP HYD AP 3X10ML;1704551;13640
SK MASQ LISSANT DBL ACT;1827291;12595
SK MASQ SUPER HYD 75ML;1704561;6550
SK MASQ SUPER HYDR GEL F/60ML;8367450;12325
SK MASQUE PURIF CR F/60ML (SOSKIN);8367421;11860
SK MOUSS NETT MICELL 100ML;1657151;6210
SK MOUSS.NETT.CLARIF.100ML (SOSKIN);103154;7500
SK MOUSS.NETT.CLARIF.100ML (SOSKIN);8367674;10090
SK N-BTX SER CORRECT.RIDES 30ML;8520733;13550
SK OFFRE SLEEVE;1814381;7575
SK PACK BEBE MINI;1467011;17120
SK PACK BRONZE COFFRET/1;8560141;20000
SK PACK CORPOREL (BLEU);9012950;25000
SK PACK DUO HYDRATANT;1567621;11280
SK PACK DUO UNIFIANT;1567631;29638
SK PACK DUO VISAGE(EAU MICEL.);1413291;9960
SK PACK ECLAIRCISSANT P/1;8544314;35080
SK PACK GOLD COFFRET/1;8560135;34000
SK PACK HYDRATANT;1614351;19400
SK PACK NETTOYANT;1543791;13490
SK PACK PEELING/1;8544337;18500
SK PACK PURIFIANT ;8544320;15535
SK PAIN DERMAT PURIF 100GR;1529881;3420
SK PAIN EXFOL UNIF 100G;1776581;4320
SK PATCH PEELING YX 3X8ML;1657191;14010
SK PDRE MICRO EXFOLIANTE;1827271;6095
SK REPAR ECLAT LEVRE 4,5ML;1657161;7030
SK REPAR TEINT LEVRE 4,5 ML;1776571;7745
SK SAV DERMATO 100G;1859991;3040
SK SER AC HYALURONIQ.30ML;8384359;16310
SK SER CON.LIFT CT.VIS/COU 30ML;8367295;19100
SK SERUM DBLE CORRECTION F/30ML;1827181;11580
SK SOIN A/RIDE REGEN.NUIT CR 50ML;8367326;14330
SK SOIN ANTI VERG CR T/250L (SOSKIN;8367591;18485
SK SOIN ANTI-RIDES HYDR CR 50ML;8367303;17785
SK SOIN APAI HT TOL YX 15ML;1704571;8815
SK SOIN EMOL MULTIF 150ML;1704591;6010
SK SOIN HYD ECLAT VIT CR F/50ML;8367504;12130
SK SOIN HYDR PROT RICH 60ML;1410401;10650
SK SOIN PURI ANT 60ML;1773331;7810
SK SOIN REP AP CICA FORT;1704541;5720
SK SOL PERF.ANTIBRILL MAT 125ML;1531231;14290
SK SPF25 CLARIF FLUID F/60ML (SOSKI;8393111;18485
SK SPF25 FLUIDE CLARIF JR F/50ML;8516312;14515
SK SPF30 BAUM LEVR HYDR STICK T/4G;8384431;2695
SK SPF30 BAUM TEINT.STIC.LARG.T/10G;8384388;8470
SK SPF30 CC 3EN1 BEIGE SKIN 01/20ML;8394754;14780
SK SPF30 CC 3EN1 GOLD SKIN02 CR/20M;8394760;14780
SK SPF50+ AD/ENF CR F/125ML (SOSKIN;8367616;6775
SK SPF50+ BAUM THP STICK LARG T/10G;8509068;6775
SK SPF50+ CR SOL THP T/50ML;8384448;8180
SK SPF50+ HLE SOL THP SPR F/125ML;8384460;10165
SK STOP IMPERF.SERUM F/30ML;8520756;14820
SK TENSEUR BUSTE CR 150ML;8367579;14635
SK THERMO AMINCI GEL F/150ML(SOSKIN;8367562;11705
SK TONIFIANT DETOX HLE MASS F/500ML;8384419;32090
SK XERA.D BAUM RELIP 400ML;1529861;13065
SK XERA.D SAV SURG 100G P/2;1529871;5345
SKENAN LP 10 MG B/14;3332523;5090
SKENAN LP 30 MG B/14;3332691;10115
SKIACOL 0,5% CY F/0,5ML;3216290;8545
SKILAX GTTE BUV FL/15ML;2009465;1890
SKIN 2P BODY REPULS.SPR.30ML;8531694;3800
SKIN SUC CR FADE FOR REGULAR P/75G;8230998;6710
SKIN SUC EVENT.ULT FAD SER 30ML;8306388;9710
SKIN SUC LOT ANTI-DARK SPOT 250ML;1266680;7735
SKIN SUC.LAIT EVENT.FAD MILK 250ML;8231466;11500
SKIN SUC.LAIT HYDR 250ML;8231561;6300
SKIN SUC.LOT ACN.MED.CLEAN 236ML;8231621;7800
SKINET CR T/50G;8439304;2410
SKUDEXA 75MG/25MG CPR PELL B/10;8787382;5785
SLIDUM 100MG CPR B/30 (FA);8018502;2905
SLIMMING TEA SACHET B/20;5002133;12000
SMAK HUIL PARF H 50ML(ATTIR FEM);8323547;17050
SMECIP-T CPR PELL B/10 (CIPRO+TINI);8034257;2615
SMECTA 3G PDR BUV SACH/30;3192307;4420
SMECTA PDRE SACH B/10;2023904;1515
SMECTALIA 3G SACH/18 (DIARR AIG);4931379;7090
SMEDYL 3G PDR SUSP BUV SACH/30;8072973;3885
SMILE CARBON BDE BLANCH;9023132;35760
SMILOCID CPR CROQ.B/300 (ANTIACID);8085450;11335
SNORE FREE NOSECLIP;9018361;13000
SO WHITE ACNE MED.LOT PUR.250ML;8294768;6920
SO WHITE CR GOMMAGE F/250ML;8294662;7435
SO WHITE CR HYDRA SWEET POT 400G;8309932;10815
SO WHITE CR SKIN PERF.50ML;8260516;3200
SO WHITE F&W GEL DCHE EXF F/500ML;8294366;8425
SO WHITE F&W HUILE ECLAIRC F/250ML;8294550;7550
SO WHITE F&W LAIT MAXITONE F/250ML;8260746;7385
SO WHITE GEL CR SKIN PERF.30ML;8234861;3215
SO WHITE GEL DCHE EXF.GOM.940ML;8398166;9930
SO WHITE GEL DCHE FRAICH.F/1L;8358824;6110
SO WHITE LAIT HYDR.SWEET F/500ML;8260580;8105
SO WHITE LAIT SKIN PERF.500ML;8234795;8505
SO WHITE SAV GOM B/200G;8234832;3935
SO WHITE SER SKIN PERF.30ML;8234884;5110
SO WHITE SKIN PERFECTOR CR T/250ML;8250021;7490
SOCLAV 100/12,5MG PDR BUV 30ML;8095112;3295
SOCLAV 100/12,5MG/ML BUV 60ML;8095129;3885
SOCLAV 1G/125MG SACH/16(AMOX/AC CLA;8004629;8005
SOCLAV 500/62,5MG SACH B/16;8099601;6105
SODIUM CHL 0,9% AMP 10ML B/10 CIPH;8435016;3520
SODIUM CHL 0.9% AMP/10ML B/100 CPF;5654752;45915
SODIUM CHL 10%  INJ 10ML B/10 CIPH;8435022;4400
SODIUM CHL 10% AMP 10ML B/10 CPF;3199048;5015
SODIUM CHL 10% AMP 10ML B/10 LAVOIS;3634107;5850
SODIUM CHL 10% AMP B/10 UNITE CPF;2035497;4765
SODIUM CHL 10% AMP B/50 AGT;3669519;17930
SODIUM CHL 10% LAVOIS.B/10 UNITE;4025089;665
SODIUM CHL AGT 0,9% 10ML APP50;3669382;20660
SODIUM THIOSULFATE PUR 1KG;7431938;62060
SODROL 40MG PDR INJ B/1;8098234;1485
SOFCANIS  PDRE CROISSANCE F/400G;7392204;10095
SOFCANIS CPR ARTICULATION B/80;100405;44740
SOFFBAN 2,7M X15CM;6324511;900
SOFIA EDPV FEM F/83ML;2920460;12225
SOFO-LED 400/90MG CPR B/28;8436323;219010
SOFO-VEL 400/100MG CPR B/28;8436346;75475
SOFOPAS 400/90MG CPR B/28;8095810;119175
SOFOS 400MG CPR PELL B/28;8084166;79765
SOFT NATURE GEL LUBRIF T/60ML;8344638;4550
SOFTDROPS CY F/10ML;8080990;2480
SOIE D1,5 (4/0) 3/8C TR 20;8963330;1465
SOIE NOIRE AM DEC2 (3/0)3/8COURBE;9022440;1415
SOL DE FLUORESCEINE AL 60Ø0,1%125ML;90003110;955
SOL. FLUORESCEINE 1%. EAU/125CC;53010;810
SOL. FLUORESCEINE 2%. AL/60O FL/125;5279;855
SOL. FLUORESCEINE 2%. EAU 125CC;5345;1345
SOL. IODE IODE K2 125CC USAG EXTER;9001426;1890
SOL.ACIDE PICRIQUE 125ML;9000266;1905
SOL.BLEU METHYLENE 0,5% F/125ML;5109;1275
SOL.D'EOSINE 1% ALC.60ØFL/125CC;5167;1485
SOL.D'EOSINE 2% A L'EAU 60CC;5227;2160
SOL.D'EOSINE 2% ALC.60 FL/125ML;90163410;2060
SOL.DE MILIAN A L'EAU 125CC;5144;1805
SOL.DE MILIAN ALC.60ØFL/125CC;5084;1955
SOL.DE MILIAN AQUEUSE 1L;9000094;12265
SOLACIN 500MG CPR B/10 (LEVOFLOXA);8443524;6890
SOLACY GELULE B/45;3173959;4050
SOLACY PED.CPR B/60;3337154;8140
SOLASKIL 30MG COMP SACH/5;3117346;2295
SOLCER 40MG INJ B/1(OMEPRAZOLE);8063833;6230
SOLCER SR 20MG GEL B/28;8067831;6655
SOLEXIM 100MG/5ML PDR BUV/60ML;8020350;5540
SOLEXIM 200MG CPR B/10 (CEFIXIME);8020373;4465
SOLEXIM-N 50MG/5ML PDR BUV/60ML;8020344;3475
SOLFER FORTE GEL B/30;8446014;2410
SOLFER LITE 50MG/350MCG GEL B/30;8452813;2990
SOLFER LITE 50MG/350MCG SP F/200ML;8452842;2670
SOLFER SP F/200ML;8016472;2840
SOLG ZINC PICOLINAT 22CPR B/100;4037250;18720
SOLGAR LACTASE 3500UI CPR B/30;8400810;18370
SOLIAN 100MG CPR B/30;3487474;13055
SOLIAN 100MG/ML SUSP BUV F/60ML;3528701;56010
SOLIDEA SILVER WAVE CORSAIR T2;90129810;45000
SOLIFENAC 10MG CPR PELL B/30 MYL;30040812;7410
SOLIFENAC 5MG CPR PELL B/30 MYL;30040768;7410
SOLIFENACINE 5MG CPR PELL B/30 ACCOR;2755;7750
SOLIFENACINE ZENT 10MG CPR B/30;529;10920
SOLIFENACINE ZENT 5MG CPR B/30;1097;10060
SOLLIEVO PHYSIOLAX CPR B/45;4720204;11810
SOLO CARE AQUA COF.ECO.2X360ML;7869215;30140
SOLO CARE AQUA SOL LENT 360ML;7866582;20515
SOLTOP 0,05% CR T/30GR;8462415;1655
SOLUBACTER SOL EXT FL/150ML;3117814;2615
SOLUBACTER SOL EXT FL/400ML;3153974;4075
SOLUFORM AGET FE MULTIVIT SS CPR EFF B/20;8563470;2195
SOLUFORM AGETI MG VITB6 SS CPR EFFV B/20;8563441;2865
SOLUFORT LOT PX ACNE.100ML;8340126;2455
SOLUMEDROL 120MG AMP INJ B/1;3155281;4440
SOLUMEDROL 20MG FL INJ+SOLV B/1;3097170;1395
SOLUMEDROL 40MG FL INJ+SOLV B/1;3097187;1945
SOLUPRED 20MG CPR EFF B/20;3201466;4300
SOLUPRED 20MG CPR ORODISP B/20;3493687;4210
SOLUPRED 5MG CPR EFF B/30;3097520;2845
SOLUPSAN 500MG COMP EFF B/20;3247876;1530
SOLURONFL EMBOUT UNIVERS.4TAILLES;2562417;13000
SOLURONFL PASTILLE B/15;9998425;6560
SOLURONFL SPRAY F/15ML;8501227;7075
SOLUTAN C CR DERMIQ T/40G;8543958;2375
SOLUTAN C CR DERMIQ T/70G;8543958;2375
SOLUTAN C SOL BDB F/125ML;8307790;1320
SOLUTAN C SOL EXT F/250ML;8024626;1760
SOLUTE GLUCOSE 10% 250ML UBI;3832089;690
SOLUTE GLUCOSE 10% 500ML BRAUN;3606714;1295
SOLUTE GLUCOSE 10% 500ML FRESNIUS;3832132;825
SOLUTE GLUCOSE 10% 500ML PHARM;2023560;1045
SOLUTE GLUCOSE 10% AUXILLO IV 500ML;3636821;855
SOLUTE GLUCOSE 10% SOL PERF IV F/500ML ODHAV;5863754;965
SOLUTE GLUCOSE 30% F/500ML LAVOISIE;3058543;4015
SOLUTE GLUCOSE 5% 250ML CIPHARM;8426980;705
SOLUTE GLUCOSE 5% 250ML FRESNIUS;3831925;720
SOLUTE GLUCOSE 5% 250ML PHARM;2023548;910
SOLUTE GLUCOSE 5% 500ML FRESNIUS;3831960;1235
SOLUTE GLUCOSE 5% 500ML PHARM;2023554;950
SOLUTE GLUCOSE 5% 500ML UBI;8081624;990
SOLUTE GLUCOSE 5% 5D ACULIFE SOL INJ IV F/500ML;8720745;1380
SOLUTE GLUCOSE 5% F/500ML BRAUN;3606588;750
SOLUTE GLUCOSE 5% F/500ML CIPHARM;8179814;880
SOLUTE GLUCOSE 5% F/500ML MISSIONPHARMA;1517121;690
SOLUTE GLUCOSE AXADEX-D5 IV 5% IV  INJ F/500ML;3403761;945
SOLUTE NA 0,9%  500ML B BRAUN;3604916;795
SOLUTE NA 0,9% 250ML CIPHARM;8427011;705
SOLUTE NA 0,9% 250ML FRESNIUS;3831144;700
SOLUTE NA 0,9% 250ML PHARMIVOIR;2023577;825
SOLUTE NA 0,9% 250ML UBI (FA);8081653;785
SOLUTE NA 0,9% 500ML CIPHARM;9991666;965
SOLUTE NA 0,9% 500ML FRESNIUS;3831196;915
SOLUTE NA 0,9% 500ML PHARMIVOIR;2023583;945
SOLUTE NA 0,9% F/500ML ACULIFE;8720870;790
SOLUTE NA 0,9% F/500ML ODHAV;1937291;890
SOLUTE NA 0,9% IV  F/500ML AXALINE;3389361;950
SOLUTE PRE FL B/4;6692915;4845
SOLUTION DEFENSE NAT.5ML PRANAROM;6840149;4900
SOLUTION LENTIL.GILB.10ML B/30;3328511;3990
SOLUTRICINE TETRACAINE PAST/24;3686618;7310
SOLVAROME GEL MOUSS.200ML;7320630;8390
SOLVIT K3 PDRE ORAL SACH 100G;9330041;2525
SOM NUIT GEL B/20;8555542;5710
SOMATOLINE AMINC.INTENS.7NUIT;4785386;54340
SOMATOLINE COSMETIC-ANT-CELLUL GEL;8284356;19575
SOMATOLINE HOM.ABDO.TOP DEF.200ML;9651118;47410
SOMATOLINE HOM.VENTR/ABDO.150ML;9651124;41700
SOMATOLINE SPR TRAIT USE & GO 200ML;8002412;42030
SOMATOLINE TRAIT HANCH VENTRE 150ML;4785400;41060
SOMAZINA 1000MG SACH B/6;8073292;19040
SOMAZINA 1G AMP INJ 4ML B/5;2299977;28960
SOMAZINA 500MG AMP.INJ B/5;2031507;18885
SOMAZINA GTT FL/30ML;8016756;21130
SOMECID 40MG GEL B/10;1239772;2685
SOMECID-MPS 300/250/40MG SUSP BUV F/200ML;1239789;1790
SONDE ALIMENTATION N°16;9456871;1230
SONDE ALIMENTATION N°6;9006464;1230
SONDE ALIMENTATION N°8;8264388;1230
SONDE ALIMENTATON N°18;9026604;1230
SONDE D'ASPIRATION CH10 (NOIR);4004986;780
SONDE D'ASPIRATION CH12 (BLANC);4004992;920
SONDE D'ASPIRATION CH14 (VERT FONCE;4005000;920
SONDE D'ASPIRATION CH16 (ORANGE);9022658;1440
SONDE D'ASPIRATION CH18 (ROUGE);7114764;920
SONDE D'ASPIRATION CH6 (VERT CLAIR);4510028;850
SONDE D'ASPIRATION CH8 (BLEUE);9043264;920
SONDE FOLEY 3V CH20 BAL 30ML;2268008;2600
SONDE FOLEY 3V CH22 BAL 30ML;2268014;2340
SONDE FOLEY ENF 1,5-3ML CH6;9012453;1300
SONDE FOLEY ENF BAL 3ML CH8;8265063;1300
SONDE FOLEY ENF BAL 5ML CH10;8265086;1300
SONDE FOLEY HOM 10ML CH18 40CM;8311283;1410
SONDE FOLEY MIX CH10 PEN;8585141;1660
SONDE FOLEY MIX CH12 PEN;8585158;1660
SONDE FOLEY MIXT.H/F. CH16;8264230;1600
SONDE FOLEY MIXTE 10ML CH12 RR;8264218;1300
SONDE FOLEY MIXTE 10ML CH14;8264224;975
SONDE FOLEY MIXTE 10ML CH18;8264247;980
SONDE FOLEY MIXTE 10ML CH20 RR;8264253;1005
SONDE GAST DUO ST UU CH10;8254444;1040
SONDE GAST DUO ST UU CH12;8254450;1040
SONDE GAST DUO ST UU CH14;8264365;910
SONDE GAST DUO ST UU CH16;8264371;1040
SONDE GAST DUO ST UU CH6;8254421;1040
SONDE GAST DUO ST UU CH8;8254438;800
SONDE RECTALE PED CH18 (ROUGE);8265117;910
SONDE TRACH. UU BALL. 6,5MM;9023103;2600
SONDE TRACH.N2,5 UU BALL.(CH12);90336410;2340
SONDE TRACH.N5,5 UU BALL.(CH24);9009379;2340
SONDE TRACH.N6 UU BALL.(CH24);9035419;2340
SONDE TRACH.N7 UU BALL.(CH28);9030103;2610
SONDE TRACH.N7,5 UU BALL.(CH32);90230510;2300
SONDE TRACH.UU BALL 3MM;8235814;3835
SONDE TRACH.UU BALL.3,5;9009333;2340
SONDE TRACH.UU BALL.4MM(CH16);2003020;2300
SOOLANTRA CR 10MG T/30G;3002411;25225
SOPHIE LA GIRAFE-COFFRET EDT-EDT VAPO 50ML+PELUCHE;2753319;24730
SOPHTAL POS CY FL/10ML;3098040;1170
SOPRIDE 40/75MG GEL B/30;993422;7575
SORBICARAX CHIEN COMP B/24;6868716;2205
SORBISOL SOL LENTIL FL/240ML;3278724;3875
SORBITOL DELALANDE PDRE SACH B/20;3098169;9955
SORIATANE 10MG GEL B/30;3312639;22190
SORIATANE 25MG GEL B/30;3312674;69960
SOTADINE 0,5MG/ML SP F/60ML;1607491;2890
SOTADINE 5MG CPR B/15;1549941;3100
SOTALEX 160MG COMP B/30;3222563;5415
SOTALEX 80MG COMP SEC B/30;3181580;5225
SOTALOL 80MG CPR SEC B30 BGR;3579414;5120
SOTAMOX 1000/200MG INJ IV B/1;8053697;2065
SOTASEC FL 1000 D;90242110;1495
SOUFRE COUCH SIROP F/100ML;8623232;2290
SOUFRE MENTH PASTIL.TX B/12;1457151;1990
SOUFRE USAGE EXTERNE 1KG;9022782;11960
SOULADO CPR B/6;4211834;895
SOULADO PLUS CP B/6(DICLO+PARA+CHLO;4211952;2645
SOVENTUS JUNIOR SP F/60ML;8490788;2895
SOVENTUS SP F/100ML;8490771;3980
SP LIC 525MG CPR SEC B/3;2297085;530
SP VERMES POT 1KG;9004821;12960
SP VERMES SACH 100GR;9004809;1640
SP-POWER GEL B/30;8719848;13440
SPAGULAX MUCILAGE PUR GLE 700G;3098471;8420
SPAGULAX MUCILAGE PUR GLE B/20;3406435;10425
SPAGULAX PDR EFF 5G B/20;3406955;5370
SPAGULAX PDR EFF SANS SUCRE B/20;3600516;4600
SPARADRAP EXT UBIFIX 10CMX2M B/1;8651174;1130
SPARADRAP LABELL PERF 3MX18CM;8284008;4265
SPARADRAP LABELL PERF 5MX10CM;8291161;3920
SPARADRAP LABELL PERF 5MX18CM;8291178;6520
SPARADRAP LABELL PERF 5MX5CM;8283977;2445
SPARADRAP LABELL UNI 5MX1,25CM;8283954;680
SPARADRAP LABELL UNI 5MX2CM;8283960;965
SPARADRAP LABELL UNI 5X5CM;8283948;1895
SPARADRAP PERF 5MX18CM PHD;9200077;6570
SPARADRAP PERF PHD 5CMX5CM/1;1887831;2340
SPASCOL 80/500MG CPR B/20;8456455;2010
SPASFON AMP INJ 4ML B/6;3098583;3290
SPASFON CPR B/30;3098608;2465
SPASFON LYOC 80MG CPR ORAL B/10;3186301;2860
SPASFON SUPPO B/10;3098614;2535
SPASFON-LYOC 160MG CPR B/5 TEVA;4168624;2860
SPASFON-LYOC 80MG B/10 TEVA;9318630;2815
SPASM;8427241;2205
SPASMA-CALM 80/250MG CPR B/10;8486462;2085
SPASMAG GELULE B/60;3236909;8175
SPASMARIX 40MG CRP B/20;8476340;965
SPASMARIX 80MG CPR B/20;8476357;1860
SPASMEX 150/150MG SUPPO B/6;8062093;1350
SPASMEX 40MG IM/IV SOL INJ 4ML B/10;8062087;4715
SPASMEX 80/80MG CPR B/10;8062064;740
SPASMO-APOTEL 500/10MG CP B/20;8011552;3885
SPASMO-APOTEL 600/20MG INJ AMP/3;8011575;5540
SPASMO-APOTEL 800/10MG SUPPO B/5;8011606;2645
SPASMOBUTINE SUSP BUV 250ML;2285805;2760
SPASMOCALM 80MG CPR ORO B/20;3751126;2865
SPASMOL 150MG SUPPO B/10;9995214;2205
SPASMOMEN 40MG CPR B/30;8011233;6280
SPASMOSYL 150MG SUPPO B/10;8415999;2065
SPASMOSYL 40MG/40MCG IV/IM A/4ML/6;8416013;2355
SPASMOSYL 80MG CPR OROD B/20;8416007;2065
SPASMOTROY 80MG CPR B/20;8022099;2920
SPAZOMINE 80/250MG CPR B/20;8436174;2785
SPECIAFOLDINE 0,4MG CPR B/28;3615570;4870
SPECIAFOLDINE 5MG CPR B/20;3040891;3200
SPECIAL KID APPETI+ SP F/125ML;2578874;4500
SPECIAL KID CA MG ZC VIT D&K F/125ML;1714391;5070
SPECIAL KID CA+VIT D F/125ML;1714381;5290
SPECIAL KID IMMUNITE SP 125ML;8661416;5300
SPECIAL KID MULTIVIT.F/125ML;8368403;4495
SPECIAL KID NEZ/GORGE SP 125ML;8368395;4485
SPECIAL KID NUTRI+ SP F/125ML;8623976;4500
SPECIAL KID SOMMEIL SP 125ML;8504792;4485
SPECIAL KID SOULAG'DOUX SP 125ML;8368372;4500
SPECULUM VAGIN.MED/1 BALISA;8326020;635
SPECULUM VAGINAL STERIL UU PM/1;8276500;555
SPECULUM VAGINAL UU GM B/1;8276492;670
SPEDIFEN 400MG CPR B/12;3625189;7665
SPEDRA 100MG CPR B/12;2759551;74290
SPEDRA 100MG CPR B/4 (AVANAFIL);2759539;21750
SPEDRA 200MG CPR B/4;2759568;54400
SPEDRA 50MG CPR B/8;2759491;25240
SPEKTRUM 50+ CPR B/30;8398516;7270
SPEKTRUM ENERGY CPR B/30;8347559;7455
SPEKTRUM IMUNACTIV CPR B/30;8347565;7545
SPERMAD CPR B/30;8631125;9995
SPIFEN 200MG CPR B/30(IBUP/ARGININE;3608191;1680
SPIFEN 400MG CPR PEL B/20;3625137;3645
SPIFEN 400MG GLE SACH B/20;3475092;2590
SPIGELIA ANTHELMINA 5 CH GR;693078;1135
SPIRACARE 1,5MUI CPR PEL B/16;8068204;3585
SPIRACARE 3MUI CPR PEL B/10;8068233;3240
SPIRACOLI-H 5 LITRES;9027006;201395
SPIRAEA FILIP.TM 60ML;9000036;3490
SPIRALIDE 3MUI CPR B/10;8000726;4990
SPIRALIDE 3MUI CPR B/16;8000548;6020
SPIRAZOLE 0,75MUI/125MG CP B/30;8018034;7740
SPIREX PLUS 1,5MUI/250MG CP B/20;8440537;5925
SPIRIVA 18MCG PDR INHAL.GEL/30;3686920;21380
SPIRIVA RESPIM 2,5MG/DOSE S INH CART/60;1078;38140
SPIROMIDE 50MG/40MG CPR B/30;8498778;6490
SPIRONOLACTONE 50MG CPR B/30 ARW;3830765;3050
SPIRONOLACTONE ALTIZ.CP/30 BGR;3496616;3385
SPIROVET F/100ML;9004293;15025
SPIRULINE 400MG GEL B/120;8721265;10360
SPIRULINE 400MG GEL B/40;8721271;4090
SPIRULINE PDRE 30GR;8144626;5120
SPLAT ACTIVE DENT F/100ML;3836925;5105
SPLAT BDB BIOCALCIUM 250ML;8555996;3260
SPLAT BDB MEDIC.HERBS 250ML;8556010;3260
SPLAT BDB WHITE PLUS 250ML;8556004;3260
SPLAT BIOCALCIUM DENT.100ML;8555826;5030
SPLAT BLACKWOOD DENT.75ML;8555861;6060
SPLAT EXTREME WHITE DENT.75ML;8555915;6060
SPLAT GINGER PATE DENT.75ML;8555884;6060
SPLAT JUNIOR BUBBLE GUM 73G;1332750;3260
SPLAT JUNIOR MANDARINE 73G;1332773;3260
SPLAT KID BERRY COKT.PATE DENT.55ML;8555944;3260
SPLAT KID SWEET TANG PATE DENT.75ML;8555938;3260
SPLAT MAGNOLIA PATE DENT.75ML;8555878;4385
SPLAT MEDIC.HERBS PATE DENT.100ML;8555855;5030
SPLAT NORDIC BERRIES PATE DENT.75ML;8555921;4995
SPLAT ORAL CARE ALOE V.MSSE 50ML;8555967;4730
SPLAT ORAL CARE MINT MSSE 50ML;8555950;4730
SPLAT ORAL CARE RASPBERRY MSSE 50ML;8555973;4730
SPLAT ORGANIC PATE DENT.75ML;8555890;3955
SPLAT SENSITIVE PATE DENT.100ML;8555832;5030
SPLAT ULTRACOMPLEX PATE DENT F/100ML;3681725;4350
SPLAT WHITE PLUS PATE DENT.100ML;8555849;4350
SPORALIM LOTION FL/30ML;2029077;1365
SPORILINE 1% LOT DERM F/25ML;3099200;3680
SPORILINE LOT DERM FL/10ML;3099217;790
SPORTENINE CPR T/33 (3TUBES);6452051;11760
SPRAY ANTI ACARIEN 150ML PRANAROM;9027414;16290
SPRAY ASSAINISSANT 150ML PANAROM;120738;16800
SPRAY SOMMEIL 100ML PRANAROM;9040113;16800
SPREGAL AEROS.FL/160GR;3321851;20570
SQUAPHANE SH FL/125ML;7085873;9470
STABILIUM 200MG B/30 CAPS;6287221;10645
STABLON 12,5MG COMP B/30;3293391;8800
STAGID COMP B/100;3192767;7595
STAGID COMP B/30;3192750;3700
STALLERGENE MRV COFFRET;3117122;18225
STALPARA 10MG/ML PERF F/100ML;1978531;1495
STAMINA GELULE B/30;8236883;11730
STAMIVIT CAPS MOLLE B/30;8360962;2295
STAPHYPEN 125MG SIROP FL/100ML;2268037;3240
STAPHYPEN 1G INJ B/1;8638995;2160
STAPHYPEN 250MG SP F/100ML;2268043;4520
STAPHYPEN 500MG G B/20 (DECAPITER);2029143;4370
STAPHYPEN 500MG GEL B/20;8032867;3460
STAPHYSAGRIA 30CH DOSE;8826314;945
STAPHYSAGRIA 7 CH GR;701091;1255
STAR BALM FAST COLD GEL T/100ML;9823074;4725
STAR BALM FAST COLD SPR F/150ML;9823080;5090
STAR BALM LIQ MASSAGE F/50ML;4871708;4180
STAR BALM MASSAGE LOT F/200ML;9780896;5660
STAR BALM MUSCUL.LOT SPR 150ML;7165023;5090
STAR BALM WARM MUSC/ARTIC GEL 100ML;9823068;4910
STAR BALM WARM STICK/50ML;8504409;5090
STARPEN 1000 COMP ENR B/12;8421563;2340
START DEOD ATO FRAIS 200ML;8293906;2885
START MOUSSE A RASER P GRASSES;8639629;3635
STATER GRAN.B/15 ;8517292;33675
STATINOR 10MG CPR PELL B/30;8060183;9260
STATINOR 20MG CPR PELL B/30;8060220;12015
STATINOR 40MG CRP PELL B/30;1216765;17250
STATION MOBIL D'OXYGEN 3-5L;9025094;536900
STATURIC 40MG CPR PELL B/30;8458000;11020
STATURIC 80MG CPR B/30;8458017;15155
STAYONG PLUS GEL B/30 (MULTIVIT+MIN;8075049;3030
STEDIRIL CPR PL/1X21;3099619;1160
STEDIRIL CPR PL/3X21 (FA);3099625;3270
STERADENT CP B/30 ANTI-TARTRE;6316371;6430
STERADENT CP B/60 ANTI-TARTRE;6316388;13260
STERADENT CP B/90 ANTI-TARTRE;6240633;17510
STERADENT CR FIXATIVE T/40ML;6637767;7640
STERDEX PDE OPHT CAPS B/12;3138414;3030
STERICEF 1G INJ FL+AMP 10ML B/1;2297990;2095
STERILANC EASY DRIP AIG 4MM B/100;2483772;12750
STERILANC EASY DRIP AIG 6MM B/100;2483773;12750
STERILANC EASY DRIP AIG 8MM B/100;2483774;12750
STERILET GYNELLE 375 CUIV;7356059;28185
STERILET LYDIA CU 375 SLEEK;9002466;1015
STERILET LYDIA T CU 380A COPPER;9008434;885
STERILET LYDIA T CU 380A SAFELOAD;9012571;900
STERILET LYDIA Y CU 380 COPPER;9007951;1195
STERILET MIRENA;3585633;80600
STERILET MONA LISA CU T 380A QL;4506788;33480
STERILINE PLUS SPRAY F/250ML;8070649;3630
STERILINE SOL ANTISEPT F/250ML;8307347;1995
STERILUX COTON C DEMAQ B/45;96701;3645
STERILUX COTON DISQ DEMAQ B/70;96703;2975
STERIMAR BB HYG SOL NAS AERO F/100ML;9556667;5080
STERIMAR BEBE SOL NAS F/50ML;4647626;3815
STERIMAR CU AEROS.F/50ML;7362611;4200
STERIMAR HYG/CONF NAS SOL/50ML;7266497;3515
STERIMAR HYPERT.CU SOL NAS 50ML;6407062;4340
STERIMAR MN AEROS.F/50ML;7362628;4200
STERIMAR NEZ B.NN/ENF NAS/50ML HYPE;8329610;4450
STERIMAR NEZ SENSIBLE F/50ML;1549261;4970
STERIMAR SOL NAS AERO 100ML;7091856;4850
STERIMAR SOUFRE F/50ML;7688376;3235
STERIMAR STOP S NEZ A INF F/20ML;97788;2880
STERIMAR STOP S NEZ ALL F/20ML;97771;2880
STERISTRIPS 6MM X 100MM R 1546S;6603975;3460
STERITAX 1G/500MG PDR INJ+SOLV/1;8057382;3445
STEROGYL 15A SOL ALC AMP BUV/1;3099832;1760
STEROGYL 15H SOL HUIL BV/INJ/1;3099855;1975
STEROGYL GTTE BUV FL/20ML;3099826;1940
STETHOSCOPE DUAL HEAD EB500 ROSSMAX;2483768;26000
STETHOSCOPE SPENGL DBL PAV 1TUBE;9023178;32500
STETHOSCOPE SPENGL DBL PAV 2TUBES;6114420;50000
STILNOX 10MG CP B/14;3465857;3970
STILNOX 10MG CPR B/7;3390361;2060
STIMOL 1G SACH PDR EFF B/18;8076250;5580
STIMOL AMP BUV 10ML B/18;8076327;5495
STIMOL S.BUV SACHET B/18;1577041;5370
STIMULGIC SOL BUV F/60ML;8618969;9490
STODAL GRANULES 2XT/80;3336195;10500
STODALINE SP SS F/200ML;3100067;11100
STOP SMOKING 30ML;9023959;9500
STORVAS 20MG CPR B/30;8098955;8595
STRAPPAL 10MX4CM BAND ADH RIGID;6174391;8530
STREFEN 8,75MG PAST SANS SUC B/16;3000242;7190
STREFEN 8,75MG PAST SUC B/16;3543600;8860
STREPSILS CITRON SS B/24 PASTILLES;3741346;9115
STREPSILS CITRON SS PAST B/16;1198431;2760
STREPSILS LIDOC.B/24 PASTILLES;3529511;11045
STREPSILS MENTH GLAC PAST B/24;3203778;8710
STREPSILS MIEL CITRON B/24 PASTILLE;3322661;9115
STREPSILS PAST FRAISE B/24 SS SUCRE;3741211;8885
STREPSILS VIT C ORANG PAST B/24;3695474;13535
STREPSILS VIT C ORANGE PAST B/24;3695474;8290
STREPTOPEN 25/20 INJ F/100ML;6849854;8100
STRESAM GELULE B/24;2029864;2620
STRESS-VITA F/100ML;9002271;3005
STRIMIDE 2,5MG CPR B/28 (INDAPAMIDE;8493172;6630
STRIMOL EXTRA CP B/20;4215849;1750
STRIPREGA 75MG GEL B/30;8788022;7575
STRIPRIL 10MG CPR B/30;8003587;5540
STROMECTOL 3MG CPR B/20;35238917;122330
STROMECTOL 3MG CPR B/4;3523885;16445
STRUCTUM 500MG GELULES B/60;3546432;11985
STUDIO LINE GEL FIX FORT 150ML;6598895;6965
STURIX 500MG SOL INJ AMP/5ML B/5;8742439;6300
STYLO-LAMPE;9023994;10740
SUBSTANCE VISCO ELASTIQ 2ML;8226376;6950
SUCRAFIL O GEL SUSP F/100ML;8093917;2575
SUCRAFIL SUSP BUV F/200ML;8093900;3855
SUCREDULCOR CPR EFF B/260;7296920;2970
SUCREDULCOR CPR EFF B/600(FA);8325049;5510
SUCRETTES B/350 (SACHARINE) 25G VI;9939167;7765
SUCRETTES CPR B/350 (SACHARINE);9939173;8020
SUCROFER 100MG/5ML SOL POUR PERF AMP B/5;8472201;17355
SUFIX 200MG CPR PELL B/10 (CEFIXIM);8050351;4990
SUGAR BALANCE TEA SACHT B/20;5002127;12000
SULBACEF 1,5G PDRE SOL INJ/10ML;8462533;4135
SULFA 33% KELA F/500ML;3487965;8435
SULFARLEM S 25MG CPR B/90;3027029;6620
SULFARLEM S-12,5MG CPR B/60;3101109;3335
SULFARLEM S-25 CPR B/60;3117820;2725
SULFATE DE CUIVRE SACH/1KG;9023296;5605
SULFATE SODIUM B/20 SACH UNITE;6261799;1100
SULFOBACTIN 500MG CPR B/20;8043138;6845
SULFOTHIORINE PANT.AEROS.B/6 AMP.;3101457;3165
SULFOTHIORINE PANTO COMP B/48;3101463;3165
SULFUR 7 CH GR;1712091;1190
SULIAT 160/10MG CPR B/28;1935291;16590
SULIAT 160/5MG CPR B/28;1935311;15750
SULIAT 80/5MG CPR B/28;1935321;12140
SULRID 50MG COMP B/20;8050256;3280
SULTRIM FORT 960MG CPR B/10;8034688;1000
SULVORID 25MG CPR B/20;1240204;4820
SUMAMOX 200MG/5ML SUSP F/20ML;1424401;3200
SUMAMOX 500MG CPR B/3;1424411;3445
SUMAMOX 500MG CPR SEC B/3;8458632;3445
SUMTAX 400MG CPR B/5;8479309;5510
SUNAVEINE 120MG IV PDR INJ B/1;8441324;2480
SUNAVEINE 60MG IV PDR INJ B/1;8441318;1445
SUPAFEN 400/300MG CPR B/10;8094851;980
SUPER BOOST  MULTIVITAMINE 1L;9017344;9940
SUPER BOOST  PONTE 1KG;9048971;17040
SUPER BOOST CONCENTRE ORAL 1L;9012766;12640
SUPER BOOST LAPIN 1KG;9018585;17040
SUPER BOOST MULTIVITAMINE 100G;9033260;3550
SUPER BOOST MULTIVITAMINE 500G ;91202510;12780
SUPER BOOST PORC 1 KG;9026952;17040
SUPER BOOST POULET 100G;9025013;2840
SUPER BOOST POULET 1KG;9043301;17040
SUPER BOOST PROBIOTIQUE 1KG;9042572;14910
SUPER BOOST VOLAILLE 1KG;9013205;17040
SUPER CAL ZINC CPR B/20 MEPACO;8218000;3645
SUPER LAYER 1KG;9029548;17115
SUPERLEVURE 100G CP REF 7004;8504817;3180
SUPERSTAT 10MG CPR PELL B/30;8059731;8020
SUPERSTAT 20MG CPR PELL B/30;8059748;10775
SUPERTRAZ 12,5% BIDON 1L;8457118;8310
SUPERTRAZ 12,5% F/100ML;9034006;1250
SUPERWHITE DENT ORIGIN AD T/75ML;8388311;3085
SUPERWHITE MINI MENT PAST.B/50;7746180;1200
SUPIROCIN PDE T/15G;8078013;4010
SUPIROCIN PDE T/5G;8077982;1505
SUPPLIN 250MG COMP B/20;2023620;2700
SUPPLIN 500MG COMP B/20;2023637;3030
SUPPLIN 500MG PERFUS FL/100ML;2023614;3075
SUPPO GLYCERINE BB B/10 GILB;6670658;1445
SUPPO GLYCERINE ENF B/10 GILB;6670641;1720
SUPPOMIDY B/10;3067648;1670
SUPPORT BIOT.B/5 F24075 UNITE;6070616;3930
SUPPORT BIOTR S2 2PROT 24250 UNITE;7486253;5025
SUPPORT BIOTR S2 2PROT 24275 UNITE;7068691;3930
SUPPORT BIOTR S2 PROT 24035 UNITE;7486201;4360
SUPPRESTAL INJ F/5ML;6850113;5760
SUPRABIOTIQUE GEL B/8;8397936;3200
SUPRADOL 325MG/37,5MG GEL B/16;8068948;1740
SUPRADYN B CPR EFF B/20;6652512;22795
SUPRADYN BOOST CPR B/10;8830505;3930
SUPRADYN BOOST CPR EFF B/20;4665251;22130
SUPRADYN CITRON CPR EFF B/10;3482330;3925
SUPRADYN INTENSIA CPR B/30;7834702;12485
SUPRADYN INTENSIA CPR EFF B/30;7759892;24510
SUPRADYN INTENSIA STICK B/20;96921;18850
SUPRADYN MAGNES.CP EFF/30;7988262;33390
SUPRADYN VITAL 50+ SPECI FEMME;5432543;19550
SUPRALER 5MG CPR B/14;8069770;3470
SUPRALER 5MG CPR B/28;8000057;6915
SUPRALOX SUSP BUV F/250ML;3301676;3570
SUPRAMEN PERFORMANCE SEX RAPIDE GEL/10;8595180;16205
SUPRAVITAMINOL W.S SACH 100 G;9023534;3655
SUR-BLOUSES;9018935;5200
SUR-CHAUSSURES;90194110;9750
SURAXIM 200MG GEL B/8;8479947;3540
SURCHAUSSURE P/100;8552176;13000
SURDEX 500/30/5/2MG CPR B/12;8451831;1380
SURDEX SP F/60ML;2038811;1225
SURECURE 0,1% GEL T/30G;8453304;3680
SURELEN AD AMP BUV 5ML B/10+10;3102178;4110
SURGAM 100MG COMP B/30;3177928;3885
SURGAM 200MG COMP B/20;3249705;4755
SURGESTONE 0,500MG CP B/10;3313314;9330
SURGICEL 10CMX20CM P/12 UNITE;9013441;29250
SURGIDERM 24XP;9991854;164870
SURGIFIX CEINT OMBILIC.BB;6599297;1530
SURGIFIX MAIN BRAS PIED TU (FILET);6510558;10190
SURGIFIX NØ8 THORAX;6599328;4385
SURMATELAS A EAU 65X85CM PHARMA O;9007498;100720
SURMENALIT 200MG CPR B/30;2031269;4410
SURPRISE DU WEEK-END ;29052026;100
SURQUINA 250MG CPR SEC.B/18;8016851;2950
SURVECTOR 100 COMP B/20;3202804;6660
SURVIDIM 2,36GR B/10 UNITE;9050318;380
SURVIDIM 23,6GR B/10 UNITE;9009072;2995
SUSPENSOIR FRELLY T/6;6167758;13940
SUSPENSOIR FRLLY 1 POCH NØ10;6167793;13880
SUSPENSOIR FRLLY 1 POCH NØ11;6182019;13880
SUSPENSOIR FRLLY 1 POCH NØ12;6167801;13880
SUSPENSOIR FRLLY 1 POCH NØ14;9022894;13880
SUSPENSOIR FRLLY 1 POCH NØ9;6167787;13880
SUSPENSOIRS FRELLY T5;6167741;13940
SUSSLI SUCRETTES P/1200;1225899;5560
SUTENT 50MG GEL B/28 (CYTO);3821045;5439250
SUTRAMAX SPRAY F F/15G;8587743;3585
SUTRILNEO 10MG CPR B/30(TORASEMIDE);8005103;4475
SUTRILNEO 5MG CP B/30;8005089;2715
SUVITA SP F/125 ML;8495165;2520
SVR AMP C F/30ML;1723471;28320
SVR AMP LIFT F/30ML;1723431;28320
SVR AMP PROTECT SPF30 F/30ML;1787291;28700
SVR CICAVIT + CREM F/40ML;4450214;7330
SVR CICAVIT+ CR REPAR ANT-MARQ 100M;4450220;16230
SVR CLAIRIAL AMP F/30ML;1712191;29690
SVR CLAIRIAL C10 CR DEPIG.T/50ML;8138258;35810
SVR CLAIRIAL CR SPF50 INV F/40ML;1706271;23600
SVR DENSITIUM 45+CONT.YEUX 15ML;4792854;28890
SVR DENSITIUM 45+CR RAF RIDE 50ML;4792877;46210
SVR DENSITIUM 45+CR RICH P/50ML;4792883;47320
SVR EAU MICEL SEBIACLEAR F/400ML;8133249;18465
SVR EAU SOLAIRE SPF50 F/200ML;1675861;24540
SVR EMUL CR A L'ALANTOINE PX S 50ML;6045357;6435
SVR HYDRALIANE RICHE CR HYDR F/40ML;6449741;6575
SVR PHYSIOPURE EAU MICEL F/200ML;8133077;6930
SVR PROMO SEBIA EAU MIC F/400ML;1871671;13960
SVR SEBIACLEAR ACTIVE GEL F/40ML;1669531;8600
SVR SEBIACLEAR AMP FLASH F/30ML;1688631;21540
SVR SEBIACLEAR CORPS F/150ML;1869831;11960
SVR SEBIACLEAR CR LAV F/200ML;1801611;10290
SVR SEBIACLEAR CR MAT+PORES 40ML;8133284;7810
SVR SEBIACLEAR CR SPF50+ T/40ML;1669141;9580
SVR SEBIACLEAR CREM HYDRA 40ML;6016786;7810
SVR SEBIACLEAR EAU MICELL FL/400ML;8133249;8570
SVR SEBIACLEAR GEL MOUSS 200ML;1801591;6310
SVR SEBIACLEAR GEL MOUSS 400ML;1792161;11520
SVR SEBIACLEAR MICRO PEEL F/150ML;1637681;11480
SVR SEBIACLEAR SERUM 30ML;6100036;15540
SVR SENSIFINE HYDRA CR F/40ML;6009110;12500
SVR SPIRAL EXTREME  BILLE F/20ML;6025632;8100
SVR SPIRIAL CR T/50ML;2054164;8100
SVR SPIRIAL DEO GEL DCHE F/200ML;6100009;7970
SVR SPIRIAL DEO SOIN ANT-TRANS 50ML;2054158;10000
SVR SUN DECUR FLUI SPF50+F/50ML;6016778;12220
SVR SUN SEC FLUI SPF50+ 50ML;9056640;12220
SVR TOPIALYSE BAUM PROT+400ML;1650121;20800
SVR TOPIALYSE BAUME LAV F/400ML;6006074;12560
SVR TOPIALYSE CR LAVANTE 200ML;9879867;7140
SVR TOPIALYSE CR T/200ML;9879844;12160
SVR TOPIALYSE CREME F/400ML;6021580;14720
SVR TOPIALYSE GEL LAVANT 400ML;1525061;8270
SVR TOPIALYSE GEL LAVANTE 1L;8138181;14650
SVR TOPIALYSE GEL LAVANTE F/200ML;1669511;4550
SVR TOPIALYSE HLE LAVANT MICEL 1L;1466721;21850
SVR TOPIALYSE HLE MICEL F/200ML;1722181;8750
SVR TOPIALYSE HLE MICEL F/400ML;6100015;11480
SVR TOPIALYSE PROMO 2X400ML;7027277;20160
SVR XERIAL 10 LAIT CORP 200ML;9556549;12250
SVR XERIAL 10 LAIT CORP F/400ML;8138212;17730
SVR XERIAL 30 CR A.RUG/P.INC 100ML;9556584;8485
SVR XERIAL 30 CR PIED T.SECS F/50ML;8140717;8550
SVR XERIAL 5 EMUL VIS HYD T/50ML;9556420;12870
SVR XERIAL 50 EXTR CR PIED 50ML;8138235;10120
SVR XERIAL CREVASS REPAR T/50ML;6003127;8670
SVR XERIALINE 400 EMULS 400ML;7376530;7740
SWESO 40MG CPR B/30;8462160;5235
SWICET-L 5MG SP F/60ML;8456538;1735
SWICH 200MG CPR B/10 (CEFPOD.PROXET;8017715;7880
SWICH DRY PDRE SUSP BUV F/60ML;8496816;5510
SWILIDE 500MG CPR PELL B/3;8456521;4750
SYMBICORT TURB.200/6MCG 120DSE;3565843;18075
SYMBICORT TURB.400/12MCG 60DOSES;3599730;18045
SYMBICORT TURBUH 100/6MCG 120DOSES;3565820;13805
SYMBIOSAL 120/80 SEL REGIME P/125G;8669398;6615
SYMPATHYL CPR PELL B/40;3486210;2590
SYMPHYTUM OFF 6DH BUV 60ML;3071754;3595
SYNACTHENE IMMEDIAT 0,25MG INJ B/1;3182869;8985
SYNACTHENE RET 1MG INJ B/1;3102586;3015
SYNALAR CREME DERM T/15G;3102600;1430
SYNALAR GRAS POM DERM T/15G;3102623;1400
SYNCRO-P PMSG 400UI 5X3ML;4035811;22140
SYNERGON AMP INJ 1ML B/3;3102801;2270
SYNJARDY 12.5MG/1000MG B/60;3001807;52400
SYNRIAM 150MG/750MG CPR B/3;8061099;3075
SYNRIAM DT 37,50MG/187,50MG CPR DISP B/3;8488372;1240
SYNRIAM DT 37,50MG/187,50MG CPR DISP B/9;8488395;3445
SYNRIAM DT 37,50MG/187,50MG DISP B/6;8488389;2275
SYNTHOL BDB F/150ML;256;8020
SYNTHOL KINE GEL MASSAG T/75ML;9929163;5930
SYNTHOL KINE PATCH CHAUF.B/2 MOY;4555290;6745
SYNTHOL KINE PATCH CHAUF.GM 8H B/2;8311219;8920
SYNTHOL KINE ROLL ON 50ML TENS.MUSC;8310071;10750
SYNTHOL SOL EXT FL/225ML;3102882;16010
SYNTHOL SOL EXT FL/450ML;3102959;2520
SYNTOCINON 5UI AMP 1ML B/10;5621988;4395
SYNTOCINON 5UI AMP INJ 1ML B/3;3103019;1490
SYSCHOL 500MG CPR B/30;8484948;13335
SYSTANE BAL.GTT OCUL.LUB.10ML;5437210;11755
SYSTANE ULTRA GTT OCUL.LUBR.10ML;5163103;12805
SYSTANE ULTRA GTTE OCUL LUB B/30UNI;5202694;14450
T;8345371;10600
T AFENAC 100/500/375MG CPR B/100;8075380;11600
T CET 10MG CPR B/100;8019915;11575
T MEDAZOL 500MG CPR SEC B/2;8075339;720
T VAGIMYCIN 100/200/200MG OV B/3;8072499;4300
T-DOL 100MG/ML IM/IV SOL INJ B/2;8029865;1545
T-DOL P RAPID 37,5/325MG CPR B/10;8425526;2480
T-DOL RAPID 50MG CP DISP B/10(TRAMA;8074995;2370
T-FER CPR B/30;8402123;2315
T-FER SP F/200ML;8005362;2080
TABLE DE CONSULTATION;9032421;226560
TABLET ANTI-SEASICK 60 S;1740093;1
TABLET ANTI-SEASICK 60'S;117400;6860
TABLIER EN PE P/100;9027874;16400
TABOURET A HAUT VARIABLE;9032438;92040
TADAGEN 20MG CPR B/1 (TADALAFIL);8099825;5540
TADAL 20MG PELL SEC B/3 (TADALAFIL);8068546;1490
TADAL DENK 20MG CPR PELL B/4;8444386;8610
TADALAFIL 10MG CPR PELL B/4 BGR;3009971;4820
TADALAFIL 20MG CPR B/4 BGR;1253451;5240
TADALAFIL 20MG CPR B/8 MYLAN;9300086;56420
TADALAFIL 20MG CPR PEL B/4 MYLAN;30007693;27740
TADALAFIL 5MG BIOG CPR B/28;3009968;54240
TADALAFIL 5MG CPR B/28 LLF;3008746;69095
TADALAFIL 5MG CPR B/28 MYLAN;3000762;16900
TADALAFIL 5MG CPR P B/28 ZENTIVA;122570;24855
TADALAFIL KRKA 5MG B/28;3008965;11655
TADALAFIL SDZ 20MG B/8;3010041;31980
TADALIS 20MG CPR B/4 (TADALAFIL);8438977;12430
TADAM PROT LINGERIE NORM B/24;8722230;2780
TADAM SERV DERMO MAXI LONG B/16;8705533;2780
TADAM SERV DERMO ULTRA NORMAL B/28;8705473;4910
TADAM SERVIET DERMO ULTRA B/12;8705510;2780
TADAM SERVIET DERMO ULTRA N B/16;8705467;2780
TADAM SERVIETTES D M NORMAL/18;8705527;2270
TADAM SERVIETTES DERMO ULTRA SUPR B/12;8706496;2780
TADAM TAMP DERM SENS MINI/16;8705556;3240
TADAM TAMP DERM SENS NORM B/16;8705562;3965
TADAM TAMP DERM SENS SUPER B/16;8705579;3965
TADAM TAMP PROTEG LING NORM B/20;8722224;2780
TADAMAN 10MG CPR B/8;8134651;8610
TADAMAN 20MG CPR B/4;8134668;9645
TADAMAN 5MG CPR B/8;8422002;6475
TADENAN 50MG CAPS B/30;3165428;11225
TADENAN 50MG CPR B/60;3376409;21185
TADEX 20MG CPR B/4;8438227;2340
TAFLUPRO PLUS UNID CY B/30;8496207;13220
TAFLUPRO UNID CY B/30;1673201;12120
TAHOR 10MG COMP B/28;3430675;7030
TAHOR 10MG CPR B/90;3719921;18430
TAHOR 20MG CPR B/28;3430681;8845
TAHOR 20MG CPR B/90;3719938;25775
TAHOR 40MG COMP B/28;3430698;26935
TAHOR 80MG CP B/90 PL/10;3719950;21105
TAHOR 80MG CPR B/28;3555750;5900
TAKROZEM 0,1% POMME T/30G;347;16000
TALC DE VENISE GILB PDRSE 100G;6553071;3150
TALC OFFIC.PDRE B/120GR CPF;6560332;3580
TALC VENISE GILB ETUI SCH/200G;6587437;2225
TALODOL 50MG GEL B/10;8010937;1960
TALODOL P 37,5/325MG CPR B/10;8015998;1710
TAMBOURS;6389453;58500
TAMIFLU 75MG GEL B/10 (OSELTAMIVIR);3599629;22180
TAMIGEN CY+GTTE AURIC.F/5ML;8050813;1130
TAMOX 250MG/5MG PDRE SUSP BUV F/100ML;8014800;1575
TAMOXIFENE 10MG CPR B/30 MYL;3952235;4785
TAMOXIFENE 20 CPR B/30 BGR;3463947;9520
TAMOXIFENE 20MG CPR B/30 ARRW;3647624;7910
TAMOXIFENE 20MG CPR B/30 MYL;3952464;7650
TAMOXIFENE 20MG CPR B/30 NOVAR.ACCES;8486195;3070
TAMOXIFENE EG 20MG CPR B/30;3583344;9480
TAMOXIFENE TEVA 20MG CPR B/30;3614352;9565
TAMPON NETT APPLIC MINI B/20;8227393;4780
TAMPON NETT APPLIC NORMAL B/20;8225425;4780
TAMPON OB PRO COMF NORM P/16;4474031;6000
TAMPON OB PRO COMF SUPER P/16;4474048;6410
TAMPON OB SUPER PLUS B/16;7002605;6390
TAMPON TAMPAX COMPACK SUPER B/22;6607329;4300
TAMPON TAMPAX COMPAK SUPER+ B/20;9598424;5500
TAMSULOSINE EG LP 0,4MG CPR B/30;1771033;5450
TAMSULOSINE EG LP 0,4MG CPR B/30;4177103;8230
TAMSULOSINE LP 0,4MG CPR B/30 BIOG;90262910;9135
TAMSULOSINE LP 0,4MG GEL B/30 BIOGARAN;3711983;9070
TAMSULOSINE LP 0,4MG GEL B/30 TEVA;3718560;9265
TAMSULOSINE LP 0,4MG GEL/30 ARROW;3771962;7155
TAMSULOSINE LP 0,4MG GEL/30 MYLAN;3707680;9350
TAMSULOSINE SDZ LP 0,4 MG B/30;2213220;8730
TANAGEL 250MG PDR SACH/20;8023130;3335
TANAGEL 500MG GEL B/15;8067400;4095
TANAKAN 40MG CPR B/30;3299040;6075
TANAKAN 40MG/ML BUV F/30ML;3163240;6075
TANGANIL AMP INJ 5ML B/5;3272259;2960
TANGANIL PRO 500MG CPR B/30;8478824;4225
TANGO 100MG CPR B/2 (SILDENAFIL);8531760;1030
TANVIT INJ F/100ML;9029235;3055
TARDYFERON 20MG/ML NN BUV 45ML;8453014;3030
TARDYFERON 20MG/ML SOL BUV 90ML;8453020;5370
TARDYFERON 80MG COMP B/30;3351800;2905
TARDYFERON B9 COMP B/30;3291819;3085
TAREG 160MG COMP B/28;3569060;17605
TAREG 160MG CPR B/30(VALSARTAN);3815524;9840
TAREG 160MG CPR PEL B/90;3815553;23100
TAREG 40MG CPR SEC B/30;3815406;9440
TAREG 80MG CPR PEL B/28;3569025;8640
TARMED SHA DERMATO ANTIP 150ML;7050389;9085
TARTIZOLE 150MG CPR B/1;8495515;1380
TASIL-H SP F/100ML;8504289;1850
TAUFIL 20MG CPR B/4;8830623;2150
TAURUS COFFEE B/10;8104863;15000
TAVAFLOX 500MG CPR PELL B/10;8418615;10235
TAVAFLOX 500MG CPR PELL B/5;8026358;4870
TAVANIC 500MG COMP B/5;3496556;10705
TAVANIC 5MG/ML INJ FL/100ML;5619000;14080
TAVASTOR 10MG CPR PELL B/30;8438003;5540
TAVASTOR 20MG CPR PEL B/30;8438026;5970
TAVASTOR 40MG CPR PEL B/30;8438032;6410
TAXIM-O 200MG CPR B/10;8008780;4480
TAXIM-O FRTE 100MG/5ML PDR BUV/60ML;8444297;4630
TAXOTERE 20MG/ML SOL PERF.1ML;5595179;28425
TAXOTERE 80MG/ML SOL PERF.4ML;5595185;70435
TCINEX 0.3% COLL F/5ML;8484612;1655
TEATROIS COMP B/100;3173735;12885
TECFIDERA 240MG GEL B/56;2749797;944710
TECPRIL 5MG GEL B/30;8000873;7440
TED LAP.PR H.EDTV100+GD100+BAR100ML;8264052;39000
TED LAP.PR H.EDTV100+SH100+BAR100ML;9200893;33755
TED LAP.PR HOM EDTV 100ML;82379910;27805
TED LAP.RUMBA EDTV100+LAI+GEL/D+DEO;8229825;45890
TED LAP.WOMAN EDTV 100ML;8522732;39075
TEDRALAN LP 200MG GEL B/30;3103539;1610
TEGADERM STER 10CMX12CM SACH B/10;7737749;18425
TEGADERM+PAD STERIL 5CMX7CM;7307397;7480
TEGAROME DAMAGED SKIN;4659049;13160
TEGRETOL 2% SUSP BUV FL/150ML;3295639;3940
TEGRETOL 200MG CPR B/50;3103545;3640
TEGRETOL LP 200MG CPR B/30;3314874;3600
TEGRETOL LP 400MG CPR B/30;3298431;6450
TEGUMA 1% CR T/15G;8006568;3225
TEGUMA 250MG CPR B/14;8006485;13665
TEGUMA 250MG CPR B/28;8006479;24895
TEINT JABORANDI F/250ML;9024574;8800
TEINTURE ARNICA 1L;9024568;19250
TEINTURE D'ALOES 250ML;7432323;10155
TEINTURE D'ALOES FL. 30CC;4788;965
TEINTURE D'ARNICA FL. 30CC;4647;1470
TEINTURE D'IODE  FL. 125CC;4883;2020
TEINTURE D'IODE  FL. 500CC;4908;7310
TEINTURE D'IODE  FL. 60CC;4860;1280
TEINTURE D'IODE FL. 1 LITRE;9000272;13950
TEINTURE D'IODE FL. 30CC;4854;795
TEINTURE DE BENJOIN  1L;7432398;52280
TEINTURE DE BENJOIN 30ML;9024232;2310
TELE AM 40MG/5MG CPR B/30;8487622;7300
TELE AM 80MG/5MG CPR B/30;8487639;10330
TELEBRIX 12 SOD.INJ 250ML+NEC;3171601;16640
TELEBRIX 300MG/ML SOL INJ FL /50ML;32748099;7325
TELEBRIX 35 INJ F/50ML;3280767;8830
TELEBRIX HYSTERO INJ FL/20ML;3201070;3980
TELFAST 120MG CPR B/15;3454492;3410
TELFAST 180MG CPR B/15;3454546;3410
TELI 40MG CPR B/30;8434092;6365
TELI 80MG CPR B/30;1235751;9120
TELI H 40/12,5MG CPR B/30;8435683;8845
TELMICLAR 40MG CPR B/30;8488550;5510
TELMICLAR 80MG CPR B/30;8488567;6200
TELMICLAR AM 40MG/10MG B/30;8497431;9645
TELMICLAR AM 40MG/5MG CPR B/30;8497425;8955
TELMICLAR AM 80MG/10MG CPR B/30;8497454;11020
TELMICLAR AM 80MG/5MG CPR B/30;8497448;10330
TELMICLAR HCTZ 40MG/12,5MG CPR PELL B/30;8488538;6890
TELMICLAR HCTZ 80MG/12.5 CPR B/30;8488544;7575
TELMIKAA 40MG CPR B/30 (TELMISARTAN;8092177;6920
TELMIKAA AM 40MG/5MG CPR B/30;8470656;7385
TELMIKAA H 40/12,5MG CPR B/30;5680044;8435
TELMIKYT-A 40MG /5MG CPR B/28;1255390;8265
TELMIKYT-A 80MG/10MG CPR B/28;1255406;13775
TELMIKYT-H 80MG/12,5MG CPR B/12;1255383;9645
TELMIKYT-H 80MG/12,5MG CPR B/30;1969421;9640
TELMINA 40MG CPR B/30;8436470;9950
TELMINA 80MG CPR B/30;8436487;11050
TELMIS AM 40MG/5MG CPR B/30;8731832;4950
TELMIS AM H 40MG/5MG/12,5MG CPR B/30;8731849;5815
TELMIS-A 40MG/10MG CPR B/28;8048259;11710
TELMIS-A 40MG/5MG CPR B/28;8046740;7385
TELMIS-A 80MG/10MG CPR B/28;8048880;15305
TELMIS-A 80MG/5MG CPR B/28;8152270;7385
TELMIS-H 40MG/12.5MG CPR B/28;8048928;8430
TELMIS-H 80MG/12,5MG CPR B/28;8474559;9450
TELMIS-H 80MG/25MG CPR B/28;8474565;9765
TELMIS/HYD 80MG/12,5MG CPR B/30 MYLAN;2747134;4360
TELMISARTAN 40MG CP B/30 MYL;2191197;4400
TELMISARTAN/AML 80MG/10MG CPR B/30 ARRW;3021021;4900
TELOD-H 40/12,5MG CPR B/30(TELM/HCT;8417722;14730
TELTARTAN 40MG CPR B/30;8474105;5510
TELTARTAN 80MG CPR B/30;8473956;9645
TEMERIT 5MG COMP B/30;3742038;9450
TEMERIT DUO 5/12,5MG CPR B/30;3939769;10155
TEMERIT DUO 5MG/25MG CPR B/30;3939781;10155
TEMESTA 1MG COMP B/30;3574693;1395
TEMESTA 2,5MG COMP B/30;3148996;2415
TEMGESIC 0,2MG CP/20 (BUPRENORPHINE;3295272;11365
TEMIQUIN 40/320MG CPR B/9;8443808;1930
TEMOZOLOMIDE 140MG GEL S/5 ACCORD;3002402;133270
TEMOZOLOMIDE 20MG GEL S/5 ACCOR;3002397;18190
TENA CHGE INC NUIT SMALL P/14;7031920;25000
TENA CHGE SLIP SUPER MED P/28;8235145;23230
TENA FLEX SUPER SMAL B/30;9527571;19995
TENA PANTS SUPER SMALL P/12;6239506;22600
TENA PANTS SUPER XL P/12;9790050;31900
TENA SLIP SUPER LARGE P/28;9639028;31180
TENALINE 20% L.A 100ML;9023385;4115
TENO-ALFA 25MG CPR B/30 (TENOF.ALAF;8455912;24150
TENOFOVIR 300MG CPR B/30 HETERO;1655501;20660
TENOFOVIR 300MG CPR B/30(METERO L;8472862;11855
TENORDATE GEL B/30;3714993;14410
TENORETIC 50/12,5MG CPR B/30;3720083;5860
TENORETIC 50/12,5MG CPR B/90;3720114;21560
TENORIC 100MG CPR B/28;8055070;6920
TENORIC 50MG CPR B/28;8055093;4950
TENORMINE 100MG CPR B/30;3714220;8200
TENORMINE 50MG CPR B/30;3714272;3885
TENOVIR 300MG CPR B/30 (TENOFOVIR);8457182;7000
TENSICARD 100MG CPR B/30;8098607;6210
TENSICARD 50MG CPR B/30(ATENOLOL);8098613;2125
TENSICARD AM 50/5MG CPR B/30;8098599;7385
TENSIOM AUTO BRASS MAM TORM;8603904;27895
TENSIOM DIGITENSIO BRAS CONF LMV;7170023;29250
TENSIOM DIGITENSIO POIG.CONF LMV;7170024;21930
TENSIOM. NEOTENS BRAS NOM NEO300 SPENGLER;1952911;31140
TENSIOM.AD SPHYGMO SPENGLER;8292516;92040
TENSIOM.AUTO BRASS.M3 OMRON INTELLI;9020599;58500
TENSIOM.AUTO POIGNET LABELL;8285717;16465
TENSIOM.AUTO.BRASS M2 OMRON INTELLI;8526730;50895
TENSIOM.AUTO.BRASS.M6V2 OMRON;8526670;109065
TENSIOM.AUTO.POIGN.TORM KD-7920 CPF;6021397;16715
TENSIOM.BRAS LABELL;8633532;20265
TENSIOM.ELECT BRAS TORM BP3NZ1 CPF;8132971;36660
TENSIOM.ELECT.AUTO BRAS SPENGLER;8373367;30730
TENSIOM.ELECT.AUTO POIGN.SPENGLER;8373373;23685
TENSIOM.ELECT.SERIE7 OMRON;7967811;71500
TENSIOM.ENF SPHYGMO SPENGLER;7037242;65000
TENSIOM.MICROLIFE ELECTRO;90238610;70000
TENSIOM.OMRON AUTO.BRASS.M3 CONFORT;8526664;83615
TENSIOM.POIGNE OMRON RS7 INTEL;8526724;61200
TENSIOM.SPENGLER+STETHO;7515635;84500
TENSIOM.TENSIOFLASH BRAS.KD558;65440510;22875
TENSIOM.TENSIOFLASH BRAS.PARL.KD595;6544014;34515
TENSIOM.TENSIOFLASH POIGN.KD735;6544103;17970
TENSIOM.TENSOVAL COMF.CLAS.BRAS.M+L;8396687;30295
TENSIOM.TENSOVAL DUOCONTROL2 BRAS.L;8356699;46875
TENSIOM.TENSOVAL POIG.MOBIL CLASSIC;9545304;20360
TENSIOMET ELECT BRAS ENF;90366510;74340
TENSIOMETRE ELECT.BRAS TENSIOTOP;8607687;32720
TENSIOMETRE VAQUEZ LAURBRY;9034414;68365
TENSIONORME COMP B/24;3103746;1685
TENSOBAN 4MX7CM;2296677;8085
TENSOBAN BD PROTEC 20MX7CM;4704755;6850
TENSOCOLD SPRAY CRYOGEN 400ML;4704778;9330
TENSOPLAST HB 2,5MX10CM BANDE ADH;4704850;4255
TENSOPLAST HB 2,5MX15CM BANDE ADH;4704867;6330
TENSOPLAST HB 2,5MX20CM BANDE ADH;4704896;7635
TENSOPLAST HB 2,5MX3CM BANDE ADH;4704821;1710
TENSOPLAST HB 2,5MX6CM BANDE ADH;4704838;2720
TENSOPLAST HB 2,5MX8CM BANDE ADH;4704844;3315
TENSOPLAST KIT TRACTION ADH ENF SKT;7131484;19600
TENSOPLAST STK KIT TRACTION ADH NOURRISS;4636887;13070
TENSOPLUS 10/2,5/10MG CPR B/30;8434732;15840
TENSOPLUS 10MG/2,5MG/5MG CPR B/30;8434726;15840
TENSOPLUS 5MG/1,25MG/10MG CPR B/30;8434703;11020
TENSOPLUS 5MG/1,25MG/5MG CPR B/30;8434695;11020
TENSOPREL 25MG CPR B/60;2262856;5180
TENSOPREL 50MG CPR B/30;2262862;3680
TENUATE DOSPAN COMP B/30;3218277;19540
TERALITHE 250MG CPR B/100;3137633;14060
TERALITHE 400MG LP CPR B/60;3372736;13245
TERAZOSINE 5MG CP B/28 BGR;3621369;15240
TERAZOSINE 5MG CPR B/28 MYLAN;3574552;13640
TERBIGEN GH 1% CR T/15G;8076511;1860
TERBIGEN GH 250MG CPR B/28;8066139;17940
TERBINOL 1% CR T/15G;8092332;3100
TERBINOL 1% SPR F/30ML;8092303;5950
TERBINOL 250MG CPR B/14;8092326;11050
TERCIAN 100MG CPR B/25;3191992;15890
TERCIAN 25MG CPR B/30;3296389;6895
TERCIAN 40MG GTTE BUV F/30ML;3130329;6170
TERCO 80MG/ML IM SOL AMP/1ML B/6;8467571;2975
TERCO-420 60/360MG CPR PEL.B/6;8456389;2165
TERCO-560 80/480MG CPR PEL.B/6;8456395;2615
TERCO-ENFANT 40/240MG PDR SUSP BUV F/30ML;8475518;1995
TERCO-NOURISSON 20/120MG PDR SUSP F/30ML;8475524;1215
TERFINA 1% CR T/15G;8467909;2165
TERGYNAN CPR VAGINAUX B/10;8418302;3305
TERGYNAN CPR VAGINAUX B/6;2023956;2220
TERLOMEXIN 200MG CAPS VAG B/3;3378331;4165
TEROS 10MG CPR B/4 (TADALAFIL);8422278;6230
TEROS 20MG CPR B/4 (TADALAFIL);8424283;9670
TEROXYLIN 20% INJ ;9056203;3550
TEROXYLIN 5% INJ 30ML;9023250;1420
TERPINE CODEINE B/1000 PL/10;9024806;260
TERPINE GONNON SOL.BUV 200ML;3553998;15275
TERPONE AD SP F/180ML;3312438;2040
TERPONE ENF SP F/180ML;8032123;1930
TERRAFOR CONTROL POID GEL B/50;8516683;15690
TERRAIL.BAVOIRS LUCIOLES;94596;3660
TERRAIL.BTE DOSEUSE BLCHE 2FR EX PT;6297403;3660
TERRAIL.BTE DOSEUSE VERTE 2FR EX PT;7613562;3660
TERRAIL.EGOUTTE BIBERON;88667;12200
TERRAIL.MOUCHE BEBE 10;7613579;35400
TERRAIL.PESE BB ELECTRONIQ PT;6516644;46540
TERRAIL.POIGNEE BIB 2FR EX PT;9060512;1215
TERRAIL.STERIL MICRO ONDES;8373999;13550
TERRAIL.STERILISAT ELECTRIQ;80111;31365
TERRAIL.TETINE CLASS 0M+ SIL 2FR EX;9000651;1510
TERRAIL.TETINE THERMOM.ELECTRONIQ;9060593;5335
TERRAIL.TETINE VAR 4M+ SIL 2FR EX;9060475;1510
TERRAIL.THERMOM.ULTRA RAPID+DISPLAY;80720;4265
TERRAIL.VEILLE BB SON & LUMIERE;6045297;93725
TERSIGAT AERO.;3266827;5535
TESS 0,1% PATE BUC T/5G;8081067;2755
TEST AIQLNU ETHYLOTEST ;6335784;27745
TEST ANTI DROGUE B/1;8245184;13000
TEST COVID ANTIGEN TODA CORO AG B/10;9510163;59110
TEST COVID-19 B/40 UNITE;1352908;18610
TEST COVID-19 B/5 BIOSPEEDIA;9052306;22270
TEST COVID-19 BRANDED AUTOT/5;806881;32500
TEST COVID-19 DETECTION KIT/1;5130033;5975
TEST COVID-2 ANTIGENE B/25;9200118;411070
TEST DE GROSSESSE  D.VIDE STYLO B/1;8651240;1000
TEST DE PALUDISME D.VIDE B/1;1261162;1240
TEST DENGUE COMBO B/25;6014003;230100
TEST ETHYLOTEST CJ 0,5G S/BALLON/1;3822001;1460
TEST ETHYLOTEST NF 0,5G/L BALLON/1;9024858;3195
TEST ETHYLOTEST S/BALLON/1(DELATEX);7476533;2050
TEST GROSS ANALISA B/1;8263420;1495
TEST GROSS BABYCHECK STYLO/1;8518251;1000
TEST GROSS BLOOMS B/1;8681465;1365
TEST GROSS CLEARBLUE CLASSIC;4225569;7080
TEST GROSS CLEARBLUE DIGITAL;4854710;15500
TEST GROSS DAVID B/1 (NEW TEST);8242085;1000
TEST GROSS EASYTEST B/1 (PREGNANCY);1198547;1000
TEST GROSS ELLE TEST B/1;7213615;1275
TEST GROSS EXATO SENSIBL B/1;8358712;1290
TEST GROSS FLAVIENNE B/1;8399450;1595
TEST GROSS HCG MONO BDLETTE/1;8292700;1000
TEST GROSS HCG MONO BOITIER/1;8292746;1465
TEST GROSS HCG ORMEDIAT T/1;8303579;1470
TEST GROSS INST VIEW HCG B/1;9573944;1845
TEST GROSS ORMEDIAT HCG B/1;9999181;1470
TEST GROSS PRIMACARD;7089948;2200
TEST GROSS UBI TEST B/1;8512171;1095
TEST GROSS UBI TEST BANDE B/20;8271951;5845
TEST GROSS UNIMARK;8238244;1395
TEST GROSSESSE KIT OUI PREGA B/20;8644292;19475
TEST GROSSESSE MEDIC AID B/1;8393281;1930
TEST GROSSESSE SURETEST B/1;8638179;1195
TEST MALARIA AG PF HRP2 B/25 R02571;6400249;37000
TEST MALARIA KIT PF&PV AG TEST;8162127;3260
TEST MALARIA RAPID ON SITE B/30;9070143;45000
TEST OVULAT.CLEARBLUE DIG.B/10;9850935;43515
TEST OVULAT.DIGITEST B/5 LMV;4368665;5790
TEST OVULAT.EASYTEST B/7 UNITE;9990151;1275
TEST OVULAT.EASYTEST B/7 VISIOMED;6544066;8915
TEST OVULAT.PRIMATIME B/5;7188679;10580
TEST OVULAT.SURETEST B/10;9999092;11865
TEST PALUKIT B/1;8830741;1545
TEST RAPIDE PALUDISME MALARIA KIT/1;8607730;1460
TEST RAPIDE PRECIX DENGUE KIT/1;8593465;5830
TEST RAPIDE PRECIX HELICOB PYLORI/1;949511;2915
TEST RAPIDE PRECIX HEPATITE B B/1;2479870;6435
TEST RAPIDE PRECIX TROUBLE PROSTAT KIT/1;8593548;4010
TEST RAPIDE PRECIX TYPHOIDE KIT/1;8593471;2915
TEST RAPIDE PRECIX ULC HELICOB PYLORI/1;8593519;2915
TEST SARS-COV-2 B/25 UNIT VIVADIA;1000012;8360
TESTOMAN TAUX DE TESTOSTERONE GEL VEG/60;8523335;18265
TESTOR-PLUS CP B/30;6480053;24250
TETANEA 1500UI/ML SERUM SER/1;3066399;4545
TETAPUR VACCIN CHIEN 1 AMP;6830151;11320
TETERELLE PERSON.XL 30MM/2 MEDEL;8558925;7870
TETINES PETITS ANIMAUX;6057768;280
TETRACAINE 1% CY B/100UNID.0,4ML;3216137;49660
TETRACHLOR 50% SACHET 100G;1004827;2560
TETRACOLIVIT 100G;9036531;1665
TETRACOLIVIT 1KG;9036583;20240
TETRALYSAL 300MG GEL B/28;3675980;7180
TETRAMIG CP B/16 TETRACYCLINE 250MG;3104881;1275
TFLUZOL 150MG CPR B/1;8019950;1710
TG-STAT 10MG/160MG CPR B30;8730175;16215
TH4+ 1LITRE;9024539;14225
TH4+ 5 LITRES;9024545;57390
THALAMAG MG MARIN STICK B/30;6021581;5960
THALIDOMIDE 100MG CAPS B/30;4092909;198000
THE AMAIGRIS SLIMING S/1 UNITE;9045257;1200
THE AMAIGRIS SLIMING SACH/50;8269859;6670
THE REDUCT.HPERT/GLYCEM.S/20;9027420;2780
THEALOSE 3% SOL OCUL.F/15ML;4200566;28730
THEOCLAV 100MG/12,5MG SUSP BUV F/100ML;8462935;2600
THEOCLAV 100MG/125MG CPR B/20;8462680;6545
THEOCLAV 500MG/62,5MG CPR B/20;8462674;4390
THEOCOLD 500/12,5/2/25MG CP/100;8462800;6465
THEOFIX 200MG CPR B/10;8462757;3520
THEOMOX 250MG SUSP BUV F/100ML;8462941;1380
THEOMOX 500MG GEL B/20;8462740;1445
THEOPHYLLINE 0,10 COMP B/30;3105142;1480
THEOSTAM 10MG/20MG CPR B/30;8462734;4215
THEOSTAM 5MG/10MG CPR B/30;8462728;2849
THERACALCIUM INJ F/100ML;6850372;3790
THERALENE 0,05% SP F/150ML;3105337;940
THERALENE 4% GTTES BUV F/30ML;3105308;2225
THERALENE 5MG CPR B/50;3105283;1710
"THERAPEALS PALS FROG ""RIBBIT""";8536987;3950
THERAPEARL ARTICULATION;9711085;9310
THERAPEARL COMPRES DORSALE;9711139;16080
THERAPEARL COMPRESS MULTI ZONES;9713055;8095
THERAPEARL EPAULE CERVICALE;9713049;16080
THERAPEARL MASQ VISAGE;2471867;15820
THERAPEARL MASQUE OCULAIRE;9711091;8770
"THERAPEARL PALS PANDA ""PING""";8536993;3950
"THERAPEARL PALS PUPPY ""BUDDY""";8537001;3950
THERIOS 300MG CPR QD B/200 PL/10;9002911;2690
THERM.LABO MERCURE -10 A +300;2346435;6615
THERMACARE PATCH CT DOS P/4;9832972;21170
THERMACARE PATCHS DOS P/2;2693645;7765
THERMO YAOURT ALC 13CM 40-80 E.PL;2347104;6025
THERMOM . INFRA MEDI. XL-F02;6973100;135000
THERMOM A INFRA ROUGE CITIZEN;9025036;92040
THERMOM A INFRA ROUGE GRAND;7570226;192000
THERMOM BIOSYNEX B/1;5573015;3935
THERMOM DIGIT ETAN PHD/1;1526151;1660
THERMOM DIGITAL OMRON T/1;8526687;5455
THERMOM EASYSCAN VMZX1 DUO EVOLUT;2346671;21555
THERMOM ELEC KID FLEX THERMOVAL;4682172;6255
THERMOM ELEC STANDARD THERMOVAL;8396693;4515
THERMOM ELECTR EXP COOPER;8172433;2980
THERMOM ELECTRONIQ LABELL P/1;8238675;2570
THERMOM FRONTAL IR HS 9802D;8630195;30300
THERMOM INFRA R WOHLMAN AOJ-20B;1493016;60000
THERMOM INFRA R XS-IFT001A;2004002;81000
THERMOM INFRA ROUGE GE;9020458;99710
THERMOM MED LABELL  AD SS ET/1;8238646;1500
THERMOM POWERSCAN ELEC FLEX;4794770;2085
THERMOM THERMOFLASH LX26 EVOLUT.;6544741;34275
THERMOM THERMOFLASH LX260T PARLANT;6544824;40245
THERMOM THERMOVAL RAPID BLC/1;7881274;6175
THERMOM.CHICCO FLEX NT LUMINEUX/1;8603838;14555
THERMOMETRE AURIC.INFRAROUGE SPENGL;9029927;65000
THERMOMETRE INFRA R. UX-A-03;9020292;19945
THERMOMETRE IR JZK-601 JMIA/1;8628270;62500
THERMOMETRE IR SEJOY FRONTAL/1;8628815;60245
THERMOMETRE MED MERCURE;2286437;1475
THERMOMETRE NUMERIQUE T/1;8630189;1560
THERMOMETRE YAOURTS YALACTA;6049409;5400
THERMOSEAL DENT ACT R.100G CARIES;8637731;2500
THERMOSEAL DENT ACT RAPID T/50G;8371813;965
THERMOSEAL DENT DENT SENS T/50G;8371807;955
THERMOXYL BRUL.GRAISS.GEL B/112;6026590;29850
THIAMYCIN 250MG PDR BUV F/60ML;8020835;3200
THIAMYCIN 500MG GEL B/24;2268149;6365
THIAMYCIN 500MG GEL BT/48;8034990;11200
THIBENZOLE 10G BOLUS B:10 PL/5;9022807;1780
THIOBACTIN 250MG COMP B/16;3105923;3170
THIOBACTIN 250MG/5ML SUSP 60ML;8037008;4150
THIOBACTIN 500MG COMP B/24;8014504;9410
THIOMUCASE CREME T/135G;3289691;9500
THIOTACID COMPOUND GEL B/20;8561761;6365
THIOZZ 8MG CPR B/10;8492540;3790
THIVY SP 100ML;8354536;2520
THREPTIN DISKET.BISCUIT POT/275G;8598505;14180
THROMBAN 2,5MG CPR PELL B/30;8808500;16790
THROMBAN 5MG CPR PELL B/30;8808517;21005
THUASNE BIFLEX FRTE 3MX10CM;6600244;11440
THUASNE GENOUIL LIGAFLEX T2;4745754;28795
THUASNE POIGNET LIGAFLEX GCHE T/1;6577025;60230
THUASNE POIGNET LIGAFLEX GCHE T/4;6577054;70195
THUYA OCCIDENTALIS 7 CH GR;735090;3405
THYMAIR DENK CPR B/20;8509832;4720
THYROFIX 88MG CPR B/100;200742;6850
THYROZOL 10MG CPR BT/30;3911191;5000
THYROZOL 20MG CPR BT/30(THIAMAZOL);3911245;3095
THYROZOL 5MG CPR BT/30;3911156;1735
TIAGAM 200MG CP SEC.DISP.B/20;8013143;2095
TIAMISOL SOL BUV F/1L;9036703;13600
TIANEPTINE 12,5MG CPR B/28 BGR;2675239;5200
TIAPRIDAL 100MG CPR B/20;3174249;3940
TIAPRIDAL AMP INJ 2ML B/12;3174255;5110
TIBERAL 500MG COMP B/10;3277860;11005
TIBERAL 500MG COMP B/3;3277854;3665
TICANASE SPR NAS F/15ML;1253884;2410
TICASSE 200/28MG PDR SUSP 70ML;8005528;2550
TICASSE 400/57MG PDR SUSP 70ML;8005600;4645
TICASSE 500/125MG CPR B/15;8006195;5070
TICASSE 875/125MG CPR B/14;8006166;6230
TICLID 250MG CPR B/30;3220802;31360
TICOLEV 750MG CPR PELL B/10;347732;7675
TIDOO JUMBO MAXI COUCHE 9/20KG PAQ/48;8705326;17035
TIDOO JUMBO MIDI COUCHE 4/9KG PAQ/56;8705295;17035
TIDOO JUMBO MINI COUCHE 3/6KG PAQ/48;8705349;17035
TIDOO SINGLE MIDI COUCHE 4/9K PAQ/27;8705237;8645
TIDOO SINGLE NEWBORN COUCHE 2/5KG PAQ/26;8705214;7770
TIENAM 500MG IV PERF PDR 20ML;3833700;13805
TIGREAT 2,5MG CPR PELL BT/2;3575534;8040
TILCOTIL 20MG COMP SEC B/15;3445613;3705
TILDIEM 60MG CPR B/30;3238179;3920
TILIA TOMENTOSA 1DH 60ML;8873414;3335
TILIA TOMENTOSA TM 30ML;9023416;1715
TILL SOLUTION FL/200ML;2268178;2310
TILLA BEURR CACAO 100ML;8670214;6485
TILLA BEURR CACAO/CUMIN NOIR 200ML;8670220;11400
TILLA BEURR KARITE/MIEL 100ML;8670237;6270
TILLA BEURR KARITE/MIEL 200ML;8670243;10370
TILLA BODY WASH WHIT HONEY 75ML;9021819;650
TILLA CR CORP CACAO 100ML;8670266;6930
TILLA CR CORP CACAO 200ML;8670272;10840
TILLA GEL HAND SANITIZER 75ML;9022718;975
TILLA HAIR MAYONNAISE 100ML;9032125;4700
TILLA HAIR MAYONNAISE 200ML;9023557;6875
TILLA HAIR SHAMP AVOCADO 75ML;9038211;650
TILLA SHEA BODY CR 200ML JA;1581161;10100
TILLA SHEA BODY LOTION 75ML;9021891;650
TILLEUL CARPENTRAS B/50G CPF;6058408;3565
TILYPTIN 20MG CPR B/30;8484954;7920
TIME MAGIC BTE/150GR;2474286;3000
TIMER 20/120MG CPR B/6;1396342;1050
TIMER 80/480MG CPR B/6;1396359;2300
TIMOFEROL GELULES B/30;3570614;1790
TIMOPTOL 0,25% CY FL/3ML;3224326;8650
TIMOPTOL 0,50% CY F/5ML;3224295;11370
TIMOPTOL LP 0,50% CY FL/2,5ML;3373405;8200
TIMOSOL 0,5% COLLYRE FL/5ML;2275066;1145
TIMOX 0,5% COLL F/5ML;8491581;1655
TINAZOL 500MG COMP B/4;2262916;1285
TINIDAZOLE 500MG TM CPR B/12;2293265;2345
TINILON 500/600MG CPR PEL B/10;8069250;4165
TIORFAN 100MG GEL B/20;3349677;4575
TIORFAN 10MG NN PDR SACH/16;3521113;4575
TIORFAN 30MG ENF PDR SACH B/30;3521142;4575
TIPS-HALER CHBRE INH+MASQ BB/1;8348091;14580
TIPS-HALER CHBRE INH+MASQ ENF/1;8691067;14605
TIQUANIS HABITAT NF DIFF 220ML;6706037;26570
TIRLOR 10MG COMP B/10;2265122;2605
TIRVEL 0,5 MG/ML SP F/30ML;8495521;1655
TIRVEL 5MG CPR B/10;8495538;1655
TIS DR STUART TRIPLE GINSENG B/20SA;3107460;3785
TISANE 109 CURE 1/2MOIS;9024172;7500
TISANE 109 CURE 1MOIS;5528935;15000
TISANE 109 UNITE;9011181;4500
TISANE BK S/20(HIBISCUS/TAPINANTHUS;9036092;2000
TISANE CANNELLE SACHET B/20;2024068;2600
TISANE CATHERINE B/16 SACHETS;8275794;3585
TISANE CATHERINE B/32 SACHETS;8293237;6585
TISANE CATHERINE B/8 SACHETS;8298849;1835
TISANE CIFINE CURE 1/2MOIS;9038978;7500
TISANE CIFINE CURE 1MOIS;4026350;15000
TISANE D'ALLAITEMENT HOLLE B/20;1857234;7460
TISANE DEPUR-PURG DR ERNST NØ2 V;1857263;4550
TISANE DR ERNEST VRAC NØ11;9025349;4550
TISANE DR ERNST NØ8 ESTO-INTESTIN;9025272;4290
TISANE DR ERNST PR FOIE/BILE NØ7;1857211;4550
TISANE DR ERNST'S NØ2/24 FILTR;1857168;4550
TISANE EZEE FLOW 120G;9000579;28705
TISANE FLEUR DE BARDANE UNITE;5533505;3750
TISANE FLEUR DE BARDANE VRAC;9038435;15000
TISANE KWB S/20 KINKELI MORIN HIBIS;2296660;2000
TISANE LWB S/20;9021624;2000
TISANE NATURAL CURE 1MOIS REEQUIL.;9012364;15000
TISANE NU-SLIM THE B/30SACH;8238936;9050
TISANE NUTRA SLIM SACH/30;9036732;9035
TISANE POUR BB HOLLE B/20;9025289;7840
TISANE PR INSUF.RENAL 120GR;9004330;28700
TISANE RANONG THE B/30 SACH;3175378;7650
TISANE RICHTER SACH/20 CONSTIPATION;7600186;3945
TITAN XXL ACTION PROLONGEE CPR B/20;8560804;27510
TITANOREINE CR T40G;4768491;10400
TITANOREINE LIDOC 2% CR T/20G;3237240;7580
TITANOREINE SUPPO B/12;3230077;9395
TIVASONE-S PDE T/30G;9009422;2480
TOBDEX 0,3%/0,1% CY F/5ML;8458307;1790
TOBRA 0,3% COLL F/5ML;8495231;2520
TOBRA D 0.3% CY F/5ML;1686648;2625
TOBRADEX COLLYRE FL/5ML;3442997;3365
TOBRADEX PDE OPHT T/3,5G;2038946;3350
TOBRAZOL-DX 0,3% COLL F/10ML;8491598;2480
TOBREX 3% PDE OPHT T/5G;3280537;3745
TOBREX COLLYRE F/5ML;3280543;2095
TOCFIM 100MG/5ML PDRE SUSP BU 60ML;8053243;3790
TOCFIM 200MG CPR DISP B/10;8053728;3445
TOCID 20MG GEL B/100;8019996;10525
TOCO 500MG B/30 CAPSULES;3264550;3345
TOCOVID 100MG CAPS MOL.B/60 SUPRABI;8515123;31740
TOCOVID 200MG CAPS MOL.B/30 SUPRABI;8515146;33750
TOCOVID 50MG CAPS MOL.B/30 SUPRABIO;8515117;10655
TOFRANIL 10MG B/60;3106762;2130
TOISE ADULTE;8789521;72100
TOLEXINE GE 100MG CPR B/15;3396553;4195
TOLEXINE GE 100MG CPR B/28;3474827;7230
TOLEXINE GE 50MG CPR B/14;3396524;2550
TOLEXINE GE 50MG CPR B/28;3965303;5570
TOLFEDINE 6MG CPR B/20;6993723;3940
TOLSAMA 15MG CPR B/4;8457957;10430
TOLSAMA 30MG CPR B/4;8457963;12510
TOLVAPTAN 15MG+45MG TEVA CPR B/ 28+28;205266;451040
TOLVAPTAN 30MG+60MG TEVA CPR B/ 28+28;205273;451040
TOMMEE TIPPEE BIB A-COLIC O+ 250ML;1667261;5150
TOMMEE TIPPEE BIB AAC 150ML/1;1667251;4600
TOMMEE TIPPEE BIB CTN 150ML;1667171;4420
TOMMEE TIPPEE BIB CTN 260ML;1667181;4470
TOMYCOSE 1% SOL EXT FL 25ML;2290551;1930
TONICALCIUM AD BUV A.10ML B/20(FA);3107017;3995
TONICALCIUM ENF BUV 5ML B/20;3107023;3335
TONIFER SIROP FL/200ML;9002443;1930
TONISELEN BID 1L;9013961;6990
TONISELEN BID 5L;9347805;48290
TONIVIT FL/25ML;6615599;9340
TONLUM 20/120MG CPR B/24;8005474;2650
TONLUM 20/120MG CPR DISP B/6;8053237;870
TONLUM 80/480MG CPR B/6;8005451;2645
TONTHER 80MG SOL INJ 1ML B/6;8053964;2485
TOP 3 KIT CPR B/4;8078042;4165
TOP DESIRE SEXUEL FEMME GEL B/60;8523281;17295
TOP VIRGIN GEL INTIME F/60ML;1404611;13340
TOPALGIC 50MG GEL B/30;3391188;5775
TOPALGIC LP 100MG CPR B/30;3431427;7890
TOPALGIC LP 200MG CPR B/30;3431479;16560
TOPICREM AC CONTROL GEL PEAU NTTE B/60;1705270;13960
TOPICREM AC CONTROL SERUM INTENSIF F/34ML;1705065;12460
TOPICREM AC CTRL SOIN EQUILIB CR T/40ML;8750700;9845
TOPICREM AC CTRLE FLUIDE MAT T/40ML;1705669;9395
TOPICREM AC EAU MICEL PUR F/200ML;1648931;6070
TOPICREM AC EAU MICEL PUR F/400ML;1648941;8640
TOPICREM AC GEL NETT PUR 200ML;8537805;6610
TOPICREM AC GEL NETT PURIF 500ML;8500848;9165
TOPICREM AC GEL NETT PURIF.400ML;8536817;10035
TOPICREM AC HYDRA.COMPENS.CR T/40ML;8358698;8450
TOPICREM AC MASQUE PURIF F/50ML;1492251;9310
TOPICREM AC SOIN ACTIF CR T/40ML;8358681;9490
TOPICREM AC SOIN MATIF.40ML;8558210;9335
TOPICREM BB 1ER LAIT UH 200ML;8528580;6895
TOPICREM BB 1ER LAIT UH 500ML;1215911;13740
TOPICREM BB BIO EAU NETT.500ML;9660910;6960
TOPICREM BB BIO GEL NETT 2/1 500ML;9661996;10895
TOPICREM BB BIO LAIT 500ML SS RINC.;9660867;7000
TOPICREM BB CR CHANG BAR F/75ML;1894191;7220
TOPICREM BB LING A EAU NET/60;1894171;3170
TOPICREM BB S CROUT LT EXP F/40ML;1894181;10950
TOPICREM CICA CR AP.REPAR 40ML;8350656;6080
TOPICREM CICA CR APAIS T/100ML;6019374;9225
TOPICREM CICA HUILE CONCE F/100ML;2479848;11330
TOPICREM CR GOM.VIS/COR 200ML;8390503;10930
TOPICREM CR HYD E.LEG 40ML;8182555;10910
TOPICREM CR MAIN ULT HYD 50ML ;8170325;4490
TOPICREM CR MOUSS SPF50 F/50ML;7260017;9280
TOPICREM CR PIED CAL UR10  F/75ML;5105152;6790
TOPICREM CR SOS REPAR.CORP 200ML;4598282;7180
TOPICREM CR VIS ULTRA HYD SPF50+40M;8537797;8175
TOPICREM DA BAUM EMOL.200ML;8350662;10125
TOPICREM DA BAUM EMOL.500ML;8353985;15070
TOPICREM DA BAUM EMOL.500MLX2;8559296;18290
TOPICREM DA BME EMO.500ML+GEL/75ML;8511036;12170
TOPICREM DA GEL NETT SURG 500ML;8374869;10590
TOPICREM DA HUIL.EMOLL.145ML;8516358;11360
TOPICREM DA PROTECT HLE LAV RELIPIDANTE F/500ML;1705089;11900
TOPICREM DA PX ATOPIQ CR EMOL.200ML;9038145;9005
TOPICREM EAU MICELL DOUC F/400ML;8182271;9430
TOPICREM EAU MICELLAIRE F/200ML;5117681;6440
TOPICREM EAU NET VIS YEUX 200ML;8338299;6210
TOPICREM GEL DCEUR TOIL.INT.200ML;6207995;4390
TOPICREM GEL NET.DCEUR 500ML;5117646;8420
TOPICREM GEL NETT DCEUR 200ML;5117669;5860
TOPICREM H+ GEL HYD ECL 40ML;1704310;10740
TOPICREM HUIL RELIPIDANTE F/500ML;8760259;11870
TOPICREM HYD+ SPF50 CR JR T/40ML;8722508;12805
TOPICREM KARI CR QUOT F/200ML;1680171;11130
TOPICREM KARITE CR NN F F/200ML;6317150;10020
TOPICREM KARITE MASQ NNE F/250;6317153;11545
TOPICREM KARITE SH NN D F/200ML;6317151;7700
TOPICREM LAIT CORP ULT HYD 200ML;8333853;6380
TOPICREM LAIT CORP ULT HYD 500ML;5101935;11840
TOPICREM LAIT ULT HYD 500ML/2 CORP;2632626;21305
TOPICREM LT SOL HYD SPF50+ F/200ML;1817891;15310
TOPICREM LT SOL HYD SPF50+ F/50ML;1817881;7310
TOPICREM MASQUE PURIFIANT T/50ML;8630203;7230
TOPICREM MELA CR CORRECT.NUIT 40ML;8537834;17660
TOPICREM MELA CR JOUR 40ML;5133438;17175
TOPICREM MELA CR NT PEELIN DX T/40ML;8733328;16050
TOPICREM MELA LAIT ECL.UH 500ML;8543734;29625
TOPICREM MELA LAIT ECL.ULT.HYD.200M;8543728;18655
TOPICREM MELA LAIT ULT HYD/500X2;1414571;48565
TOPICREM MELA LAIT UNIF ULT HYDR T/200ML;8612599;19160
TOPICREM MELA PACK ANTI TACHE;2476566;42210
TOPICREM MELA PAIN UNIFIANT 150G;8630232;5615
TOPICREM MELA SER BOOSTER 30ML;8345388;16720
TOPICREM MELA SERUM ANTI-TACH T/30ML;8733305;17540
TOPICREM MELA SPF20 CR COR. JR 40ML;8537828;13360
TOPICREM MELA SPF50 CR UNIF TACH T/40ML;8733311;16050
TOPICREM MON 1ER LAIT ULT HYD 500ML;8528597;12180
TOPICREM PACK GLAMOUR 3PDT;24715910;25955
TOPICREM PAIN EXFOL UNIF 150G;1492271;6050
TOPICREM PV/DS GEL NETT F/200ML;8530074;10100
TOPICREM SAV SURG DCEUR  150G;8630226;4675
TOPICREM SOIN ECLAT CONT YX T/15ML;1703993;10875
TOPICREM STICK INV SPF50 15G;7270010;8610
TOPICREM SUN PROT GELEE A SOLEIL F/200ML;1888781;11520
TOPICREM U-HYDR HUILE DE DCHE F/500ML;1705096;8470
TOPICREM U.HYDR VIS/COR SPF50+ 75ML;8358706;8740
TOPICREM UH BAUM CORPS RE F/380ML;1871751;12340
TOPICREM UH GOMM DX GEL3EN1 T/200ML;1705782;9740
TOPICREM UH HUILE T/125ML;7000150;14400
TOPICREM UHC 500ML+UH GEL T/75ML;16468410;12230
TOPICREM ULT HYD CORP F/1L;8180303;21130
TOPICREM ULT HYD LT CORP/500ML/2;8340304;19355
TOPICREM ULTR HYD SCINTIL LT/200ML;8392933;10225
TOPICREM ULTRA HYD LT DOUCHE 1L;1972761;12500
TOPICREM ULTRA HYDR VISAGE SERUM F/30ML;6025032;14055
TOPICREM UR-10 CR LISS A-RUG 500ML;8528605;15775
TOPICREM UR10 CR LISS ANTI RUG200ML;8530045;10005
TOPICREM UR30 A-RUG APAIS F/75ML;1694081;10390
TOPLEXIL SP F/150ML;3595784;2710
TOPLEXIL SP SS SUCR F/150ML;3730762;6280
TOPOTECANE 4ML (1MG/1ML) ACCORD;2225766;32600
TORA 20MG CPR B/30 (ATORVAST.);8432147;2070
TORA 40MG CPR B/30;8432153;4850
TORAS DENK 10MG CPR B/30;8001016;5610
TORAS DENK 5MG CPR B/30;8004523;3130
TORIX 120MG CPR PELL B/30;8416220;5540
TORIX 90MG CPR PELL B/30;8415918;4165
TOROXIM 10MG CPR B/10(KETOROLAC TRO;8082109;2370
TORSINEX 10MG CPR SEC B/30;8455823;5370
TORSINEX 20MG CPR SEC B/30;8455817;6750
TOSSEQUE 4MG/5ML SP F/200ML;8067357;1960
TOTHEMA AMP BUV 10ML B/20;3107313;5595
TOTYLEM 60MG/0,4MG CPR PELL B/30;5274698;5195
TOULAUD ASTHMATOUL BUV 125ML;8260947;5880
TOULAUD CR BIOCLAR.POT/250G;8207947;7365
TOULAUD CR BIOPROTECT P/250G;8207982;7365
TOULAUD CR VIS A/TACH P/150G;8208059;6985
TOULAUD DREPANOCYTOUL SOL BUV F/125;8260953;5285
TOULAUD EMULS GOMMANT F/125ML;8208088;4185
TOULAUD EMULSION JBES F/125ML;8208119;4185
TOULAUD ENERGITOUL SOL.BUV.F/150ML;8260982;6235
TOULAUD GLYCETOUL BUV 125ML;8261042;5880
TOULAUD HEMORROTOUL BUV 125ML;8261059;5880
TOULAUD HEMORROTOUL CR 100GR;8261065;3235
TOULAUD HEPATOUL BUV 125ML;8261071;5285
TOULAUD HLE ANTI-VERGET.125ML;8208148;8270
TOULAUD HLE MASS 125ML;8208504;6985
TOULAUD HUIL BIOCLAR.125ML;8208266;5815
TOULAUD IMMUNOTOUL SP F/100ML;8260999;6880
TOULAUD LAIT BIOCLAR.250ML;8215987;7335
TOULAUD LAIT CORP HYD 250ML;8208295;4640
TOULAUD LOT BIOCLAR.125ML;8208332;5815
TOULAUD LOT PURIF 125ML;8207692;2655
TOULAUD MEMOTOUL BUV 125ML;8261007;5285
TOULAUD MINC./VIT.CPR B/100;8261013;6210
TOULAUD RAFFERM.BUSTE POT 150G;8208579;6985
TOULAUD RHUMATOUL HUILE MAS F/125ML/;8325339;3850
TOULAUD SAV BIOCLAR.150GR;8209691;1120
TOULAUD SAV BIOGOM.150G;8357776;2245
TOULAUD TENSEUR BUSTE POT 150G;8208645;6985
TOULAUD TENSITOUL BUV 125ML;8261088;5880
TOULAUD ULCERTOUL BUV 125ML;8261094;5285
TOUSEDAL SP F/100ML;8437475;1720
TOUX RELIEF PAST GOUT MENTHE B/12;8480086;1945
TOUX RELIEF SIROP F/100ML;8621434;2170
TOUXPA 14MG/138MG SP F/100ML;8495171;2100
TOVAXO 0,004% COLL F/2,5ML;8498413;13085
TOVIAZ 4MG LP CPR B/30;9045576;8865
TOVIAZ LP 8 MG CPR B/30;6704896;7865
TR APAIS RASAGE GEL F/75ML(TOM ROB);8367763;6470
TR CREME ANTI-RIDES P/100G;9023698;13970
TR GEL NETT DESALTERANT 125ML;8367711;5545
TR HUILE ANTI-ALOPECIE F/120ML;9023712;12225
TR INTEGRAL MATIF.QUOT.SER F/50ML;8367912;11090
TR NETT RESUR MOUS F/125ML(TOM ROB);8367734;7395
TR NETT.DESINCRUST.PUR.GEL F/125ML;8367728;7395
TR REN UNIF QUOT SER T/50ML(TOM RO);8367929;11095
TR SAVON BEURRE DE CACAO 200G;8151891;2025
TR SOIN CAPILLAIRE BEUR CACAO 300G;9023735;11350
TR SOIN CORPOREL P/150G;9023669;10480
TR TONER CLARIF.RESURFAC.LOT 200ML;8367846;5545
TR TONER DESALT LOT MULTIF.100ML;8367869;4620
TR TONER EXFOL PURIF LOT F/200ML;8367823;5545
TRABAR 100MG INJ.AMP B/5;8019602;5030
TRABAR 50MG CAPS B/10;2037869;3060
TRACEDOL CPR EFF B/16(TRAMAD.PARAC);8005793;3335
TRACLAV 1,2G IV PDR SOL INJ F/1+SOL 10ML;8418012;2025
TRACLAV 1000/125MG CPR PELL B/14;8436493;6245
TRACLAV 1G/125MG PDRE SUSP BUV SACH B/16;8488745;7300
TRADOLAN 100MG SOL INJ IM/IV AMP 2ML B/5;8036859;3320
TRADOLAN 100MG SUPPO B/5;8036894;3750
TRADOLAN 50MG CPR PELL B/20;8036552;1460
TRADOLAN LP 150MG CPR PELL B/20;8036836;3940
TRADYL 50MG CAPS B/10;8002056;2230
TRAMACETAL 37,5/325MG CP B/10;8079900;2510
TRAMADIS 100MG/2ML AMP INJ B/5;8082256;2990
TRAMADIS 50MG GEL B/10 (TRAMADOL);2292633;2785
TRAMADOL 50MG GEL B/30 VIATRIS;9002526;2935
TRAMADOL DENK 100MG/2ML B/5;1318331;4000
TRAMADOL DENK 50MG CPR EFF B/10;8004345;2645
TRAMADOL LS 100MG SUPPO B/10;8427212;2645
TRAMADOL PARA 37,5MG B/20 ARROW;12946610;3310
TRAMADOL/PARA ARW 37,5MG CP EF/20   ;3014002;3305
TRAMAGEN 100MG SOL INJ B/5;8099802;3130
TRAMAGEN 50MG CPR B/20 (TRAMADOL);8097631;2990
TRAMAPA 37,5/325MG CPR B/20;8078065;1875
TRAMAPA FORT 75MG/650MG CPR B/20;8486835;3845
TRAMAVINCC-P 325MG/37,5MG CPR B/20;8739058;2065
TRAMFIZ 100MG/2ML SOL INJ IM/IV/5;8053800;2095
TRAMYCIN 250MG CPR PELL B/6;8418058;3390
TRAMYCIN 500MG CPR PELL B/3;8418064;3390
TRANDATE 200MG COMP B/30;3226526;9440
TRANDATE 200MG CPR B/2X90;9026314;38155
TRANSACALM 100MG CPR B/30;3594141;3970
TRANSFUSEUR STERIL SACH/1 LABELL;8040252;485
TRANSIPEG PDR SOL 2,95G B/30 SACH;3368663;4355
TRANSIPEG PDR SOL 5,9G SACH B/20;3442402;5390
TRANSIT DBLE ACTION CPR B/30;4812835;10150
TRANSODDI COMP B/20;3150065;2060
TRANSPORE 5MX25MM;6609794;4420
TRANTUM 500MG CPR B/20;8486605;3855
TRANXENE 10MG GELULE B/30;3475821;2345
TRANXENE 5MG GELULE B/30;3475815;1380
TRANZ 500MG IV INJ AMP+SER.5ML/1;8429369;2095
TRATUL 50MG CAPS B/30;2293302;2985
TRAUSAN 100MG/ML F/50ML (CITICOLINE;8084321;14120
TRAVATAN 40MCG/ML CY F/2,5ML;3584763;10360
TRAVAX 0,004MCG/ML COLL F/2,5ML;1257660;15750
TRAVEL BOTTLE SET MULTICOLOR;332001;2500
TRAVEL BOTTLE SET UNICOLOR;8826801;2000
TRAVICOLD SP F/150ML;8816830;2105
TRAVINO ELIXIR SP F/200ML;8466904;5265
TRAVISIL SIROP FL/100ML;2277065;1900
TRAVODROP 40MG/ML COLL F/2,5ML;21631;10205
TRAVONORM 0,04MG/ML CY F/5ML;8438776;13225
TRAVOPROST BGR 40MCCG/ML COLL F/2,5ML;3013973;6970
TRAVOSUN COLLYRE 5ML;1594031;14070
TRE-BON 100MG CPR B/10;8005439;3945
TREBON-N 200MG GR BUV SACH/10;8423800;1515
TREBON-N 600MG GR BUV SACH/8;8423792;2480
TREDEMINE 500MG COMP B/4;3107750;3290
TREMADOL 50MG CPR B/20;8067021;3545
TRENAXA 500MG CP B/30;8427502;5855
TRES ORIX FORTE CAPS BT/20;2006260;3525
TRES ORIX FORTE SP FL/100ML;2009873;2385
TRES ORIX FORTE SP FL/250ML;2009488;4490
TRESIUM COMP B/20;2002115;3150
TRETINEX 0,05% CR T/30G;8476788;2410
TRIAF 1G IM/IV PDR SOL INJ F/10ML;8418035;2000
TRIAF-S 1G/500MG IM/IV PDR SOL INJ;8466643;2615
TRIAFEMI CPR B/3X21;3589967;44950
TRIAFEN 325/200/30MG GEL B/2X12;1400718;1720
TRIALGAN 100MG/500MG/15MG CPR B/10;8484753;1350
TRIALGIC GEL B/24;8065708;1890
TRIAM DENK 40 INJ AMP/10;2275333;13805
TRIATEC 1,25MG CPR B/30;3643974;9675
TRIATEC 10MG CPR B/30;3615386;19315
TRIATEC 2,5MG CPR B/30;3644011;11740
TRIATEC 5MG CPR B/30;3644057;16905
TRIBAX 200MG/325MG/30MG GEL B/24;8813292;1135
TRIBIODERM PDE 1G S/144;8429174;13225
TRIBUMOL SOL BUV 60ML(IBUPRO.PARACE;9005128;955
TRIBUTINE 0,787% BUV F/250ML;8088069;2715
TRIBUTINE 150MG GEL B/20;8088023;3955
TRIBUTINE 150MG SACH B/20;8088046;3955
TRICEF 20MG/ML PDR BUV F/60ML;8439540;4655
TRICEF 400MG CPR PELL B/8(CEFIXIME);8439534;11020
TRICEFAL 200MG GEL B/12;9996840;6985
TRICOGYN 500MG CPR B/4;8239143;1544
TRICOGYN N 600MG CPR B/10;2268445;5265
TRICOZ LP 35MG CPR B/60;8070218;6230
TRIDESONIT CR.DERM.0,05% T/30G;3158575;1820
TRIELLA CPR PLAQ 1X21;3254913;1545
TRIELLA CPR PLAQ 3X21;3254936;2740
TRIETHANOLAMINE F/ 250ML;1836901;12680
TRIFED PLUS COMP B/20;2036605;1210
TRIFENE 200MG CPR B/20;2264039;1450
TRIFENE 20MG/ML SP F/200ML;8092993;1970
TRIFENE 400MG CPR B/20;8427413;1655
TRIFLUCAN 50MG GELULE B/7;3305510;13720
TRIGOPAX CR SOIN PROT.IRRIT.30GR;9663989;4375
TRILEPTAL 150MG CPR B/50;3535243;7655
TRILEPTAL 300MG COMP B/50;3535724;14295
TRILLERG 0,4/0,5MG/ML CY F/10ML;8438747;3470
TRIMEBUTINE BIOCARE 100MG CPR B/20;8079952;1685
TRIMETABOL PDRE SP FL/150ML;2029746;3400
TRIMETHOZINE SOL ORALE FL/1L;8105767;32665
TRIMETHOZINE SOLUT FL/100ML;6846910;4175
TRIMETRO-P 2/10% CR T/20G;18365;1790
TRIMOL 240MG/5ML SUSP BUV F/100ML;8440796;705
TRIMOL FORTE 960MG CPR B/10;8430728;705
TRINIPATCH 10MG/24H B/30DISP;9338073;11215
TRINIPATCH 5MG/24H B/30DISP;3380724;12805
TRINITRINE 10MG DISPOSITIF B/10;93562;13240
TRINITRINE 10MG/24H DISPOS/30 MYL- VIATRIS;3569775;17740
TRINITRINE 5MG/24H DISPO B/30 MYLAN;3569769;13485
TRINITRINE CAFEINEE DUBOIS 0,3MG;3108287;1385
TRINORDIOL COMP PLAQ 1X21;3008105;2050
TRINORDIOL COMP PLAQ 3X21;3280715;4915
TRIO A SOIN DEPIG.INTENS.30ML;4831465;28700
TRIO D SOIN DEPIGM UNIF 30ML;7505915;15095
TRIO WHITE SOIN NUIT INTESIL T/30ML;4000215;32390
TRIOGEST KIT;1695411;4130
TRIOPAS 100/325/15MG CPR B/20;8082227;4165
TRIOVARSAN 10MG/12,5/160MG CPR B/30;8494591;14600
TRIOVARSAN 10MG/25MG/160MG CPR B/30;8494616;14810
TRIOVARSAN 5MG/12,5MG/160MG B/30;8494585;14325
TRIOVARSAN 5MG/25MG/160MG;8494579;14535
TRIPLIXAM 10/2,5/10MG CPR B/30;8059346;23450
TRIPLIXAM 10/2,5/5MG CPR B/30;8059323;22760
TRIPLIXAM 5/1,25/10MG CPR B/30;8059257;16215
TRIPLIXAM 5/1,25/5MG CPR B/30;8059300;15870
TRIPURICIDE 1L;1110349;12350
TRIPURICIDE BID 5L;9303469;54145
TRISPORIN 125MG/5ML PDR BUV100ML ;8444742;5165
TRISPORIN 300MG CPR PELL B/10;8444759;4600
TRISULMIX INJ F/100ML;2860103;5975
TRISULMIX LIQ.F/1L MERIAL;9002093;21625
TRISULMIX PDR 1KG MERIAL;9004904;35125
TRISULMIX PDR SACH 100GR COOPHAVET;9025711;3885
TRISULMYCINE FORTE 100G;9023072;8880
TRISULMYCINE FORTE 120G;9025533;10030
TRISULMYCINE FORTE 500G LAPROVET;9026656;42560
TRISULMYCINE SACH 100G;9025527;2465
TRITAZIDE 10/12,5MG CPR B/28;8073352;9425
TRITAZIDE 10MG/25MG CPR B/28;8073317;10155
TRITAZIDE 5/12,5MG CPR B/28;8073323;5540
TRITAZIDE 5/25MG CPR B/28;2038426;8295
TRIVASTAL 20MG COMP B/30;3108608;2370
TRIVASTAL 50MG LP COMP B/30;3189067;9615
TRIVERAM 10/5/5MG CP PEL B/30;8442105;15220
TRIVERAM 20/10/10MG CP PEL B/30;8442128;22110
TRIVERAM 20/5/5MG CP PEL B/30;8442111;15980
TRIVIT-B CPR ENR B/20;8469825;3445
TRIZOLE SOL BUV 10ML(ALBENDAZOLE);8418408;775
TROFOCARD 121,5MG GR.SACH B/20 (FA);8003446;5825
TROFOCARD MAX 243MG GR SOL BUV B/12;8454321;4960
TROMPE DE FALLOPE 4CH GR;1122018;6540
TROPHICREME 0,1% CR VAG T/30G;3295533;7090
TROPHIGIL GELULE VAGI B/14;3154577;4480
TROPHIRES AD SUPPO B/8;3108790;1385
TROPHIRES CPSE AD SUPPO B/8;3108761;1385
TROPHIRES CPSE ENF SUPPO B/8;3108778;960
TROPHIRES ENF SP FL/125ML;3123660;1490
TROPHIRES ENF SUPPO B/8;3108809;970
TROPHYSAN GLUC BUV 10ML B/18;3108867;5070
TROSYD 1% CREME DERMIQUE T/30G;3267040;3340
TROUSSE D'URGENCE DM;15072026;9970
TROUSSE D'URGENCE(FIRST AID KIT) 40-PIECE;2051758;12275
TROUSSE MEDICALE;6089490;16500
TROUSSE PETIT MODELE;4189402;19945
TROUSSE SEC.20PERS/1 GILB.;8352922;43180
TROUSSE SEC.EXTERIEUR/1 GILBERT;8598586;20595
TROUSSE SEC.GILB FAMIL. 612836;8352916;37360
TROUSSE SECOURS ESSENTIEL /1;8352885;10650
TROUSSE SECOURS PRO 20P 612837;1563141;50490
TROUSSE SECOURS VIDE XXL;1415425;38500
TROYCAL 500/2,5MG CPR B/30(CA+D3);8029859;2755
TROYFENAC MR 50/4MG CPR B/20;8425466;3855
TROYPANTO LP 40MG CPR B/10;8062609;2095
TRULAC SUSP BUV F/5ML B/10;1400911;6890
TRUSOPT 2% CY 5ML;3385130;10670
TRYPADIM 2,36G SACH/10 UNITE;9036152;290
TRYPADIM 23,6G SACH/10 UNITE;9008807;2105
TRYPAMIDIUM 125MG SACH B/10 UNITE;9004287;890
TRYPAMIDIUM 1GR SACH B/10 UNITE;9025556;5600
TRYPODOX CV 200MG CPR PELL B/10;8028096;7470
TRYPTOCALM 500MG CPR B/30;6454002;11250
TTS PDRE POT 1KG;9050229;26000
TTS SACH 100GR;9050212;2595
TUBE A DOUCHE SANIPHARM 79260;6432479;4890
TUBE POMMADE 100G P/12 UNITE 30ML;6089254;1250
TUBE POMMADE 30G P/12 UNITE 22ML;8139915;970
TUBE POMMADE S/CAN ALU 22ML;7028898;780
TUBERSOL 10DOSES F/1;7110425;8830
TUBERTEST 1ML INJ F/10DOSES;3539550;9620
TUBES EDTA VIOLET P/100;9030528;10740
TUBES SEC ROUGE P/100;9032214;10740
TULLE GRAS CPRES 10X10 B/10 GRASSOLIND ;7118383;3360
TULLE GRAS CPRES 10X10 B/10 LOMAT;7892332;3725
TUMI GRIPE WATER SOL BUV F/120ML;8771205;2755
TUNOLOL 0,5% CY FL/5ML;2273676;2445
TURBODIET GEL DEFATIG T/80ML;7005207;4515
TURBODRAINE ANANAS 500ML F.PHA;6044660;11910
TURBODRAINE FRAMB.500ML FRTE PHARM;9639933;13520
TURBODRAINE MINC.500ML FORTE PHARMA;7938413;13520
TURBOVAS 10MG CPR B/30;8084404;7620
TURBOVAS 20MG CPR B/30;1186361;12810
TURBOVAS 5MG/75MG GEL B/30;870778;10950
TUSPEL PLUS SP F/100ML;8075635;2140
TUSPRESS SUSP BUV F/100ML;8075629;2025
TUSSIDANE SS 1,5MG/ML SP F/125ML;3798553;1790
TUSSIPAX SIROP FL/125ML;8016130;3040
TUSSIPHAN SP F/125ML;8014792;1680
TUSSISEDAL SP FL/125ML;3160508;2340
TUTICAVIR 0,5MG CPR B/30;8768189;48215
TUTINERVE-P 75MG/750MG GEL B/30;8776711;9640
TUVERS 200MG SUSP BUV F/10ML;8471897;565
TUVERS 400MG CPR B/10X3;8471880;12605
TWEEZ 200MG/5ML PDR SUSP BUV F/15ML;8493901;4670
TWICOR 10MG/10MG CPR B/30;3634900;25145
TWICOR 10MG/10MG CPR B/90;2713922;50250
TWINZOL 20MG/5MG SOL OPHTAL UND 0,2ML/30;8479539;6335
TWINZOL CY F/5ML (DORZOLAM.TIMOLOL);8008142;10005
TYLAP 20% INJ 100ML;6482359;3890
TYLODOX 20% 100G;9043034;4090
TYLODOX 20% 1KG;41601510;35500
TYLODOX PLUS 1KG;8552319;34505
TYLORAL PDRE 1KG;9010129;1795
TYLORAL POT 100MUI FR EXP;1115343;7595
TYLOSIN 20% KELA F/100ML;9043040;5110
TYLOSINE 20% GENEVET F/100ML;9043318;3070
TYLOSINE TARTRAT 1KG (FUT/15KG);9035626;57325
TYLOVET B200 F/100ML;1116548;2490
TYLOVET FORTE SACHET 100G;1116618;2980
TYLOVET FORTE SACHET 1KG;1116619;24820
TYMER 0,3% COLLYRE F/5ML;8078869;3735
TYSUTRIME 100G ;8276434;3550
TYSUTRIME WSP 1KG;9032651;35500
U-BIOTIQUE CR APPL CUT F/25ML;1252047;3035
U-BIOTIQUE GEL B/30;1238454;7500
U-FERTIL GEL B/90;1238492;35850
U-MORROIDE GEL B/30;1238478;7860
U-MORROIDE SPRAY F/30ML;1238522;5975
U-MYC GEL B/30;1238461;9000
U-PRANE GEL B/10;1238515;2950
UBENZOLE 400MG CPR B/1;8016420;760
UBIMOL PLUS 400/325MG CPR B/20;8009845;2150
UCAPHOSCAL 1L (BICALPHOS);9060765;5910
UCAVIT AD3E 1L;1006235;15690
UCETAXIME 1G PDR IM/IV LENTE B/50;8094199;22360
UCLAPRIM 200/40MG SP F/100ML;2026251;1760
UCLAPRIM FRTE 800/160MG CP B/10;2018501;1415
UCLAPRIM SIMPLE 400/80MG CP B/20;2018518;1430
UDACODYL 5MG CPR GASTRO RESIST B/30;8781155;4835
UDELOX PLUS SUSP BUV F/250ML;8781095;3590
UDEX 10% SOL APPLI CUTANEE F/200ML;8781161;1565
UDEXINE 40MG/320MG CPR B/12;8781126;2980
UDOCAL-D CPR EFFV B/20;8781132;3570
UDOFER 357MG SP F/200ML;8781184;3255
UDV FLASH COFF EDT100+DEO200ML;8570903;6935
UDV FOR MEN COFF EDT/100ML+DEO/200ML;8570895;6375
UDV NIGHT COFF EDT100+DEO200ML;8570932;6375
UDV SAPHIR COFF EDP/50ML+DEO/125ML;8570978;7035
UDV STAR COFF EDT100+DEO200ML;8570926;6375
UDV VARENSIA COFF EDP50+DEO125ML;8570949;6375
UDV VARENSIA WHITE COFF EDT 50ML+DEO125ML;8570955;6375
ULCAMEX SACH B/20;1763801;4530
ULCAR 1G COMP B/30;3144892;7065
ULCAR 1G SUSP BUV SACH B/30;3328391;8240
ULCIUM 40/30MG GEL B/20(PANTO.DOMPE;8082144;4850
ULCIZONE 20MG GEL B/14(OMEPRAZOL);2289789;2025
ULTIFLOX 0,3% COLL 5ML;1594021;3200
ULTRAFEN P 100/500MG CPR B/30;8439853;4685
ULTRALEVURE 250 SACH B/10;2010273;4050
ULTRALEVURE 50MG GEL B/20;8076310;2245
ULTRAPROCT SUPPO B/10;3110143;12350
ULTRAVIST 370MG/ML INJ F/100ML;3309100;32990
ULTREX SH DOUX US FQUENT 150ML;7020247;5480
ULTREX SH P GRAS ACT INT 150ML;7020201;6990
ULTREX SH P SCHE ACT INT FL/150ML;7020193;6420
ULTREX SH P SCHE ENTRET FL/150ML;7020218;6540
ULTREX SH.PELLIC.GRAS ENTRET 150ML;7020224;6540
ULZOCER 40MG CPR PELL B/28;8013031;5540
ULZOCER 40MG INJ B/1;8042038;5540
UMECLAV 1,2G PDR IM/IV LENT B/10;8009839;26795
UMEFLOX 200MG CPR ENR B/10;8017098;2615
UMETAC 50MG/2ML IM/IV AMP B/10;8094124;5280
UMEXIM 100MG GEL B/10 (CEFIXIME);8009851;5330
UMEXIM 200MG GEL B/10;8009868;4330
UMULINE NPH 100UI/ML F/10ML;4104220;50790
UMULINE PROFIL 30 100UI CAR.3ML B/5;3403945;43219
UMYC CR APPLI CUT F/25ML;1252054;3035
UNAJECT INJ NEC+SER B/1;2020403;9010
UNALFA 0,25MCG CAPS B/30;3484145;5340
UNALFA 1MCG CAPS B/30;3484151;11560
UNALFA 1MCG/ML GTTE BUV FL/10ML;3260842;8670
UNCADEP 600 PDR SACH 6,5G B/12;8399071;6000
UNGARD DIVA EDP V/100ML;8817083;60740
UNGARD DIVA EDP V/50ML;8817108;42985
UNGARD DIVA ROUGE EDP V/50ML;8817114;42985
UNGARD FOR HER INTENSE EDP F/100ML;8819797;25005
UNGARD FOR HIM EDT V/100ML;8819372;24325
UNICROM 2% CY FL/5ML;8016845;2785
UNIFED 2,5/60MG CPR B/20;1593591;1350
UNIFLOX 500MG CPR B/7;5312010;4725
UNIGENTA 0,3% COLLYRE FL/5ML;8022030;1100
UNIMER HYPERT.AD SPR 30ML;8392910;3030
UNIMER HYPERT.PED NAS SPR 100ML;8371931;4500
UNIMER ISOTON.PED NAS SPR 100ML;8371925;4880
UNIMER MOUCH BB PAR ASPIRAT B/1;8392838;4230
UNIMER SER PHYSIO DOSE/5ML B/12;8392844;1245
UNIMER SER PHYSIO.DOSE/5ML B/50;8392867;4100
UNISPIRA 3MUI CP PELL B/10;8001424;4245
UNIVIT SP F/125ML;8051741;1985
UNIZITHRIN 500MG GEL B/3;8001335;4025
UNIZITHRIN 600MG PDR SUSP F/30ML;8001306;2580
UNIZITRO 200MG SUSP BUV F/15ML;2292662;4355
UNIZITRO 200MG SUSP BUV F/30ML;2292679;5925
UNIZITRO 500MG CPR B/3;2292685;7055
UNODEX PLUS SP F/100ML;8428097;1915
UNOZIT 250MG CPR PEL B/6(AZITHRO);8017603;3580
UNOZIT 500MG CPR PEL B/3(AZITHRO);8017655;4990
UPERIO 100MG CPR B/28;1433221;19450
UPERIO 200MG CPR B/28;1433215;19450
UPERIO 50MG CPR PELL B/28;8462289;19450
UPRACID 20MG CPR B/10;8078473;2755
UPRACID 40MG CPR B/14;8076008;5510
UPRADONE 40/30MG GEL B/30;2298831;12430
UPRAJECT 40MG INJ B/1;8076072;6245
UPRAZOL LP 40MG CP B/10(PANTOPRAZOL;8079171;2510
UPSA C 1G COMP EFF B/10;3242904;1210
UPSA VIT C 500MG DOSE 10;351;3685
URADOX 2MG CPR B/30;8424314;6230
URAPIDIL 30MG LP GEL B/30 VIATRIS;202975;4815
URAPIDIL STRAG LP 30MG GEL LP F/30;3008286;3810
URBANYL 10MG COMP B/30;3181373;2980
URBANYL 20MG COMP B/30;3252073;4755
URBANYL 5MG CPR B/30;3172380;1990
UREE GRADE ACTIF 1KG COOPER;1842451;24980
URGO AMP 5,9X3,4CM B/5(TALON)DISCRE;4804451;2930
URGO AMP PANS 7,2X4,3CM B/5 (TALON);4804445;2565
URGO BRULURE PANS WATERP 10X7CM B/4;8564280;3945
URGO BRULURE TULLE 5CMX5CM B/6;4725183;3810
URGO CICATRICES CR T/40ML;9953658;12500
URGO EXTENS 1MX6CM BDE A DECOUPER;4724166;955
URGO EXTENS PANS ADH B/30;4724189;1310
URGO EXTENSIBLE PANS B/48;4724195;2610
URGO FILMO SOL CREV TAL FEND/7,5ML;2031878;3125
URGO FILMOGEL APHTES F/6ML;8316518;3180
URGO FILMOGEL B.FIEVRE F/3ML;8318500;4315
URGO FILMOGEL CREVASSE 3ML2;6208055;3995
URGO FILMOGEL DENTILIA GEL STYLO 10ML;8705160;3415
URGO FILMOGEL ONGLE ABIMES 3,3ML;4810718;7530
URGO LAVABLE PANS 6CM*10CM B/10;6018159;1200
URGO MULTI 20X72 POCH/20;8313827;1610
URGO PANS DOIGT CICATRIS RAPID B/8;8770016;1960
URGO PANS SPR F/40ML;8333126;3360
URGO PANS WATERPROOF B/20(AQUAFILM);4724232;1820
URGO PATCH CHAUF DECONTRACT 2;4598773;9720
URGO SOS COUPURE BANDE 2,5CMX3M/1;8597486;3945
URGO STRIP 100X6 SUTURE ADH/10;6382853;1485
URGO TULLE STERIL 8X8CM B/4;4725214;4050
URGOCOR CORICIDE B/12 REF7898;4460129;1405
URGODERM EXTENS 10MX10CM R1697;6521757;4320
URGODERM EXTENS 5MX10CM R1701;4436881;2590
URGODERM SPAR 10MX5CM 1696/1;6521740;2700
URGODERM SPAR 5MX5CM 1703/1;4436898;1780
URGOFIX AERE 1MX1CM R  3801;8239321;140
URGOPORE GEANT SPARAD2,5CMX9,14M DEVID/1;7065988;1325
URGOSRAPPING 2,50M X 8CM NU;7081639;3045
URGOSTART PA BORD 13CMX13 B/16;8131345;118200
URGOSTART PA BORD 13CMX13 UNITE;5402275;6640
URGOSTRAPPING 2,50M X 3CM NU;7081616;1805
URIAGE 1ERE SENT.EAU DE SOIN 100ML;4213951;21590
URIAGE 1ERE SENT.EAU DE SOIN 50ML;6039121;10185
URIAGE 1LAIT ;4213945;9505
URIAGE 1LAIT HYD APAIS 400ML;4323651;14200
URIAGE BARIEDERM CICA CR T/15ML;8717513;3185
URIAGE BARIEDERM CICA GEL F/200ML;6016195;10370
URIAGE BARIEDERM CICA SPF50+ F/40ML;1384221;8300
URIAGE BARIEDERM CICA T/40ML;6015250;6430
URIAGE BARIEDERM CR ISOL REP/75ML;7821929;10760
URIAGE BARIEDERM ONG FIS/CREV 40G;6016193;13255
URIAGE BARIEDERM STIC FIS/CREV 22G;2065073;9430
URIAGE BARIESUN SPF50+FLUI100 F/50ML;1517041;12440
URIAGE BB 1CR.LAV.500ML+1LAIT OFF;3400527;10410
URIAGE BB 1ER CHANGE CR T/100ML;5384241;6210
URIAGE BB 1ER LINIMENT OLEO F/500ML;8777892;14770
URIAGE BB 1ER LT HYD 500ML+ CR LAV 200ML;8613877;10240
URIAGE BB 1ERE CR LAVANTE 500ML;4454436;10125
URIAGE BB 1ERE CR LAVANTE F/1L;9646241;15345
URIAGE BB 1ERE EAU NET F/1L;8680052;15235
URIAGE BB 1ERE EAU NETT.F/500ML;7511749;10425
URIAGE BB 1ERE HUILE LAVANT F/500ML;8680046;12640
URIAGE BB 1ERE LAIT HYDR F/500ML;6021782;13695
URIAGE BB 1ERE LINGET.NETT P/70;6021788;4895
URIAGE BB 1ERE SENTEUR EAU DE SOIN F/50ML;6039125;10830
URIAGE BB CR LAV T/200ML;9953581;10030
URIAGE BB PANIER/1;8619207;24775
URIAGE CICACTIVE T/30ML;7543784;7295
URIAGE COLD CREAM ULTR-NOURR.75ML;7697197;7840
URIAGE CR LAV 500ML+LT VEL 200ML;1287021;8300
URIAGE CR LAV SOLIDE SAV/125G;8687143;3890
URIAGE CR LAV VIS&CORP T/200ML;7575643;7440
URIAGE CR LAVANTE 500ML;1587381;11220
URIAGE CR LAVANTE F/1L;4498942;16970
URIAGE CU/ZN+CR IRRIT 40ML;9530627;6430
URIAGE CU/ZN+GEL NETT 200ML;9530662;10370
URIAGE DEO PUIS 3 ROLL ON 50ML;7889703;6420
URIAGE DEPIDERM WHITE YX 15ML;8163776;9760
URIAGE EAU MICEL.TH.250ML PMG;8386938;8195
URIAGE EAU MICELLAIRE F/500ML;2956553;9620
URIAGE EAU TH CR MAINS F/50ML;7150777;4015
URIAGE EAU THERM.BAUM FOND P/200ML;6009887;9225
URIAGE EAU THERM.LAIT VELOUT.200ML;8518096;6400
URIAGE EAU THERM.LAIT VELOUT.500ML;8503539;13660
URIAGE EAU THERM.LT VEL+CR LAV500ML;4004704;12550
URIAGE EAU THERM.SPR 150ML;8317848;4890
URIAGE EAU THERM.SPR 300ML;6414748;7650
URIAGE GEL LAVANT MAINS F/500ML;34008429;6400
URIAGE GOM.INTEGRAL T/200ML;7729017;10830
URIAGE GYN PHY 200ML;1178912;4635
URIAGE HLE LAVANTE F/1L;8717542;19165
URIAGE HYDROLIPID EMU VIS 40ML;6062858;11860
URIAGE HYSEAC AI SOIN PG 40ML;8318196;7395
URIAGE HYSEAC EMULS MAT.40ML;8356191;8400
URIAGE HYSEAC FLUID SPF50+ 50ML;9961089;10150
URIAGE HYSEAC GEL NETT 500ML;1350141;13595
URIAGE HYSEAC GEL NETT DCE 150ML;8317877;7100
URIAGE HYSEAC K18 SOIN AHA 40ML;8348760;7550
URIAGE HYSEAC LOT DESINC.200ML;8356185;10935
URIAGE HYSEAC LOT TONIQ PURIF F/250ML;8587223;9350
URIAGE HYSEAC MASQ GOM T/100ML;4572070;6630
URIAGE HYSEAC MAT CR T/40ML;9940928;9290
URIAGE HYSEAC PAIN DERM 100GR;4393806;5390
URIAGE HYSEAC SERUM F/30ML;6361873;15820
URIAGE HYSEAC SERUM REN T/40ML;1516941;7490
URIAGE HYSEAC SPF50+ FL.50ML;8501173;9790
URIAGE HYSEAC TONIQ PUR F/250ML;1516951;10210
URIAGE HYSEAC3 REG.40ML SOIN GLOB;8501144;8755
URIAGE KERATOSANE 30 GEL-CR T/40ML;7582494;10850
URIAGE LAIT VELOUTE ETU FL/200ML;8175532;5555
URIAGE MAT 40ML+EAU NETT 100ML;8173912;7230
URIAGE PACK XEMOSE ;8773090;21085
URIAGE PAIN DERM.SURGR.PS 100G;6062864;5180
URIAGE SURG.LIQ DERMAT.1L;8175561;16600
URIAGE SURG.LIQ DERMAT.500ML;4242119;10190
URIAGE XEMOSE ANTI IRRIT DELIP CR F/400ML;8503864;18185
URIAGE XEMOSE BME OLEO AP/G.500ML;8671952;19465
URIAGE XEMOSE CR RELIP ANTI IRRIT T/200ML;8518104;10850
URIAGE XEMOSE CR RELIPID F/200ML;8518104;11040
URIAGE XEMOSE CR RELIPID.400ML;6004306;20540
URIAGE XEMOSE CR REP 400ML+HUI200ML;1286027;15170
URIAGE XEMOSE CR REPAR.MAIN 50ML;8518073;2745
URIAGE XEMOSE HLE LAV.AP.500ML;8527103;11740
URIAGE XEMOSE HLE NETT APAIS 1L;8145933;19345
URIAGE XEMOSE HLE NETT APAIS 400ML;2069906;9460
URIAGE XEMOSE LAIT EMOLL.500ML;8527095;16345
URIAGE XEMOSE SYND GEL NETT DX500ML;8701676;12185
URIAGE XEMOSE SYND.NET.DX 200ML;8518110;6900
URIDEAL AMP BUV B/20;3339213;6080
URINAL PLAST.FEM.1L;8239605;9205
URINAL PLAST.HOM.1L NON AUTOCLAVABL;8521419;9205
URINAL PLAST.HOM/FEM.AV.COUVERT;8002458;6500
URINOCOL  PED POCHE AV COUL FILLE ;7632217;5345
URINOCOL PED POCHE AV COUL GARCON;7632186;5345
URINOCOL PED.MIXTE (POCHE URINE PED;8254243;2350
URION 2,5MG COMP B/30;3331246;12860
URIPAIN CPR B/30;8631131;6635
URISTIX BANDELETTE FL/50;6145082;24140
UROCTAL 400MG COMP B/14;2019363;9365
UROFAST 3G GRANUL.BUV S/1;9001834;5790
UROSIPHON AMP BUV 10ML B/20;3364263;10595
UROSIPHON AMP BUV B/10;3110717;7680
UROSPIN CPR SEC B/30(SPIRON.+FUROSE;2270471;6130
UROTRATE 750MG COMP B/14;3164481;3725
UROX LP 10MG CPR B/30;8445150;13775
URSOLVAN 200MG GEL B/30;3234075;13065
URTIUM COMP B/20;2002121;2740
USHUAIA DEO ATO GRENADE 200ML;8310881;3335
USHUAIA DEO BAHIA ACAI ATO F/200ML;8564570;3190
USHUAIA DEO ORCHIDEE F/200ML;8402927;2500
USHUAIA DEO VANILLE F/200ML;8402910;3410
UTAG GEL B/30;1238508;8135
UTEPLEX 2MG AMP B/45;3376527;10910
UTEPLEX AMP.BUV.B/45 1 PLAQ/15;9039877;3640
UTERGIN 125CG CPR B/30;8418874;3060
UTERON 100MG CAPS B/30;8489472;3855
UTERON 200MG CAPS B/15;8489489;5510
UTEXO PILULIER 16 DRAGEES;6872480;4370
UTRIXONE 1G IM/IV PDR INJ+SOL/10ML;8010512;1375
UTROGESTAN 100MG CAPS B/30;3232751;6435
UTROGESTAN 200MG CAPS B/15;3483996;6640
UVEDOSE 100000UI AMP BUV 2ML;3322218;1350
UVEDOSE 50000 UI AMP 2MLX1;195642;2635
UVESTEROL ADEC SOL BUV F/10ML;2791595;1900
UVIMAG B6 AMP BUV 10ML B/20;3289679;4875
UZET 200MG/5ML SP F/15ML;8009816;3405
UZET 500MG CPR B/3 (AZITHROMYCINE);8010593;4920
V;8088980;6200
V-IMMUNE 5% SOL F/100ML;6112920;157905
VA;2920289;12225
VA-PEN SAVON;9014512;3550
VA-TEN SHAMP;2011812;4970
VAC ADACEL-POLIO 1SSA+2AIG;8023874;19285
VAC AVAXIM 160MG AD SER 0,5ML/1;3416652;27360
VAC AVAXIM 80MG PED SER 0,5ML/1;8096169;18145
VAC BOOSTRIXTETRA SER 0,5ML;3677387;19100
VAC CERVARIX 20/20MCG SER0,5ML+AIG;3816423;89780
VAC DULTAVAX DT POLIO SER+AIG;8068339;9645
VAC ENGERIX B10 ENF SER 0,5ML NG;3516709;13770
VAC ENGERIX B20 AD INJ SER 1ML;3516690;19975
VAC EUVAX B AD 20MCG INJ B/1;2297352;8405
VAC EUVAX B PED 10MCG INJ B/1;2291786;5250
VAC GARDASIL 9 SUSP INJ SER PRE 0,5ML+2AIG;3005620;120970
VAC HAVRIX 1440 HEP AMP INJ/1;3377946;12455
VAC HEXAXIM 0,5ML SER+2AIG SSA;8424780;30335
VAC HEXYON SUSP INJ SER PRER.0,5ML;2735036;48680
VAC INFLUVAC TETRA SER 0,5ML;3011771;14190
VAC MENACTRA ACYW135 IV 0,5ML AMP;8013551;37635
VAC MENCEVAX ACWY MONODOSE;8096821;6210
VAC NIMENRIX ACWY135 SER+AIG;8017520;36305
VAC PENTAXIM PDR SUSP INJ B/1;8039326;24205
VAC PERGOVERIS 300UI+150UI 0,48ML;3008921;150060
VAC PERGOVERIS 900UI+450UI 1,44ML INJ 1STY+14AI;89231;356190
VAC PNEUMO 23 AMP SER 0,5ML B/1;3243482;10495
VAC PNEUMOVAX S INJ 0,5ML;3004435;24740
VAC PREVENAR 13 INJ PNEUMO/POLYO;3990115;80280
VAC RABIQ VERO FL+SER 0,5ML B/1;8023615;11570
VAC REPEVAX SER+1AIG 0,5ML ;6873742;21750
VAC REVAXIS DTP AD SERING;8762933;8195
VAC ROR MMR SERING/1+AIG/2;3732821;19290
VAC ROR PRIORIX SER 0,5ML+2AIG;3513734;17740
VAC ROR SER 0,5ML B/1;3367362;8265
VAC ROTARIX BUV DOSE 1,5ML B/1;3902016;58540
VAC ROUVAX AMP+SER 0,5ML B/1;3092675;6500
VAC SHANVAC-B AD B/1 (BLEU);8059493;5165
VAC SHANVAC-B PED B/1 (VERT);8059470;4075
VAC STAMARIL SER 0,5ML B/1;3365883;13170
VAC SYNFLORIX SUSP SER 1DOSE;8099794;20695
VAC TETATOX AMP INJ IM 0,5ML B/1;2475002;5235
VAC TETAVAX SERING 0,5ML B/1;3104674;2535
VAC TETRAVAC ACE SER+2AIG 0,5ML;3687492;19635
VAC TETRAXIM SER 0,5ML B/1;8039332;11915
VAC TYPHERIX 25MCG INJ 0,5ML+2AIG/1;3508035;4540
VAC TYPHIM VI SER 0,5ML B/1;3315069;11020
VAC VARILRIX INJ PDR+SOL+SER;3627722;39155
VAC VARIVAX SERINGUE 0.5ML;3,40094E+12;28645
VAC VAXIGRIP PED SER 0,25ML B/1;8010943;6225
VAC VAXIGRIP TETRA SER 0,5ML B/1;3212990;10750
VACCINET PDR 15GR;1843812;950
VADEMECUM DENT BLANCHEUR T/75ML;7498339;2870
VADEMECUM DENT BLCH.CITRON 3X75ML;6422340;4710
VADEMECUM DENT.HOMEOPHYTOL 3X75ML;7000747;5860
VAGI-GH CAPS VAG B/12;8774936;5510
VAGI-GH CAPS VAG B/6;8774913;2755
VAGILEN 500MG OV B/10;2029284;2080
VAGIMILT CAPS VAG B/7(CLINDA.CLOTRI;8023785;3475
VAGIWASH SAV LIQ F/100ML;8523571;2910
VALACICLO  500MG CPR B/42 MYL/VIATRIS;3980915;38655
VALACICLO 500MG CPR PELL B/10 ZENT;3876537;11065
VALACICLOVIR 500MG CP B/10 VIATRIS/ MYL;3980890;8185
VALACICLOVIR 500MG CPR  PELL B/10 BGR;3876448;8185
VALACICLOVIR 500MG CPR B/42 BGR;8764604;28735
VALATEX CEINT OMBILICALE 45 50 PHARMALEG ;4560456;40200
VALATEX CEINT OMBILICALE 60 65;4907124;48180
VALATEX CEINT OMBILICALZ 50 55 PHARMALEG;4907123;40200
VALDA PAST BTE FER/60;3111154;1255
VALDA PAST DIET S SUCR B/60;8139453;1770
VALDA PAST DIET TAMARIN SS B/60;8561324;1260
VALDA PAST GINGEMBRE SS B/60;8511817;1730
VALEX 160MG CP B/30;8099570;16835
VALEX 80MG CPR B/30 (VALSARTAN);8099564;9670
VALIUM 10MG AMP INJ 2ML B/6;3111243;4250
VALIUM 10MG AMP INJ 2ML B/6 UNITE;9025757;260
VALIUM 10MG COMP B/30;3111272;3775
VALMAC 160MG CPR B/30;8068687;12430
VALMAC 80MG CPR B/30;8068693;8295
VALMAC-H 80MG/12,5MG CPR B/30;8448906;9645
VALMAC-H PLUS 160MG/25MG CPR B/30;8448912;12675
VALSAR DENK 160MG CPR B/28;8072625;7605
VALSAR DENK 320MG CPR B/28;8072631;10360
VALSAR DENK 40MG CPR PEL B/28;8074469;5540
VALSARTAN 40MG CPR B/30 MYLAN;2236451;4765
VAN CLEEF 1ST EDPV 60ML;8205204;45055
VAN CLEEF JEWEL GIFT R3855;8239901;36000
VAN CLEEF ORIENS EDP VAPO 50ML;8253781;33630
VAN CLEEF TSAR EDTV 100ML;8239947;42000
VAN CLEFF 1ST EDTV 100ML;8240117;39800
VANCOMYCINE 1G LYOP F/1 MYLAN;5625986;3180
VANIQA 11,5% CREME T/30G;3567003;50290
VAPCOZIN  1L;9015776;17750
VAPCOZIN F/100ML;26985;3550
VARIXINAL CPR B/30;8022573;8000
VARNOLINE CONTINU CPR B/28;3385383;11330
VARNOLINE CONTINU CPR B/3X28;3385408;34530
VARNOLINE CPR B/1X21;3254971;10050
VARNOLINE CPR B/3X21;3254988;29730
VAROSUN 10MG CPR B/10;9005134;9365
VAROSUN 20MG CPR B/14;9005140;12395
VAROXA 10MG CPR B/30;8747891;10330
VAROXA 15MG CPR B/30;1915411;12470
VAROXA 20MG CPR B/30;8747916;12400
VASCOR 20MG CPR B/60;2292716;5635
VASCOR 20MG GTTE F/60ML;2292722;5510
VASCOR LM 35MG CPR B/60;8015449;7990
VASELINE BLANCHE B/1K;6131772;13160
VASELINE CPF OFFIC.T/80G;3437306;1915
VASELINE OFFIC.T/45GR CPF;3437298;1475
VASELINE PDE T/100ML GILBERT;7470401;4665
VASELINE PDE T/50ML GILBERT;8564819;3195
VASELINE PURE MERCK 100ML;60266810;15410
VASELINE SALICYLEE 1% 60 G;90013510;2560
VASELINE SALICYLEE 10% 60 G;9001366;2945
VASELINE SALICYLEE 2% 60 G;9001343;2560
VASELINE SALICYLEE 5% 60 G;9001372;2945
VASELINE STERIL. PDE T/20GR CPF;3437275;1280
VASODILAX CR T/100ML;8236133;12535
VASOPIN 10MG CPR B/30;8492735;2065
VASOVISKS PDE POT/40G;8673744;5400
VASROS 20MG CPR B/30;8814713;7575
VASTAREL 35MG CPR LM BT/60;3572458;8885
VASTAREL 80MG LP GEL B/30;8451179;8855
VASTATOR 10MG CPR B/30;8076221;5250
VASTATOR 20MG CPR B/30;8076296;5675
VASTATOR 40MG CPR B/30;8090600;6325
VAXIPET P 1DOSE+DIL;9022796;2565
VAXIPET R 1DOSE;9642326;1560
VAXXITEK DILUENT STER.400ML UNITE;4035828;6515
VAXXITEK HVT+IBD AMP 1000DOSES;9020814;22420
VAXXITEK HVT+IBD AMP 2000DOSES;9030008;29090
VECTOCID 100ML USAG EXT;7490869;3530
VECTOCID 1L;924201;24930
VECTOCID 20ML USAG EXT;6159032;2105
VECTOCLOR 100ML;9333418;3550
VECTOCLOR PLUS 1L;6966324;28755
VECTOCLOR PLUS PO 500ML;6893915;6810
VECTRA 3D DOG 10-25KG UNITE;6613100;4360
VECTRA 3D DOG 25-40KG UNITE;6614105;4730
VECTRA 3D DOG 4-10KG UNITE;6612106;3820
VEET EXPERT CR DEPIL CORPS/JAMBE T/200ML;82071510;6105
VEGABIL M 20MG /10MG CPR ORODISP B/10;1245233;6240
VEGAFAN 80IM SOL INJ AMP 1ML B/6;8802590;2755
VEGAFAN 80MG/480MG CPR B/6;8802615;1350
VEGAMONT-L 10MG/5MG CPR B/28;8489963;4135
VEGAMOX 125MG/5ML PDRE BUV F/100ML;8802650;990
VEGAMOX 500MG GEL B/24;8802644;2520
VEGANAC PLUS 100MG/500MG CPR B/20;8489986;2730
VEGANINE COMP B/20;3246380;1520
VEGAPAR 30ML/ML SP F/100ML;1245193;1515
VEGAPAR PLUS 500MG/65MG CPR B/20;1679361;1640
VEGAXEM 500MG CPR B/20;8490009;2065
VEGEBOM BAUM SECOURS T/7,5G;8351638;830
VEGEBOM BAUME BB T/45G;8374042;3950
VEGEBOM BAUME SECOURS 100GR;8351615;4800
VEGEBOM BAUME SECOURS T/45G;8351621;2640
VEGEBOM BB CR HYD F/200ML;8751740;9530
VEGEBOM BB GEL LAV F/400ML;8751763;8840
VEGEBOM BB LAIT CORPS F/400ML;2242249;11595
VEGEBOM BB PACK MATERNITE P/1;8810307;36000
VEGEBOM BEBE LINIMENT F/500ML;8751786;8805
VEGEBOM CR ADC.T/40GR KARITE;6000183;2830
VEGEBOM CR TONIFIANTE T/40ML;4373815;3500
VEGEBOM FEM MOUS LAV INT F/150ML;2483164;7775
VEGEBOM GEL SECOURS  F/45ML;3410133;7170
VEGEBOM GEL SECOURS T/45ML;8374059;4170
VEGEBOM LAIT ADOUC KARIT/250ML;8379269;4740
VEGEBOM SAV PUR.PAIN 100G;8351644;2410
VEGEBOM SAV SURG KARIT.100G PSTS;8374036;2600
VEGEBOM SAV SURG TONIF.100G PN;8374013;2600
VEGELAX COMP DRAGEIFIES B/36;3111852;2140
VEGETARIAN DIGEST.ENZYM.B/50CP;9840285;13840
VEINAMITOL 3500MG AMP BUV B/10;3330494;11520
VEINAMITOL 3500MG SACH B/10;3364599;11675
VEINOBIASE CPR EFF B/30 (FA);3187565;7030
VELCADE 3,5MG INJ B/1;5649573;770000
VELITEN COMP B/30;3163346;4960
VELMETIA 50/1000MG CPR B/60;3867797;38500
VELPEAU POST-OPERATOIRE;9102233;9455
VELSO 100MG/400MG CPR PELL B/28;8438500;79225
VELSOF 400MG/100MG CPR B/28;8456685;158210
VENDOME GEL ARNICA T/50ML;8240554;1285
VENDOME PAIN PX SENS 100G;8240413;1460
VENEZIA PASTELLO EDT VAPO 50ML;9024350;37790
VENOFLEX CITY 2  CHAU ECOSS H NOIR T 4L;4272008;30405
VENOFLEX CITY 2 CHAU COT H NOIT T1L;4271888;28530
VENOFLEX CITY 2 CHAU COT H NOIT T2L;4271894;29140
VENOFLEX CITY 2 CHAU ECO H BEI T2L;8315996;23270
VENOFLEX CITY 2 ECOSSE NOIR T3L;4271983;30330
VENOFLEX CITY2 BAS H AG COTO NR T4L;4595941;43420
VENOFLEX INCOG.2 BAS CUIS F T4 NOIR;6006152;42125
VENOFLEX INCOG.2 CHAUS F T4L B.BRON;9635740;19930
VENOFLEX KOKOON 2 BAS AG F MIEL T2L;6030841;36250
VENOFLEX KOKOON 2 BAS AG F MIEL T2N P/0;5142911;34145
VENOFLEX KOKOON 2 BAS FEM T2 NR N;8363162;36815
VENOFLEX KOKOON 3 ABS PO L N T3;56072;42950
VENOFLEX KOKOON 3 ABS PO L N T4;56195;42950
VENOFLEX KOKOON 3 ABS PO N NOIR T4;56133;42950
VENOFLEX SECRET2 CHAUS F T3L CANNEL;4472629;22625
VENORUTON 300MG COMP B/20;2019647;4055
VENOSMIL 200MG GEL B/20;2027061;4105
VENOSMIL GEL T/60G;2027078;2785
VENTESYL SP F/100ML ;9001320;2550
VENTIPULMIN GLE B/500G VETO;6906380;98830
VENTODISK CPLT 7DISQ+1DISTRIB;3303014;7075
VENTOLINE 0,5MG INJ AMP 1ML B/6;3299293;2415
VENTOLINE 1,25MG SOL INH 20UNIDOSES;3657806;3535
VENTOLINE 100MCG AERO F/200DOSE;3443873;3955
VENTOLINE 2,5MG SOL INH 20UNIDOSES;8084947;4165
VENTOLINE 2,5MG SOL INH 60UNIDOSES;3532074;29275
VENTOLINE 2MG COMP B/40;3152271;2840
VENTOLINE 2MG/5ML BUV F/150ML;3185431;3380
VENTOLINE 5MG SOL INH 60UNIDOSES;3532111;16380
VENTOUSE OB STETRIQUE;250220262;153400
VEPRAN 150MG CPR B/28;8760199;8745
VEPRAN 300MG CPR PELL B/28;22930;8745
VERAX BLU BAIN BOUCHE FL 120ML;9023209;2310
VEREX 400MG COMP B/1;8030259;1000
VEREX 400MG SUSP BUV FL/10ML;8030265;1000
VERGETURINE CREME T/125ML;6639223;10050
VERGO 4% SUSP BUV F/10ML;8428973;930
VERGO 400MG CPR B/1 (ALBENDAZOL);8082552;930
VERIBEN 4% SUSP BUV F/10ML;8063709;1035
VERIBEN 400MG CPR B/1;8069787;1060
VERICLAV 100/12,5MG PDR SUSP F/60ML;9993617;3790
VERICLAV 100/12,5MG/5ML PDR SUSP BUV 60ML;8465454;3790
VERICLAV 250/31,25MG PDR SUSP/60ML;99993610;4945
VERIDIUM 125MG SACHET UNITE;9046021;740
VERIDIUM 1G SACHET UNITE;924170;4080
VERMI-PET CPR B/10;7639656;4440
VERMIKO-DOG B/10;9025792;3195
VERMIPRAZOL 10% 100ML;9042158;1995
VERMOX 100MG COMP B/6;8012385;1570
VERMOX 2% SUSP BUV FL/30ML;8012422;1995
VERMOX 500MG COMP B/1;8012333;1395
VERNIS ONGLE;9004784;3000
VERRULIA CPR SUCER B/60;3609641;7830
VERRUMAL 0,5G/10G/8G SOL F/13ML;8005824;4505
VERRUX CPR B30;8570487;4000
VERRUXIT AERO VERRUE F/50ML;4816738;9285
VERSACE COF MINIATUR H/F EDT B/5;8650878;22325
VERSACE DSQUARED2 WOOD F EDT VAPO F/100ML;8605501;39195
VERSACE POUR HOMME DEO STICK 75ML;8605079;12275
VERSACE V.UOMO EDT V 50ML;9023729;21595
VERSACE VERSACE L'H EDTV100ML;9023600;29880
VERSACE-COFFRET EROS F-EDP 100ML+GD 100ML;8674181;77205
VERSACE-COFFRET EROS FLAME-EDP 100ML+10ML+TROUSSE;8689774;68960
VERSINO CP B/10(DICLO+PARA+CHLOR+MG;8005540;2065
VERSUS F.EDT V 100ML;90229910;37720
VERSUS UOMO EDT VAPO 100ML 18600;9024309;32235
VERT DE METHYLE 25GR COOPER;7433311;73160
VERT MALACHITE OXALATE 100G;7433305;32210
VERTIREST 8 CPR PELL B/30;8789518;2615
VERULEX LOT ANTI-VERRUE 60ML;9025740;4725
VERYDIAG 10STRIP;9025763;52190
VERYL 4,9GR SACH B/10 UNITE;9011962;240
VERYL 49GR SACH B/10 UNITE;9037507;3880
VERZOL 400MG COMP B/1;2026179;995
VERZOL 400MG/10ML BUV STICK/20;8451825;19285
VERZOL SUSP BUV FL/10ML;2029640;995
VESICARE 10MG CPR B/30;3655167;19945
VESICARE 5MG CP B/30;3655150;18350
VESSIE A GLACE 20CM;8240637;16110
VESSIE A GLACE 28CM;6558708;20800
VETACOX S 100G SACH;9025852;5995
VETACOX S 1KG;9025869;40830
VETIPONTE E+SEL 500 BIDON 1L;9021802;11185
VETO ANTI DIAR PDR 12GR B/8;6850716;4930
VETOPHOS 1 LITRE;21574;4480
VETOPHOS 5 LITRES;11707;18310
VETOSPRAY 250ML;7118615;5095
VEXOL 1% COLLYRE F/5ML;3396286;5715
VEZI 500MG CPR B/3;8490015;4200
VEZI SUSP 200MG PDRE B F/30ML;8490021;2730
VIAGRA 100MG CPR B/4;3484317;13475
VIAGRA 50MG COMP B/4;3484263;9685
VIAGRA 50MG CPR B/1;3484257;5540
VIBRA 200MG CPR B/8;2017542;9480
VIBRAMYCINE N 100MG COMP B/10;3263421;5265
VIBRAMYCINE N 100MG CPR B/30;3559943;8650
VIBROCIL GTTE NASAL FL/15ML;2018381;2520
VIBROCIL SPRAY NAS F/10ML (FA);2018398;1995
VIBURNUM OPULUS 7CH GR;784094;1135
VICEREX GEL. B/24;2007437;59400
VICHY  DEO ANTI TR BILLE 50ML;5384376;10565
VICHY CAPI.SOL.ENF.SPF50+ 200ML;5379292;22600
VICHY DEO ANTI TRANSP H AERO 50ML;8378867;7935
VICHY DEO F SS SEL ALUM.STICK/40ML;8389807;7235
VICHY DERCO SHP APAIS S SULF 200ML;5395782;9860
VICHY DERCOS AMINEXIL ENERG.SH 200M;8389612;8290
VICHY DERCOS NEOGENIC 28 JOURS;5171858;102740
VICHY DERCOS NEOGENIC SH CHUT.200ML;8389635;10585
VICHY DERCOS SH A/PELL.NUTRI.200ML;8389581;13015
VICHY DERCOS SH NUTRI REPAR.200ML;8389606;8065
VICHY EAU THERM ATOMISEUR 150ML;8390207;5810
VICHY H ANTI TRANSP DEO BILLE 50ML;8389842;9135
VICHY H ANTI TRANSP DEO VAP/100ML;8389865;8160
VICHY H DEO BILLE 50ML PS;8389859;9850
VICHY H DEO ULT.FRAIS V/100ML NSFP;8389598;13015
VICHY H DEOD BILLE REGUL 50ML;4786523;6105
VICHY H GEL RASAGE F/150ML;7677415;5760
VICHY IDEAL BODY BAUME 200ML;8171379;17000
VICHY IDEAL BODY LAIT SER.400ML;8379016;18215
VICHY IDEAL BODY LAIT SERUM 200 ML;8172410;17000
VICHY LIFTACTIV SUPREM.CR 50ML PNM;8389983;34500
VICHY MIN 89 BOOSTER 50ML;6037670;24330
VICHY MINERAL 89 SER.50ML (FORT.REP;8544254;18390
VICHY NORMADERM 3/1 GEL NETT 125ML;8390035;9410
VICHY NORMADERM A-IMPERF STICK/1;8399504;6765
VICHY NORMADERM ASTR-PUR LOT/200ML;8390058;9780
VICHY NORMADERM GEL NETT PUR 200ML;8390041;9165
VICHY NORMADERM SOIN EMBELLI 50ML;9699237;12115
VICHY NORMADERM SOIN NUIT DEXT 40ML;6080218;18500
VICHY NORMADERM TONIQ ASTR.200ML;7803788;11440
VICHY PACK AMINCISSANT;8551188;45315
VICHY PACK IDEAL BODY 3 PDTS;2471608;40870
VICHY PACK STOP PX ORANGE 14JR;12587310;24800
VICHY PACK VENTRE PLAT;1258723;19700
VICHY PROEVEN MSSE NETT.ECL.100ML;8379080;8815
VICHY PUR THER DEMAQ 3EN1 LT F/200ML;8516393;4000
VICHY PURE THER.ECL.EAU MSS.NET.150;8390153;10275
VICHY PURE THERM DEM 3/1 LAIT 100ML;8390118;4345
VICHY PURE THERM DEM 3/1 LAIT 300ML;8390101;11235
VICHY SANS SEL ALU DEO BILLE 50ML;8389799;7220
VICHY STRUCTURE S AP/RASAGE 50ML;4636999;26740
VICK EXPECTORANT MIEL F/120ML;3495663;4935
VICKS INHALER TUBE/1ML;3112662;10130
VICKS PAST MENT.EUCAL.SACH/18;3112679;6105
VICKS PECTORAL SP FL/150ML;3535776;6100
VICKS VAPORUB POM POT/100G;3528196;18680
VICKS VAPORUB POM POT/50G;3528173;12030
VICKS VASOVICKS PDE POT/40G;8649177;5400
VICLINE 200MG CPR PELL B/10;8051729;1430
VICOMBIL 100% SP F/250ML;8451191;8275
VICOMBIL CPR P/60;8017419;3525
VICOMBIL FERRUM SOL BUV F/200ML;8462272;10385
VICOMBIL JUNIOR SP F/200ML;8017425;8055
VICRYL BOBINE 2/0 DEC 3 JV1206;8240844;6960
VICRYL D0,4 (8-0) 3/8C;2723671;7800
VICRYL D1 (5/0) CRB GENERIQ;9004755;2530
VICRYL D1,5 (4/0) C ETHICON;8477150;2530
VICRYL D1,5 (4/0) C GENERIQ;8266565;2150
VICRYL D2 (3/0) TR24 3/8C GENERIQ;8266571;2530
VICRYL D3 (2/0) CRB  GENERIQ;8266588;2530
VICRYL D3,5 (0) CRB GENERIQ;8266594;2530
VICRYL D4 (1) 1/2C GENERIQ;8266602;2530
VICRYL D4 (1) 2,50M ROULETTE;8240867;9170
VICRYL D5 (2) 1/2C TR 40;8266619;3685
VICRYL N0 DEC 3,5 VCP473;2255997;4560
VICRYL PLUS 2/0 DEC3/8 VCP586H;8123475;4590
VICRYL PLUS D2 (3/0) ROND VCP311;2293526;4560
VICRYL PLUS D3 (2/0) ROND VCP317;2292627;4560
VICRYL PLUS N1 DEC 4 VCP474;2292604;4720
VICRYL PLUS N2 DEC 5 VCP482;2292610;4700
VICTAN 2MG COMP B/30;2697784;2960
VICTOR EDPV HOM F/83ML;2920296;12225
VIDAGLIN 50MG CPR B/30;8488426;9645
VIDEX 150MG CAPSULE B/60;3437364;102050
VIDEX 50MG COMP B/60;5573829;34050
VIE FRAICHE EDC VIOLETTE 250ML;1299451;1280
VIFERON-B SOL BUV F/200ML;8454568;2340
VIFEX 1MG SIROP F/100ML;2292780;1600
VIG-RX FOR MEN CAPS B/10;9040159;5850
VIGA SPRAY MEN BLEU T/45ML;7627682;10000
VIGA SPRAY MEN NOIR F/45ML;9016787;10000
VIGAL 2X 1KG;9025987;25600
VIGAL 2X SACH 114GR;9025993;2630
VIGOSINE 1L;6612974;14440
VIGOSINE 5L;9026001;52140
VIKFLU 150MG GEL B/4;8471319;3855
VIKLEVO 500MG CPR B10;8005617;8375
VIKTHRO 500MG CPR B/3(AZITHROMICINE;8005652;4165
VIKVIT-C 1000MG CPR EFF B/20;8022484;2095
VILDAMET 50MG/500MG CPR B/30;1949901;11020
VILDAMET 50MG/850MG CPR B/30;1680991;11020
VILDARIL 50MG CPR B/30;8463900;7025
VILDARIL M 50MG/1000MG CPR B/30;8463946;7440
VILDARIL M 50MG/500MG CPR B/30;8463917;7165
VILDARIL M 50MG/850MG CPR B/30;8463923;7300
VILDOMET 50MG/1000MG CPR B/28;1239888;10330
VILDOMET 50MG/500MG CRP B/28;1239895;8955
VIMPAT 50MG CPR PEL B/14;8829570;6100
VIMPAT 50MG CPR PELL B/56;3882957;44985
VINCCEF 100MG/5ML PDR S BUV F/60ML;8735445;2755
VINCCEF DT 200MG CPR PELL B/10;8497595;1970
VINCISEPTIL OTICO GTTE AUR 5ML;8015343;1960
VINCRISTINE 1MG/1ML SOL INJ IV;90109010;20625
VINCRISTINE HOSP.2MG/2ML INJ UNITE;9302346;10775
VINORELBINE 10MG/ML PERF.5ML ARROW;5738213;49940
VIOLA ODORATA 9 CH GR;788100;1135
VIOLET GENTIANE 100G;7433363;67270
VIPERA REDI 7CH GR;1790091;1135
VIR 213 HB 1/H120 1000 DOSES ;9033691;3005
VIR 220 LASOLA/H120 1000 DOSES;9042081;3005
VIRAKIL NG 5L;9017835;55495
VIREAD 245MG CP B/30;3585001;174200
VIREXIL GEL B/30 (DESIR.PUIS.ENDUR.;8525268;11615
VIRGAN 0,15% GEL OPHT T/5G;3395128;15500
VIRIMAX EXPRESS GEL SACH/3 B/1;8018198;1840
VIRIMAX FEMININ GEL B/15;2268847;6395
VIRIMAX MASCULIN GEL.B/15;7659570;6400
VIRIMAX PERFOM.VITAL.AMP B/10;7898027;8410
VIRIMAX ULTRA TONIC AMP BUV B/5;8635637;5015
VIRIX GEL B/15;2269999;6570
VIRIX H AFTER SHAVE ICE FRESH 150ML;670611;2500
VIRIX H AFTER SHAVE MENT 150ML;670610;2500
VIRIX H CR A RASER MENTH 100ML;670609;1420
VIRIX H CR A RASER MENTH 200ML;670746;2665
VIRIX H CR RASER ICE FRESH 100ML;670608;1420
VIRIX H CR RASER ICE FRESH 200ML;670745;2665
VIRIX H GEL COIFF FIXAT FRTE 200ML;670817;2665
VIRIX H GEL COIFF ULT FORT 200ML;670818;2665
VIRIX H GEL DCHE POWER 250ML;670816;2515
VIRIX H GEL DCHE SPORT EXTR 250ML;670815;2515
VIRKON 1KG;9036324;24905
VIRKON ANTEC 50G;9023505;2850
VIRKON S 5KG;1005996;116180
VIRLIX 10MG COMP B/15;3302345;3060
VIROCID 10L;6889606;83870
VIROCID 5L;9055008;48150
VIROPHTA 1% CY FLAC/5ML;3266968;11835
VIRSIN 121L NEWCASLLE INJ 1000DOSES;9026567;15675
VIRUNET 1KG;1815;21470
VIRUNET 50G;1821;1140
VIRUNET 5KG;9036264;78245
VIRUNIL 100G;7914128;3410
VIRUNIL 1KG;8628548;20590
VIRUNIL 50G;7154060;1635
VISANNE 2MG CPR PELL EXP B/28;8064844;19025
VISCERALGINE 20MG SUPPO B/20;3112975;1630
VISCERALGINE 50MG CPR B/30;3112917;2165
VISCERALGINE 5MG INJ 2ML B/10;3112981;2340
VISCERALGINE FORTE SUPPO B/10;3112952;1460
VISCERALGINE FTE INJ 5ML B/10;3112923;3245
VISCERALGINE SP FL/150ML;3112969;1630
VISCID GEL SUSP BUV F/200ML;8050836;2645
VISCID SUSP BUV SACH/15ML B/20;8437529;3665
VISCODRIL SP F/100ML;8306098;2065
VISCOF 30/50/1MG SP F/100ML;8451742;2895
VISCOF S SP FL/100ML;8018703;2895
VISCON SUSP BUV 150ML;8160846;3100
VISCUM ALBUM TM 30ML;9001981;1550
VISIERES;8291439;4550
VISIODIS COLL FL/10ML;2252326;1100
VISION CPR B/30(VISIOSELEN RICHELE;7619004;30920
VISMED GEL OCUL LUBR UNID B/20;7993145;16705
VISMED GTTE LUBRIF.OCUL.B/20UNIDOSE;7493603;17865
VISMED MULTI GEL SOL OCUL 15ML;4748669;13405
VIT A DULCIS POM OPHT T/10G;3113443;5375
VIT A FAURE 150MUI CY FL/10ML;3386187;2825
VIT A FAURE COL 10ML;3386187;2825
VIT B DENK COMP B/100 (10BLIST/10);2295809;8250
VIT B12 0,05% CY B/20 UNID HORUS;3672987;6700
VIT B12 0,2MG CY B/10 UNID CHAUVIN;3673018;11245
VIT B12 0,5% CY F/5ML HORUS;3113437;7050
VIT B12 1000MG INJ AMP B/6;3113638;5000
VIT B12 FER GERDA SP FL/180ML;3113615;2230
VIT B12 GERDA CP B/24;3113644;5510
VIT B12 INJ/BUV 4ML B/6 1AMP UNITE;9026099;355
VIT B12 STEROP 1MG AMP INJ B/10;3434644;1990
VIT C 500MG 10BL10 CROQ CREAT;8015580;3995
VIT C 500MG INJ AMP 2ML B/25 TM;2293271;2750
VIT DELA B12 1000SOL INJ AMP B/6;1710509;4040
VIT K1 10MG/1ML BUV INJ 5X1ML;3483022;9325
VIT K1 2% GTTE FL/10ML ROCHE;3114023;1930
VIT K1 2MG/0,2ML AMP B/1 NRS;3486463;6375
VIT LIPOSOMALE 810MG SANTE VERTE;5203232;13800
VITA C 1000 CPR EFF B/10;8015550;1045
VITA C LIQUIDE SUSP BUV F/1L;1003503;6785
VITA NUIT POM OPHTA T/5G;669931;12415
VITABACT 0,05% COLLYRE F/10ML;3227980;5815
VITABOLUS FORTE 50 BOLUS;9028856;9230
VITABOOST FORTE 1KG;8626756;17750
VITABOOST FT 150G;90467210;3690
VITACAC 1G PDRE SOL BUV SACH/10;8450323;1575
VITACALCIUM SACHET B/10;1763731;2725
VITAFACT DHA PLUS GEL B/30;8544136;9625
VITAFACT JR MULT GOM B/30;8476699;4305
VITAFACT SP F/200ML;1644451;2900
VITAFER 45MG CAPS B/30;8079834;2725
VITAFER FORTE SP F/200ML;8079774;3580
VITAFLASH 1KG;9026053;10300
VITAFLASH 5KG;90260610;56055
VITAGEN GTTE BUV F/25ML;8428967;1380
VITAGEN INJ AMP 10ML B/5;8065944;3720
VITAJECT 100ML;9060280;4580
VITAL PROT BEAUTY COLLAG B/271G;486448;53870
VITAL PROT MARINE COLLAG B/221G;5892656;52375
VITALAE ESS 1 LAIT PDRE B/400G;8743628;4615
VITALAE ESSENTIAL 2 LAIT PDRE B/400G;8743634;4615
VITALITE 4G ULT BOOST CPR EFF B/20 FORT PH;6103166;9930
VITAMAX CAFE CITRON SS B/10;9048965;12390
VITAMAX DBLE SHOT COFFEE S/10;9012826;12390
VITAMAX DBLE SHOT HONEY S/10;8664745;12390
VITAMEC 1% F/50ML;9021618;3595
VITAMIBIANE GELULES B/90;9026171;18000
VITAMIN'22 ACER.1000  CPR CROQ B/24;4121605;10390
VITAMIN'22 SPECIFIC HOM GEL B/60;8347878;12575
VITAMINE 22 ACEROLA 1000 CRP CROQ B/24;4121605;8235
VITAMINE AD3E INJ;9220111;4965
VITAMINE AD3EK+C 1L LAPROVET;9026165;19810
VITAMINE AD3EK+C 5L;9040107;88180
VITAMINE C 1G CPR EFF B/20 GALENICA;8080932;2340
VITAMINE C PUR SACHET 100G;4445940;1520
VITAMINE C SOL FL/50ML INJ VETOQUI;6869101;2950
VITAMINE D 80MG CPR B/90 VITAVEA;2050769;12766
VITAMINE E FORTE 400MG GEL/20 ;8218052;3155
VITAMINE E SELEN 100 5L;9052228;49650
VITAMINE E SELEN 100 BUV 1L;9045004;17255
VITAMINE K PDR SACH 100G;9026136;6095
VITAMINOL B IM/IV AMP 2ML B/12;8430734;860
VITAMINOXY 100G;7056392;3550
VITAMINOXY 1KG;5140935;19170
VITAPEROS 100G;11819;6590
VITAPETINE GEL B/16;8309599;4380
VITAPETINE SIROP F/125ML;2297688;4660
VITAPLEX SP F/200ML;8435938;2400
VITAPLUS SACH 100G;9023830;1465
VITAPRED 20MG CPR ORODISP B/20;8424604;4645
VITAROS CREME 300UG B/4UNIDOSE;2754387;50260
VITASCORBOL 500MG SS CPR B/2X12;3354164;2615
VITASCORBOL 500MG SS CPR T/12;3354158;1310
VITASCORBOL B.CPR EFF B/20 CPF;5600031;8700
VITASCORBOL C 500 CPR A CROQ T/24;2145;5160
VITASCORBOL MULTI JR CPR B/30;6408386;8025
VITASCORBOL VITC 1G CP EFF B/20;3324370;3880
VITASEPTINE CY FL/15ML;3114690;1200
VITASOL SP F/150ML (MULTIVIT.);8523163;1495
VITASOLE+SELEN PLUS 1L;90015810;14200
VITASUCRE+MORINGA PDR 400GR;8388156;2225
VITASUCRE+MORINGA PDR 800GR;8388162;4270
VITASURE ADEC PLUS 1L;9002064;17750
VITAVI AD3E SOL BUV F/1L;9003980;5765
VITAVI AD3EB6 SOL BUV F/1L;4228214;15250
VITAVI AD3ECK SOLUT FL/1L;6958655;9185
VITAVI K3 F/1L;21610110;5830
VITAVISION FORTE CPR B/30;8398522;7545
VITAVIT SIROP F/100ML;2038685;2440
VITAVIT VIT D/CA GOMMES B/60;8514626;4030
VITAZINC COLLYRE FL/10ML;3351958;1110
VITCOCAL PLUS CPR B/30;8734138;6840
VITCOFOL SP F/200ML;8502824;3005
VITFOR GEL B/30 (B-CPLEX+ZN+VITC);8398893;2315
VITFOR SP F/200ML;8398901;2725
VITOL 140AD3E F/100ML;9002058;2685
VITRY CIS ONGL DRT;6121851;11010
VITRY PINCE ACHARDE FR082;6122052;1820
VIVACHEK INO BANDELET B/50;4500509;15000
VIVACHEK INO LECT GLYCEMIE;7450054;20000
VIVAGEST CAPS B/30 (DESIR GROSS.ALL;8517702;8035
VIVELLEDOT 75MCG/24H P/8;3585863;8315
VIVELLODOT 100MCG/24H P/8PATCHS;9967991;4610
VIVIRON PLUS SP F/250ML;8470142;4070
VNETTE F/100ML;6981503;3220
VOGALENE 0,4% GTTE BUV FL/30ML;3114968;1835
VOGALENE 10MG AMP INJ 1ML B/10;3114945;3475
VOGALENE 15MG GELULE B/20;3205441;5280
VOGALENE 5MG SUPPO B/10;3649793;1120
VOGALENE 5MG/5ML SOL BUV 150ML;3171481;2755
VOGALENE LYOC COMP 7,5MG B/16;3331625;3570
VOGALIB 7,5MG LYOPH OR SS PL/8;3634828;14580
VOKA HUILE FOR MEN 35ML (SUPERMAN);9016801;8450
VOLINI GEL DERM TUB/30G;2276433;1505
VOLTANATURA GEL MASS PLANTES BIO T/50ML;1510;11455
VOLTAREN-OPHTABAK 1MG/ML 10ML;3668224;8565
VOLTARENE 0,1% COLLYRE 20 UNIDOS;3386862;9680
VOLTARENE 0,1% COLLYRE UNID PL/5;6176680;1900
VOLTARENE 100MG SUPPO B/10;3221434;3390
VOLTARENE 12,5MG SUPPO B/10;8083988;2230
VOLTARENE 25MG COMP B/30;3189529;2770
VOLTARENE 50MG COMP B/30;3235117;5485
VOLTARENE 75MG 3ML INJ AMP B/5;8454350;4820
VOLTARENE ACTIGO 1% GEL FL/50ML;3593147;8640
VOLTARENE ACTIGO 1% GEL T/60G;3723035;9035
VOLTARENE ACTIGO 140MG EMPL S/5;3028731;17070
VOLTARENE ACTIGO 2% GEL INT T/30G;2740758;9230
VOLTARENE ACTIGO INTENSE 2% GEL/30G;2740758;7985
VOLTARENE DOLO 12,5MG CPR B/10;5502404;1225
VOLTARENE EMULGEL 1% FL PRESS.100ML;3589513;3535
VOLTARENE EMULGEL 1% GEL F/100G;7230582;4040
VOLTARENE EMULGEL 1% T/50G;3288697;2250
VOLTARENE LP 100MG COMP B/15;3246049;6145
VOLTARENE LP 75MG COMP B/20;8015797;6420
VOLTARENEPLAST 1% EMPLATRE ACTIGOX7;287323;20400
VOLTARENPLAST 1% B/5 EMPLATRE;3942234;17080
VOLTFAST 50MG PDR BUV SACH B/30;8473979;4890
VOLTFAST 50MG PDR BUV SACH B/9;8090971;3500
VOMIOFF-S SOL BUV F/30ML;8068664;1750
VOMIOFF-S SOL BUV GTT F/5ML;8068658;1410
VOTREX 50MG CPR B/20;8052427;1270
VOTREX LP 100MG CPR B/10;8052456;995
VOV SPRAY SOL APPL LOC  F/55G;5537173;4175
VOVGEL GEL T/30GR;8091752;1750
VOVNAC 100MG CPR B/30;8063135;4165
VOX LANCETTE STER B/200;8307146;18300
VRUNIL 100G;1094061;4020
VULKAN 1L QALIAN;4013301;12035
VULKAN 5L QALIAN;4012572;52975
WAAM BASE BAUME DEMAQ 100ML;1830491;11590
WAAM BASE GEL NETT F/400ML;1458731;7130
WAAM HLE ARGAN BIO F/75ML;1805461;13530
WAAM HLE BUSSEROLE F/75ML;1832881;9750
WAAM HLE CAROTE F/75ML;1815381;7480
WAAM HLE MOUTARDE F/75ML;1827941;5970
WAAM HLE NIGELLE F/75ML;1804151;9750
WAAM SAV ILLUMINATEUR 80G;1874571;6790
WALGREENS ORIGINAL INTERDENTAIRE;1712571;6530
WARIMAZOL 1% CR DERM.T/20G;8028601;2080
WARIMAZOL 200MG CPR VAG.B/3;8028593;2660
WATERPICK CANULE DE RECHARGE;9003402;3360
WATERPICK HYDROPUL JET MULTIP /1;6159925;2740
WATERPICK HYDROPULS VOYAGE WP450;4807550;127610
WATERPICK JOINTS DENTEES;9000332;820
WATERPICK JOINTS/RECHANGE;4657725;560
WATERWIP PACK SAV+2LINGETTES;1629281;8160
WATERWIPES LING NETT BB PAQ /4X60;8692109;17060
WATERWIPES LINGETTE 2+1 OFFERT;1787001;9340
WATERWIPES LINGETTES BB B/60;6023954;3865
WDA SAUGE GEL GINGIVAL B/30ML;6206462;6550
WEE BB  BIB VERRE 280ML 141;9710141;7425
WEE BB 2 CUILL.NOUR. PR BB BJ 494;9013719;1915
WEE BB 5 CUIL.TRANS.BB A LONG MANCHE 1000;9120266;3440
WEE BB 5 CUILL.TASS TRANS BJ566;4921566;3475
WEE BB ACCROC.TET+FIGURI.AN.909;9710909;2605
WEE BB ACCROC.TET+FIGURINE 903;9710903;2210
WEE BB ACCROCH TET+DECOR. 901;9710901;1300
WEE BB ANNEAU DENTIT.859;9710859;2620
WEE BB ASPIRATEUR NASAL R895;7108953;3490
WEE BB ASSIET AV COUVERCL;60516;5150
WEE BB ASSIET NOURRIT 3PC BJ546;4921546;3930
WEE BB ATTACHE TETINE 913;9710913;2495
WEE BB BIB CLASS PP SIL 250ML 852;7108522;3495
WEE BB BIB EAU EXERCICE 778;9710778;2750
WEE BB BIB PP 270ML AV MANCH 745;9710616;4190
WEE BB BIB PP 270ML+MANCHE R745;7107451;3985
WEE BB BIB PP MANCH 150ML 790;7107907;3490
WEE BB BIB PP MANCH 250ML 791;7107913;4020
WEE BB BIB PP WIDE NECK AV MANCH 250ML 138;9031580;4460
WEE BB BIB VERRE 125ML 877;90299410;2995
WEE BB BIB VERRE 250ML R876;9710876;3665
WEE BB BIB VERRE MINI 30ML 792;9710792;2710
WEE BB BOL AVEC COUVERCLE 7000;9036011;4230
WEE BB BROSS LAV BIB 106;9711106;3170
WEE BB CLASSIQ. PP BIB TET SIL 125ML 851;9019515;2770
WEE BB CLASSIQ. PP BIB TET SIL 250ML 852;9029991;3345
WEE BB CORDE DE BIBERON;60628;1865
WEE BB COTON TIGE B/100 905;9710905;1000
WEE BB COTON TIGE B/200 906;9710906;1420
WEE BB COTON TIGE SEC.894 B/60;9710894;1355
WEE BB COUPE ONGL NN 118;9711118;1905
WEE BB COUPE ONGL NN 888;9710888;2470
WEE BB COUSSIN.D'ALLAIT.P.A.D 132;90302810;3585
WEE BB CUILLERE TOURNANTE;62001;2270
WEE BB CUILLERE TRANSP.A LONG.MANCH;60309;4190
WEE BB CUILLERE+FOURCHETTE R134;7101342;2270
WEE BB DISTRIBUTION DU LAIT;60605;5500
WEE BB ENS SUC ET ACCROCHE 0-6MOIS 371;9031597;2710
WEE BB ENS SUC ET ACCROCHE 6-18 MOIS 372;9120289;2870
WEE BB ENS.CUILL.FOURCHET.BB;61042;4105
WEE BB ENS.SOIN PR BB BLEU 192;9710192;18340
WEE BB ENS.SOIN PR BB ROSE 191;9710191;18340
WEE BB EPONGE BAIN 850;71085010;2010
WEE BB FOURCHET.& CUILLERE P/6;62202;3405
WEE BB GOURDE A EAU DE BB 169;9052412;3905
WEE BB GOURDE AVAEC PIPETTE 761;9005246;4220
WEE BB JEU 2CUILL BB SIL 122;7111228;2930
WEE BB JEU 3CUILL BB 123;7101230;1945
WEE BB JEU POIGNEE/BROSS NN R803;7108031;3580
WEE BB LINGET.KIWEE 121 P/56;9710121;1570
WEE BB LINGETTE 125 P/64;7101253;2185
WEE BB LINGETTE HUGGLO 100;1300387;1315
WEE BB LINGETTE KIWEE P/64 R130;7101307;1835
WEE BB MALLETTE DE TRANSP.AV CUILL;60031;3230
WEE BB ORTHO DROP SHAPE 6-18M 830;9033188;1595
WEE BB PLAT NOURRIT ENF DBL C.886;7108864;6980
WEE BB PROTEGE BIB BJ500;4921622;5940
WEE BB SIL DENTIT.COLO.201;9710201;2880
WEE BB SILICONE DE DENTITION 912;21367;2685
WEE BB SUC AV COUVERCL 6-18MOIS 375;9032266;1990
WEE BB SUC NUIT 0-6M R783;9710611;1875
WEE BB SUC NUIT 6-18M 784;9033194;1750
WEE BB SUC ORTH.BUTTERFLY 6-12M 159;7101595;1745
WEE BB SUC ORTH.CANDY 0-6M R111;7111116;1660
WEE BB SUC ORTH.CANDY 6-18M R112;7111122;1700
WEE BB SUC ORTHO BUTTER 0-6MOIS 158;9031539;1515
WEE BB SUC ORTHO DROP SHAPE +18M 109;6243353;1635
WEE BB SUC ORTHO DROP SHAPE 6-18M 830;8275765;1595
WEE BB SUC SIL COUV POIGN 782;7107824;1830
WEE BB SUC SIL COUV POIGNEE 781;7107818;1750
WEE BB SUC SIL ORT PATT. TRP-836;9710836;1705
WEE BB SUC SIL ORTH PATT.TRP 837;9710837;1790
WEE BB SUC SIL ORTH.0-6M R855;9710855;1705
WEE BB SUC SIL ORTH.PATT.0-6M 833;9710604;1635
WEE BB SUC SIL ORTHO PAT. 6-18M 834;9110256;1675
WEE BB TASSE APPRENT.240ML 775;9710775;3425
WEE BB TASSE AV PIPETTE 896;9710896;5150
WEE BB TET A JUS +6M 207;9710207;3300
WEE BB TET BIB DEBIT F.0-6M 866;9710866;1050
WEE BB TET DEBIT REG.6-18M.821;9710821;1135
WEE BB TET SIL ORT DEBIT F.875;9710875;1155
WEE BB TETINE SUCET.NN 161;9710161;2490
WEE BB THERMOM.DIGITITAL 0301;6390003;3845
WEE BB TIRE LAIT PRATIQ R752;9710752;16730
WEE BB VANIA HUGGLO 10PCS HG11;7108930;630
WEGOVY 0,25MG FLEX INJ STYLO SC 1;3025620;254525
WEGOVY 0,5 MG FLEX INJ STYLO SC 1;3025637;292545
WELEDA HLE MASSAGE MINC.100ML;4273864;24470
WELEDA HUIL CALENDULA F/100ML;4270280;14570
WELEDA HUIL REGEN.GRENADE 100ML;4200003;26560
WELEDA HUILE CORPS CITR.FL/100ML;6694995;13370
WELEDA HUILE DYNAM ARGOUSIER 100ML;7684148;9280
WELEDA HUILE HARMON.ROSE MUSQ.100ML;6022698;9250
WELEDA HUILE MASSAGE DOUC F/200ML;4358477;16380
WELEDA HUILE RELAX LAVAND/100ML;7760033;17700
WELEDA HUILE REVIT.ONAGRE F/100ML;6022706;14540
WELFIL 10MG CPR PEL.B/4 (TADALAFIL);8445977;3100
WELFIL 20MG CPR PEL.B/4;8445983;3375
WELLA-COLOR MOTION+SH CHEVEUX COLORS&ABIME-F/250ML;820490;12365
WELLA-INVIGO NUTRI-ENRICH-CON;928823;11335
WELQUINE 750MG CPR B/10(LEVOFLOXA.);8417691;8435
WELVIT PLUS CAPS B/30;8016466;4200
WHITE LEAF EMULS ECLAIRC 40ML;8629105;20950
WHITE LEAF SERUM ECLAIRC 30ML;8629080;21810
WILLIAMS MOUSS/RAS MENTHOLEE;6049266;2285
WINODRYL SIROP F/100ML;8748620;2065
WORMIN 100MG CPR B/6;2037697;1155
WORMIN 100MG SUSP BUV 30ML;2037711;1210
WORMIN 500MG CPR B/1;8018838;360
WOU B/500G (VETO);9026509;9010
WYMLY 25MG CPR B/30 (ALAFENAMIDE-TENOV);1280841;17905
X FERON 500MCG/7,5MCG/11MG SPF/200ML ;8497253;1095
X PREP PDRE ORALE 5G SACH/1;3239776;4585
X-PLENDED 10MG CPR B/30;1582041;4340
X-PLENDED 5MG CPR B/30;1582031;3950
XALACOM COLLYRE FL/2,5ML;3576025;11850
XALATAN 0,005% CY F/2,5ML;3438406;10195
XALOPTIC COLL 0,005% F/2,5ML;8491374;10470
XANAX 0,25MG CPR B/30;2644490;2790
XANAX 0,50MG CPR B/30;3264455;4135
XANTERNET 0,4ML GEL UNID B/20;8450748;13775
XARELTO 10MG CPR PEL B/10;3883827;13805
XARELTO 15MG CPR B/14;2192251;19315
XARELTO 20MG CPR PELL B/14;2192297;19315
XATRAL 2,5MG CPR B/30;3301601;8720
XATRAL LP 10MG CPR B/30;3511066;24080
XATRAL LP 5MG COMP B/56;3366173;25695
XELIPROST 10MG CPR B/10;9001337;3860
XELODA 500MG CPR B/120;3657462;186005
XENETIX 350 INJ F/50ML;3377113;14105
XENICAL 120MG B/84 1 PLAQUET;9004844;19415
XENICAL 120MG GEL B/84 ;3478096;104800
XENID 75MG IM AMP 3ML B/2;3302569;1185
XERIN 5/10MG CPR B/10 (LEVOC./MONTE;8417716;3185
XEROLAN FLD EMOL.REPAR.APAIS.SPR150;6004996;8055
XEROLYS 10 EMULS H R C F/200ML;8511869;11060
XEROLYS 10 EMULS PTS CORP 500ML;7924517;23440
XEROLYS 30 E PEAU R F/100ML;8511875;10295
XEROLYS 30 SOIN EMOLL T/100ML;81475;11245
XEROLYS 5 EMULS PS VIS/CORP 500ML;7924492;16980
XEROLYS 50 CR T/40ML;4514701;11810
XEROQUEL LP 50MG CPR B/10;4973952;11550
XEROQUEL LP 50MG CPR B/30;4973969;33320
XGAIN LUBRICATING GEL T/75ML;8235978;3535
XGEVA 120MG/1,7ML SOL INJ;1725384;240125
XIGDUO 5MG/1000MG CPR B/60;2788676;42700
XL POWER L APHRODISIAQUE 4EN1 B/10;8595205;17460
XLS MEDIC CAPT GRAIS CP B/60;9754775;43540
XLS MEDIC REDUCT APPET.CP B/60;9754781;40160
XLS MEDICAL EXTRA FORT B/120;3595896;131150
XLS MEDICAL FORCE 5 B/180 CAPS;245026;71510
XLS MEDICAL REDUCT.GRAISS 150CP;9024973;32000
XOLA COLL F/5ML;8078881;7745
XOLAMOL COLL F/5ML;8078898;10445
XONADINE 120MG CPR B/10;8440572;2315
XONADINE 120MG CPR B/30 (FEXOFENADI;8053059;2965
XONADINE 180MG CPR B/10;8440589;3045
XONADINE 180MG CPR B/30;8053071;4230
XONE 1GR PDR INJ F/10ML(CEFTRIAXONE;8098240;2305
XYDOL GYN 100MG CPR PELL B/20;8072714;3680
XYKAA EXTEND 1000MG CPR B/20;8425437;3030
XYKAA PLUS CPR B/20;8422829;2275
XYKAA RAPID 500MG CPR B/20;8425414;1035
XYLAR 500MG CPR PELL B/14;8013338;11735
XYLIX 5MG CPR B/15(DICHLOH.LEVOCETI;8077930;3000
XYLO-ACINO 0,05% SPR NAS F/10ML;9000734;1365
XYLO-ACINO 0,1% SPR NAS F/10ML;9999859;1680
XYLOCAINE 0,5% SS  CONSERV SOL INJ 5MG/ML;4215063;2675
XYLOCAINE 1% INJ F/20ML SS CONSERV.;3422397;2330
XYLOCAINE 2% GEL URETRAL SERING;3634461;4250
XYLOCAINE 2% INJ F/20ML SS CONSERV.;3422405;1830
XYLOCAINE 5% NAPH SOL EXT F/24ML;3115270;7875
XYLOCAINE 5% NEBUL.T/20GR;3229938;28090
XYLOCAINE ADREN 1% FL 20ML B/1;3115212;3980
XYLOCAINE ADREN 2% FL 20ML B/1;3115241;3885
XYLOCAINE VISQ GELEE T/100G;3115376;2250
XYLOMEX 0,005% GTTES NASAL F/10ML;8466873;1380
XYLOMEX 0,1% GTTES NAS 10ML;8466896;1380
XYLOPROCT POM T/20G;2000211;2725
XYLOPROCT SUPPO B/10;2000228;3165
XYRA 150MG GEL B/28 ( PREGABALIN);8479025;17010
XYRA 75MG GEL B/28 ( PREGABALIN);8485534;9820
XYZALL 5MG CPR B/14;3585024;6105
Y;82416910;22180
YALACTA FERMENT YAOURT 4GX2;8241230;6720
YANG CHUN GEL B/6;8009673;13435
YEKAFER PLUS SP F/200ML;1237839;3675
YEMAY KIT B/4;8796501;3720
YENDOL N SACH B/10;8479278;3180
YMEA MENOP.SILHOUET GEL B/64;2017128;30530
YODAFAR 200MG CPR B/50;8445486;3390
YODAFAR 300MCG CPR B/50;8058855;3815
YODOCEFOL 200/400/2MCG CPR B/28;8431432;2755
YOHIMBE MAX CAPSULE B/12;2223017;6060
YOKO FEMININE SAV TOIL INTIM 80G;90224710;2960
YR BRUM.PARFUM.PECHE/ANIS F/100ML;559859;14780
YR BRUM.PARFUM.VANIL/BOURBON 100ML;557234;14780
YR CRAYON KHOL NOIR;5678907;5320
YR EAU FRAICH.CHEVREFEUIL.100ML;539897;20000
YR EDC FRAIC.VEGET.CHEVREF.125ML;9722114;26540
YR HAMAMELIS 2/1 DCHE 300ML;9719052;3870
YR HAMAMELIS LAIT APAIS.390ML;576467;15925
YR HAMAMELIS LAIT DCEUR CORP 300ML;501363;8590
YR HAMAMELIS MAXI DCHE F/500ML;9018504;8850
YR HAMAMELIS MAXI LAIT F/500ML;9039937;17360
YR RIDE & LIFTING JOUR 50ML;8247415;43460
YSL L'H.EDTV100+GEL/D50+BAUM.AP.R50;8243179;92655
YSL L'HOM EDTV100+GEL DCH100ML;8248515;60000
YSL-L'HOMME-EDT+10ML;2202020;85510
YSL-MON PARIS -EDP 90ML+EDP 10ML+LC 50ML;8252942;127685
YSL-OPIUM-EDP VAPO 90ML+EDP 10ML+LC 50ML;8247473;124595
YSL-PARIS-EDT VAPO 125ML;3165463;112535
Z-COLD CPR B/80;8440201;5000
Z-COLD JR SP F/100ML(RHUM/GRIP TX);8466531;1200
Z-COLD SP FL/100ML;2471899;1230
Z-COT 10MG CPR B/30;8498382;8265
Z-COT 15MG CPR B/30;8498376;11020
Z-COT 20MG CPR B/30;8498353;13775
Z-ZOLE 4GR SUSP BUV F/10ML;8022449;1255
ZABEN 400MG CPR B/1;8034702;700
ZADITEN 1MG/5ML SOL BUV FL/150ML;3244895;13655
ZADITEN LP 2MG CPR B/30;3369214;9310
ZALAIN 300MG OVULE B/1;8062288;4300
ZALASTIN 0,1% SOL SPR NAS.F/15ML;8438121;3885
ZALDIAR 37,5/325MG CPR B/20;3585691;3975
ZALERG 0,25MG/ML CY B/30UNIDOSES;3560774;4760
ZALERG 0,25MG/ML CY F/5ML(ZADITEN);9363098;5535
ZALERGONIUM 0,25MG/ML CY (ZADITEN);3560745;10925
ZAMOX 100/12,5MG PDR BUV F/30ML;8089749;3280
ZAMOX 100/12,5MG PDR BUV F/60ML;8089761;4590
ZAMOX 1000/125MG SACH B/12;8089695;5265
ZAMOX 1000/125MG SACH B/16;8089703;6300
ZAMOX 500/62,5MG SACH B/12;8089732;3680
ZAMUDOL LP 100MG GEL B/10;8001944;5485
ZAMUDOL LP 100MG GEL B/30;3465432;8900
ZAMUDOL LP 50MG GEL B/10;8001915;2920
ZAMUR 500MG CPR B/10 (CEFUROXIME);2289832;10360
ZANEXTRA 20/10MG CPR PEL.B/30;3859674;13995
ZANEXTRA 20/20MG CPR PEL B/30;3000546;13995
ZANIDIP 10MG CPR B/30;3722596;12910
ZANIDIP 20MG CPR SEC B/30;3722863;5575
ZARONTIN 250MG/5ML SP 200ML;3250795;12375
ZEBEN 2% SUSP BUV F/20ML;8042280;650
ZEBEN 400MG CPR B/1;2283829;790
ZECLAR 250MG COMP ENROB B/60;3364731;64735
ZECLAR 250MG CPR B/10;3340311;8420
ZECLAR 25MG/ML PDR SP F/100ML;3456545;6090
ZECLAR 500MG CPR B/14;3382806;7195
ZECLAR 50MG/ML PDRE SP F/60ML;3478529;12385
ZEFFIX 100MG CPR B/28;3519671;118080
ZEFLET PDR SUSP BUV 100ML(CEFIXIM);2474043;5635
ZELITREX 500MG CPR B/10;3417083;18515
ZELITREX 500MG CPR B/42;3384449;53405
ZEMCLAV 1000MG/125MG CPR B/14;8488337;6200
ZEMFER 60MG/1MG SIROP F/200ML;8477871;2755
ZEMFORTE 100MG/325MG/15MG CPR B/100;8491084;20665
ZEMKACIN (AMIKACIN) 250MG INJ B/1;1934541;2330
ZEMTOUX SIROP F/150ML;8663177;2100
ZENALIA CPR SUBLING B/30 BOIRON;3609670;6930
ZENAVAN 50MG GEL T/40G;2292797;3625
ZENCOFER 50/5MG SP F/200ML;8433112;3000
ZENCOFER GEL B/30;8469624;2500
ZENDIUM DENTIF KIDS 1-6ANS T/75ML;6486908;3670
ZENDIUM DENTIF PROT.CPLETE 75ML;6196116;5160
ZENDIUM DENTIF SENSIBL.75ML;6196240;3550
ZENIAC LP FORT SOIN KERATO T/30ML;4831979;16560
ZENMAG GEL B/32;8361306;4310
ZENTEL 400MG COMP B/1;8485758;1875
ZENTEL SUSP BUV FL/10ML;8485764;2065
ZENTREK 2,5MG SIROPF/100ML;8476854;3235
ZENTREK 5MG CPR B/20;8492623;3580
ZEPOTIL 200MG CPR PEL B/10(CEFPODOX;8020396;5540
ZEPOTIL 50MG/5ML PDR BUV/60ML;8020427;5540
ZEPOTIL DT 100MG CPR DISP B/10;8020410;4850
ZERIT 30MG GEL B/56;3413352;83600
ZERIT 40MG GELULE;3413375;149585
ZERO BACTERIA MSSE MAIN F/250ML;4598537;4230
ZERODOL 100MG CPR 3BL10;2294276;5540
ZERODOL 100MG CPR B/10;2294282;2095
ZERODOL P CPR 1BL10;8086202;2235
ZERODOL P CPR 3BL10;8082807;6230
ZERODOL-CR 200MG CPR LP B/10;8086171;4025
ZERODOL-CR 200MG CPR LP B/30;8086188;11740
ZEROKRIM CH 20 TABLETS;9017396;7100
ZEROVER 100MG/5ML SIROP F/30ML;8451038;995
ZEROVER 500MG CPR B/1(MEBENDAZOL);8440218;495
ZESTORETIC CPR B/30;37153720;7150
ZESTRIL 20MG COMP B/28;3299904;6220
ZESTRIL 5MG COMP.B/28;3299910;5760
ZEXIM 100MG/5ML PDR BUV 30ML;8003311;5785
ZEXIM 400MG GEL B/5 (CEFIXIME);8003334;5815
ZEXIM DS 200MG/5ML PDR BUV 30ML;8003328;6295
ZIBACT 500MG CPR PELL B/3;8477865;3775
ZICLAV 1G/125MG CPR PEL B/16;8425762;7030
ZICLAV 250/31,25MG PDR BUV 60ML;8429352;3530
ZICLAV 500/62,5MG CPR B/16;8425779;5225
ZICLAV 500/62,5MG PDR BUV 60ML;8425785;3840
ZIFAR 10MG CPR B/14;8065329;1465
ZIFLUSEC KIT 1G/1G/150MG CPR B/4;8475530;3445
ZIG-ZAG TROP.LIM.AMER.LOT.SPR/100ML;8385459;4070
ZIMAKS 100MG/5ML PDRE SUSP F/50ML;8445836;8265
ZIMAKS 400MG CPR PELL B/10 (CEFIXI);8445842;9920
ZIMAX 500MG CPR B/3 (AZITHROMICINE);153531;3995
ZIMEX 1G IM/IV PDR INJ+SOLV 10ML/1;8435849;3800
ZIMOR 20MG GELULES B/14;2262968;2855
ZIMYTRON 500MG CPR DIS B/3;9003000;2760
ZINC 15MG CPR B/30;8079716;2830
ZINC 1MG/ML INJ F/10ML B/10 AGUETTANT;3341442;27550
ZINC NHCO GEL B/84;6112822;13180
ZINC SULFATE 1KG;7433713;35720
ZINCO 20 SUSP BUV F/100ML;8492646;3890
ZINNAT 125MG GLES SUSP FL/40ML;3340328;3930
ZINNAT 125MG SUSP FL/80ML;3340357;6945
ZINNAT 250MG CPR B/8;3312148;6820
ZINNAT 750MG IM/IV INJ B/1;8062236;3525
ZINVIT 1000MG/10MG CPR EFFV B/20;8731826;2895
ZIOMYCIN 500MG CPR B/3;8486611;3085
ZIPIME 1G IM/IV PDR+SOLV B/1;8061716;6325
ZITHROMAX 200MG PDR BUV 22,5ML;2025263;7950
ZITHROMAX 200MG PDR BUV F/15ML;2025286;5305
ZITHROMAX 250MG CP MONODOS B/4;3517778;8675
ZITHROMAX 250MG CPR B/6 (PFIZER);3517732;9225
ZITHROMAX 500MG COMP B/3;2268853;10870
ZITHROPHINE 500MG CPR B/3;3680219;5000
ZITHROSUN 500MG CPR B/3;1590001;1730
ZITHROTIL 500MG CPR PELL B/3;8075718;4135
ZITMYC 500MG CPR B/3;2476920;2755
ZITRAM 100MG AMP 2ML B/5;8094940;2935
ZITRAM SR 100MG CPR B/20 (TRAMADOL);8092154;2840
ZOCIN 200MG/5ML SP F/15ML;8018086;2660
ZOCIN 250MG COMP B/6;2277958;7000
ZOCIN 500MG COMP B/3;2277088;5540
ZOCON 200MG CPR B/2 UNITE;9010023;2700
ZOCON 200MG CPR B/5X2;8065312;10500
ZOCOR 20MG CPR B/28;3676689;6385
ZOEGAS 20MG GEL B/14 (ESOMEPRAZOL);8423214;6175
ZOETIS AE VAC 1000DOSES;90217210;7510
ZOFLOX 750MG CPR B/10;2297949;7465
ZOLADEX 10,8MG IMPLANT INJ B/1(SERI;3396381;196200
ZOLADEX 3,6MG IMPLANT INJ B/1(SERIN;3293267;82455
ZOLEDRO-DENK 4MG/5ML SOL PERF.5ML;8068121;57390
ZOLINE 500MG CPR B/10(LEVOFLOX.);8064577;6915
ZOLIR M 500MG/0,3MG CPR B/30;8730181;6870
ZOLMITRIPTAN BGR 2,5MG CPR B/6;4924712;9320
ZOLMITRIPTAN BIOG 2,5MG CPR  B/12;4924729;13785
ZOLOFT 25MG GEL B/7;3556206;3875
ZOLOFT 50MG GELULES B/28;3403419;7000
ZOMAX 200MG/5ML BUV F/15ML;8052597;3240
ZOMAX 300MG/7,5ML BUV 22,5ML;8052605;4270
ZOMAX 500MG FCT CPR B/3;2297702;3820
ZOMETA 4MG SOL PERF F/5ML;3618769;181955
ZOMIG 2,5MG CPR B/12;3544309;15400
ZOMIG 2,5MG CPR PELL B/6;3445398;11840
ZOMIG ORO 2,5MG CPR DISP B/12;3533665;12755
ZOPAN 250MG CPR B/100 (AC.MEFENAMIQ;8022403;7605
ZOPAN 250MG CPR B/100 BL/10;9001260;765
ZOPAN DS 500MG CAPS B/100;8097677;10015
ZOPRANOL 30MG CP B/30;1291231;10190
ZOPRANOL 7,5MG CPR PELL BL B/12;8435134;1515
ZOPRAZIDE 30/12,5MG CPR PELL B/30;8435128;10195
ZOSTRA 10MG CPR B/30;8734339;13820
ZOVATIN 20MG CPR SEC B/30(SIMVASTAT;8424254;6325
ZOVIRAX 200MG CPR B/25;3270817;22925
ZOVIRAX 200MG/5ML BUV F/125ML;3341138;31325
ZOVIRAX 250MG IV F/1;3260687;12305
ZOVIRAX 5% CR DERMQ T/10GR;3284618;10850
ZOVIRAX 5% CR DERMQ T/2GR;3284601;6960
ZOVIRAX 500MG IV F/1;3363938;35300
ZOVIRAX 800MG CPR B/35;3341121;52455
ZOVIRAX POM OPHT T/4,5G;3253954;7170
ZYBAN LP 150 MG CPR B/60;5751492;116200
ZYBUCA (ACETATE D'ABIRAT) 250MG CPR B/120;8552259;1300000
ZYLET 0,5/0,3% SUSP OPHT F/5ML;8470171;8015
ZYLORIC 100MG COMP B/28;3259833;1615
ZYLORIC 200MG COMP B/28;3272727;2525
ZYLORIC 300MG COMP B/28;3222959;3240
ZYLTAN 50MG CPR B/30 (LOSARTAN K);8092208;5070
ZYLTAN AM 50/5MG CPR PELL B/30;8416504;6325
ZYLTAN H 50/12,5MG CPR B/30;8091433;5485
ZYMA D 10MIL UI GTT BUV 10ML;3535836;3350
ZYMA D 2MIL UI AMP BUV 2ML;3584964;1960
ZYMA D 80MIL UI BUV AMP 2ML;3535813;3000
ZYMADUO 150UI SOL BUV NN 12ML;3478050;4075
ZYMADUO 300UI SOL BUV NN 12ML;3481069;4990
ZYMAFLUOR 0,25MG COMP B/200;3191199;2045
ZYMAFLUOR 0,5MG CPR B/100;3408948;3260
ZYMAFLUOR 1MG COMP B/100;3274241;2370
ZYNOCET 0,5MG/ML SOL BUV 100ML;8449975;3445
ZYNOCET 5MG CPR B/20;8650157;3445
ZYROVA 10MG CPR B/30;8491115;9475
ZYROVA 20MG CPR B/30;8491167;12385
ZYRTEC 10MG COMP B/10;3361359;4615
ZYRTEC 10MG CPR SECA B/15;3299442;6905
ZYRTEC GTTE BUV.10MG FL/15ML;3417700;3020
ZYRTEC SOL.BUV.F/60ML;3330198;3035
ZYRTECSET 10MG CPR BT 7;3646168;10900
ZYTIGA 500MG CPR B/56;2480967;776220
ZYTIGA 500MG CPR B/60;76279;1542685
ZYTO 500MG CPR B/3;1255376;5166
